timestamp,open,high,low,close,volume
2025-10-30 00:00:00,0.0162,0.01626,0.01605,0.01624,19786345
2025-10-30 01:00:00,0.01623,0.01629,0.01604,0.01618,18753681
2025-10-30 02:00:00,0.01619,0.01638,0.01612,0.0163,9296305
2025-10-30 03:00:00,0.0163,0.01631,0.01609,0.01615,12543457
2025-10-30 04:00:00,0.01615,0.01616,0.01542,0.01561,85497988
2025-10-30 05:00:00,0.01563,0.01598,0.01555,0.01592,28788480
2025-10-30 06:00:00,0.01592,0.01598,0.01576,0.01589,16413663
2025-10-30 07:00:00,0.01588,0.0161,0.01586,0.01604,9312347
2025-10-30 08:00:00,0.01603,0.01604,0.0158,0.01582,11546930
2025-10-30 09:00:00,0.01581,0.01585,0.01566,0.0157,11883241
2025-10-30 10:00:00,0.0157,0.0158,0.0156,0.01566,12635470
2025-10-30 11:00:00,0.01566,0.01574,0.01559,0.01559,12739938
2025-10-30 12:00:00,0.0156,0.01565,0.0151,0.0153,62776151
2025-10-30 13:00:00,0.01529,0.01536,0.01486,0.01492,57484346
2025-10-30 14:00:00,0.01493,0.01506,0.01486,0.01494,33054281
2025-10-30 15:00:00,0.01494,0.01499,0.01453,0.0147,89330697
2025-10-30 16:00:00,0.01471,0.01482,0.0146,0.01468,21734968
2025-10-30 17:00:00,0.01467,0.01467,0.01425,0.0145,53429086
2025-10-30 18:00:00,0.01451,0.01454,0.01426,0.01435,19075151
2025-10-30 19:00:00,0.01435,0.01445,0.01423,0.01435,24159359
2025-10-30 20:00:00,0.01434,0.01463,0.0143,0.01456,32286841
2025-10-30 21:00:00,0.01457,0.01471,0.01454,0.01468,17930902
2025-10-30 22:00:00,0.01467,0.01476,0.01465,0.01476,16400305
2025-10-30 23:00:00,0.01476,0.01492,0.01472,0.0149,17543320
2025-10-31 00:00:00,0.01491,0.01504,0.01485,0.01501,20317665
2025-10-31 01:00:00,0.01502,0.01519,0.01498,0.01518,18299116
2025-10-31 02:00:00,0.01518,0.01519,0.015,0.01507,19688954
2025-10-31 03:00:00,0.01508,0.01518,0.01505,0.01516,9548734
2025-10-31 04:00:00,0.01516,0.01538,0.01516,0.01532,17797370
2025-10-31 05:00:00,0.01532,0.01532,0.01521,0.01524,9504250
2025-10-31 06:00:00,0.01525,0.01527,0.01513,0.01518,10524777
2025-10-31 07:00:00,0.01517,0.01522,0.01509,0.01517,16839452
2025-10-31 08:00:00,0.01517,0.01523,0.01507,0.01521,8241359
2025-10-31 09:00:00,0.01522,0.01527,0.01515,0.01516,8795584
2025-10-31 10:00:00,0.01517,0.01528,0.0151,0.01512,24738627
2025-10-31 11:00:00,0.01512,0.01532,0.01506,0.01531,13492185
2025-10-31 12:00:00,0.01531,0.01534,0.01513,0.01514,14311498
2025-10-31 13:00:00,0.01514,0.01529,0.01508,0.01524,19206183
2025-10-31 14:00:00,0.01525,0.01532,0.01513,0.01528,19686159
2025-10-31 15:00:00,0.01528,0.01539,0.01517,0.01519,28046655
2025-10-31 16:00:00,0.01519,0.0152,0.01467,0.01471,43410697
2025-10-31 17:00:00,0.0147,0.01477,0.01451,0.01469,30654799
2025-10-31 18:00:00,0.0147,0.01489,0.01463,0.0148,22499437
2025-10-31 19:00:00,0.0148,0.01513,0.01472,0.01508,21748921
2025-10-31 20:00:00,0.01507,0.01509,0.0148,0.01481,17265424
2025-10-31 21:00:00,0.0148,0.01484,0.01474,0.01482,8452238
2025-10-31 22:00:00,0.01483,0.0149,0.01481,0.01485,5648207
2025-10-31 23:00:00,0.01485,0.01499,0.01483,0.01497,7973855
2025-11-01 00:00:00,0.01496,0.01512,0.01489,0.0151,18168110
2025-11-01 01:00:00,0.0151,0.01516,0.01498,0.01498,20580371
2025-11-01 02:00:00,0.01499,0.01518,0.0149,0.01516,15254423
2025-11-01 03:00:00,0.01516,0.01531,0.01515,0.01527,7840200
2025-11-01 04:00:00,0.01527,0.01529,0.01514,0.0152,8284088
2025-11-01 05:00:00,0.0152,0.01525,0.01513,0.01519,8493093
2025-11-01 06:00:00,0.01519,0.01535,0.01514,0.01534,10170570
2025-11-01 07:00:00,0.01534,0.01573,0.01526,0.01564,48994591
2025-11-01 08:00:00,0.01564,0.01602,0.01554,0.01598,51786901
2025-11-01 09:00:00,0.01597,0.01623,0.01586,0.01603,68077813
2025-11-01 10:00:00,0.01604,0.01638,0.01604,0.0162,74145203
2025-11-01 11:00:00,0.0162,0.01628,0.01606,0.01615,26919603
2025-11-01 12:00:00,0.01615,0.01668,0.01611,0.01662,77475980
2025-11-01 13:00:00,0.01662,0.01674,0.01634,0.01646,51806480
2025-11-01 14:00:00,0.01647,0.01652,0.0161,0.01637,52423284
2025-11-01 15:00:00,0.01637,0.01672,0.01631,0.0167,38445724
2025-11-01 16:00:00,0.0167,0.01691,0.0166,0.01666,54006142
2025-11-01 17:00:00,0.01665,0.01744,0.01662,0.01708,232001486
2025-11-01 18:00:00,0.01708,0.01711,0.01688,0.01701,61584877
2025-11-01 19:00:00,0.01701,0.01718,0.01691,0.01693,36414591
2025-11-01 20:00:00,0.01692,0.01706,0.01685,0.01696,29436331
2025-11-01 21:00:00,0.01696,0.01718,0.01679,0.01679,27975882
2025-11-01 22:00:00,0.0168,0.017,0.01678,0.01691,14704193
2025-11-01 23:00:00,0.0169,0.01697,0.01687,0.01695,14544017
2025-11-02 00:00:00,0.01694,0.01703,0.01684,0.01686,26623099
2025-11-02 01:00:00,0.01685,0.01704,0.0168,0.0169,23008670
2025-11-02 02:00:00,0.01689,0.01704,0.01682,0.01682,21296707
2025-11-02 03:00:00,0.01682,0.01701,0.01681,0.01691,15352348
2025-11-02 04:00:00,0.0169,0.01748,0.01687,0.01738,49908452
2025-11-02 05:00:00,0.01739,0.01769,0.01731,0.0175,67240793
2025-11-02 06:00:00,0.01748,0.01836,0.01745,0.0178,335206120
2025-11-02 07:00:00,0.0178,0.01852,0.01771,0.01805,186825347
2025-11-02 08:00:00,0.01806,0.01833,0.01794,0.01811,97076289
2025-11-02 09:00:00,0.01812,0.01824,0.01782,0.01806,110178769
2025-11-02 10:00:00,0.01806,0.01844,0.01776,0.01828,113330350
2025-11-02 11:00:00,0.01828,0.0189,0.01827,0.01871,162749024
2025-11-02 12:00:00,0.0187,0.0193,0.01854,0.01879,242666087
2025-11-02 13:00:00,0.01879,0.0188,0.01802,0.01808,153027555
2025-11-02 14:00:00,0.01809,0.01829,0.01691,0.01708,214731237
2025-11-02 15:00:00,0.01708,0.01779,0.01698,0.01767,121363201
2025-11-02 16:00:00,0.01767,0.01786,0.01736,0.01776,69001937
2025-11-02 17:00:00,0.01777,0.01794,0.0176,0.0177,41807727
2025-11-02 18:00:00,0.01771,0.01774,0.01741,0.01742,35373360
2025-11-02 19:00:00,0.01743,0.0175,0.01731,0.01743,37352643
2025-11-02 20:00:00,0.01742,0.01757,0.01732,0.01746,26101861
2025-11-02 21:00:00,0.01745,0.01767,0.01744,0.01757,20611143
2025-11-02 22:00:00,0.01757,0.01762,0.01732,0.01741,21861802
2025-11-02 23:00:00,0.01742,0.01791,0.01742,0.01783,30054384
2025-11-03 00:00:00,0.01783,0.0179,0.01736,0.01739,30236206
2025-11-03 01:00:00,0.01739,0.01748,0.01712,0.01714,27490992
2025-11-03 02:00:00,0.01715,0.0172,0.01687,0.01702,48524113
2025-11-03 03:00:00,0.01702,0.01706,0.01628,0.01637,101505205
2025-11-03 04:00:00,0.01637,0.01638,0.01603,0.01631,78163668
2025-11-03 05:00:00,0.01631,0.0164,0.01601,0.01602,31396618
2025-11-03 06:00:00,0.01602,0.01607,0.01571,0.0159,44656089
2025-11-03 07:00:00,0.0159,0.01613,0.01583,0.01604,28772936
2025-11-03 08:00:00,0.01604,0.01606,0.01568,0.01588,45764877
2025-11-03 09:00:00,0.01587,0.01605,0.01568,0.0157,41371517
2025-11-03 10:00:00,0.0157,0.01587,0.01553,0.0156,44582624
2025-11-03 11:00:00,0.0156,0.01589,0.0156,0.01577,28706363
2025-11-03 12:00:00,0.01577,0.01603,0.01575,0.01592,37493876
2025-11-03 13:00:00,0.01591,0.01611,0.01578,0.01597,29766898
2025-11-03 14:00:00,0.01598,0.01622,0.01585,0.01602,38595858
2025-11-03 15:00:00,0.01603,0.01605,0.0142,0.01489,207737203
2025-11-03 16:00:00,0.01489,0.01538,0.0148,0.01521,84983085
2025-11-03 17:00:00,0.0152,0.01569,0.01517,0.01566,66248141
2025-11-03 18:00:00,0.01566,0.01566,0.01531,0.01533,52086735
2025-11-03 19:00:00,0.01534,0.01541,0.01507,0.01509,33065532
2025-11-03 20:00:00,0.0151,0.01515,0.01478,0.01487,37673950
2025-11-03 21:00:00,0.01486,0.01508,0.01468,0.01499,44750322
2025-11-03 22:00:00,0.01499,0.01505,0.01474,0.01489,21799485
2025-11-03 23:00:00,0.01488,0.01531,0.01476,0.0153,36541106
2025-11-04 00:00:00,0.01531,0.01564,0.01518,0.01563,63862845
2025-11-04 01:00:00,0.01563,0.01593,0.01544,0.01581,73377538
2025-11-04 02:00:00,0.0158,0.0158,0.01548,0.01552,42127568
2025-11-04 03:00:00,0.01552,0.01687,0.01545,0.01679,128634862
2025-11-04 04:00:00,0.0168,0.01812,0.01676,0.01764,243287142
2025-11-04 05:00:00,0.01764,0.01828,0.01643,0.01647,230933537
2025-11-04 06:00:00,0.01646,0.01745,0.01646,0.01717,102534660
2025-11-04 07:00:00,0.01716,0.01742,0.01684,0.01724,105977199
2025-11-04 08:00:00,0.01725,0.01753,0.01695,0.0173,101808286
2025-11-04 09:00:00,0.0173,0.01775,0.01707,0.01759,121556750
2025-11-04 10:00:00,0.01759,0.01765,0.0172,0.01727,60566417
2025-11-04 11:00:00,0.01726,0.01741,0.01653,0.01683,132463340
2025-11-04 12:00:00,0.01683,0.01693,0.01647,0.01672,73527266
2025-11-04 13:00:00,0.01672,0.01697,0.01637,0.01648,66247732
2025-11-04 14:00:00,0.01649,0.01736,0.01626,0.01724,141074977
2025-11-04 15:00:00,0.01725,0.01726,0.01683,0.01688,91701116
2025-11-04 16:00:00,0.01688,0.01718,0.01649,0.01671,83187877
2025-11-04 17:00:00,0.01671,0.01673,0.01591,0.01637,118378198
2025-11-04 18:00:00,0.01637,0.01639,0.01561,0.01624,98820287
2025-11-04 19:00:00,0.01623,0.01668,0.01623,0.01635,67939516
2025-11-04 20:00:00,0.01635,0.01644,0.01535,0.016,116510604
2025-11-04 21:00:00,0.01601,0.01612,0.01523,0.01603,87557077
2025-11-04 22:00:00,0.01603,0.01661,0.01592,0.01637,51310793
2025-11-04 23:00:00,0.01637,0.01669,0.01633,0.01645,55378530
2025-11-05 00:00:00,0.01645,0.01653,0.01626,0.01628,50242017
2025-11-05 01:00:00,0.01628,0.01632,0.01547,0.01615,77517841
2025-11-05 02:00:00,0.01616,0.01672,0.01616,0.01661,59099464
2025-11-05 03:00:00,0.01662,0.01664,0.01635,0.01643,27120485
2025-11-05 04:00:00,0.01643,0.01655,0.01621,0.01636,33241329
2025-11-05 05:00:00,0.01636,0.01647,0.01614,0.01621,24165628
2025-11-05 06:00:00,0.0162,0.01636,0.01591,0.01635,54598835
2025-11-05 07:00:00,0.01635,0.01719,0.01623,0.01703,94834133
2025-11-05 08:00:00,0.01703,0.0171,0.01616,0.01628,58634266
2025-11-05 09:00:00,0.01629,0.01645,0.01621,0.01626,27522835
2025-11-05 10:00:00,0.01625,0.01637,0.01609,0.01611,23385139
2025-11-05 11:00:00,0.01611,0.01652,0.01611,0.01645,24297253
2025-11-05 12:00:00,0.01645,0.017,0.01629,0.01671,76099577
2025-11-05 13:00:00,0.0167,0.01741,0.01653,0.01725,87780011
2025-11-05 14:00:00,0.01725,0.01727,0.01662,0.0169,64965744
2025-11-05 15:00:00,0.0169,0.01771,0.01689,0.01761,85226831
2025-11-05 16:00:00,0.01761,0.01818,0.01738,0.018,87387627
2025-11-05 17:00:00,0.018,0.01808,0.01773,0.0179,54325997
2025-11-05 18:00:00,0.0179,0.01809,0.01779,0.01802,31640783
2025-11-05 19:00:00,0.01803,0.01852,0.01799,0.01835,47896858
2025-11-05 20:00:00,0.01834,0.01837,0.01784,0.01822,41855707
2025-11-05 21:00:00,0.01822,0.01822,0.01786,0.01798,39331546
2025-11-05 22:00:00,0.01799,0.01835,0.01791,0.01822,21726876
2025-11-05 23:00:00,0.01823,0.01824,0.01785,0.01791,25337713
2025-11-06 00:00:00,0.0179,0.01791,0.01754,0.0176,37683769
2025-11-06 01:00:00,0.01759,0.01763,0.01727,0.01748,35892880
2025-11-06 02:00:00,0.01747,0.01771,0.01731,0.01758,26864176
2025-11-06 03:00:00,0.01758,0.01774,0.0175,0.01763,22656146
2025-11-06 04:00:00,0.01762,0.01814,0.0176,0.01787,42331686
2025-11-06 05:00:00,0.01787,0.01789,0.01735,0.01736,24500248
2025-11-06 06:00:00,0.01736,0.01778,0.01731,0.01758,27273964
2025-11-06 07:00:00,0.01759,0.01766,0.01731,0.01744,27418972
2025-11-06 08:00:00,0.01743,0.01774,0.01739,0.01767,26347476
2025-11-06 09:00:00,0.01768,0.01816,0.01749,0.01795,81264146
2025-11-06 10:00:00,0.01795,0.01798,0.01763,0.01786,33455711
2025-11-06 11:00:00,0.01785,0.01812,0.01766,0.01799,30618482
2025-11-06 12:00:00,0.01799,0.01817,0.01777,0.01792,48915103
2025-11-06 13:00:00,0.01791,0.0189,0.0179,0.01872,85907187
2025-11-06 14:00:00,0.01871,0.01876,0.01784,0.01803,86593824
2025-11-06 15:00:00,0.01802,0.0186,0.01735,0.01748,123120210
2025-11-06 16:00:00,0.01747,0.01794,0.01738,0.01764,91663797
2025-11-06 17:00:00,0.01764,0.01842,0.01753,0.01826,54847473
2025-11-06 18:00:00,0.01825,0.01912,0.01793,0.01903,117219008
2025-11-06 19:00:00,0.01903,0.0217,0.01883,0.02092,356125573
2025-11-06 20:00:00,0.02092,0.02133,0.02012,0.02057,269886264
2025-11-06 21:00:00,0.02057,0.02213,0.02047,0.0212,200074002
2025-11-06 22:00:00,0.02119,0.02175,0.02068,0.02131,108824127
2025-11-06 23:00:00,0.02131,0.0217,0.02084,0.02165,101002691
2025-11-07 00:00:00,0.02166,0.02368,0.02124,0.0229,269410087
2025-11-07 01:00:00,0.0229,0.02353,0.02161,0.02241,348808028
2025-11-07 02:00:00,0.0224,0.02273,0.02191,0.02221,81710176
2025-11-07 03:00:00,0.02222,0.02243,0.02208,0.02226,70814793
2025-11-07 04:00:00,0.02226,0.0225,0.02173,0.02217,103849100
2025-11-07 05:00:00,0.02217,0.02349,0.0221,0.02334,105256560
2025-11-07 06:00:00,0.02336,0.02425,0.02317,0.02353,213056891
2025-11-07 07:00:00,0.02352,0.02477,0.02339,0.02387,208540500
2025-11-07 08:00:00,0.02386,0.02476,0.02362,0.02431,156947380
2025-11-07 09:00:00,0.02432,0.0249,0.02298,0.02388,225829652
2025-11-07 10:00:00,0.02388,0.02446,0.02322,0.02359,126397827
2025-11-07 11:00:00,0.02359,0.02372,0.02252,0.02302,129084460
2025-11-07 12:00:00,0.02301,0.02342,0.02242,0.0227,91984343
2025-11-07 13:00:00,0.0227,0.02319,0.02252,0.02299,75387514
2025-11-07 14:00:00,0.02299,0.0252,0.02279,0.02512,186690322
2025-11-07 15:00:00,0.02515,0.02637,0.02402,0.02446,302791653
2025-11-07 16:00:00,0.02446,0.02488,0.02309,0.02348,208417759
2025-11-07 17:00:00,0.02347,0.0245,0.0233,0.02414,105719252
2025-11-07 18:00:00,0.02414,0.02525,0.02396,0.02404,148087637
2025-11-07 19:00:00,0.02405,0.02434,0.02381,0.02416,65555874
2025-11-07 20:00:00,0.02417,0.02465,0.024,0.02451,45589884
2025-11-07 21:00:00,0.02451,0.02574,0.02438,0.02557,94113515
2025-11-07 22:00:00,0.02555,0.02623,0.02479,0.02486,86256343
2025-11-07 23:00:00,0.02487,0.02489,0.02413,0.02435,60101764
2025-11-08 00:00:00,0.02435,0.02466,0.02357,0.02364,67388221
2025-11-08 01:00:00,0.02365,0.0243,0.02364,0.02428,32346415
2025-11-08 02:00:00,0.02429,0.02547,0.02426,0.02523,57247919
2025-11-08 03:00:00,0.02522,0.02522,0.02362,0.02377,58451967
2025-11-08 04:00:00,0.02377,0.0239,0.02317,0.02323,69917438
2025-11-08 05:00:00,0.02323,0.02353,0.02241,0.02256,104129682
2025-11-08 06:00:00,0.02257,0.02304,0.02232,0.02296,58548650
2025-11-08 07:00:00,0.02296,0.02383,0.02283,0.0236,45908513
2025-11-08 08:00:00,0.0236,0.02371,0.02311,0.02333,39411594
2025-11-08 09:00:00,0.02334,0.0236,0.02271,0.02315,84757310
2025-11-08 10:00:00,0.02315,0.02353,0.02302,0.02341,57141659
2025-11-08 11:00:00,0.0234,0.02427,0.02336,0.02402,52698152
2025-11-08 12:00:00,0.02401,0.02429,0.02378,0.02397,38965404
2025-11-08 13:00:00,0.02397,0.02399,0.02318,0.02329,61766256
2025-11-08 14:00:00,0.0233,0.02344,0.02257,0.02268,52607165
2025-11-08 15:00:00,0.02269,0.02279,0.0221,0.02228,81026651
2025-11-08 16:00:00,0.02229,0.02331,0.02181,0.0226,124961751
2025-11-08 17:00:00,0.0226,0.02286,0.02253,0.02255,33176185
2025-11-08 18:00:00,0.02255,0.02287,0.0225,0.02268,23502815
2025-11-08 19:00:00,0.02268,0.02294,0.02243,0.02279,30053848
2025-11-08 20:00:00,0.02279,0.02279,0.02242,0.02246,18616114
2025-11-08 21:00:00,0.02245,0.0226,0.02227,0.02246,19855384
2025-11-08 22:00:00,0.02245,0.02317,0.0224,0.02303,24560506
2025-11-08 23:00:00,0.02303,0.02308,0.02275,0.02278,11601780
2025-11-09 00:00:00,0.02279,0.02301,0.02247,0.02257,20535660
2025-11-09 01:00:00,0.02256,0.02305,0.02244,0.0226,23938283
2025-11-09 02:00:00,0.0226,0.0226,0.02138,0.02156,58662555
2025-11-09 03:00:00,0.02155,0.02187,0.02138,0.0218,35263083
2025-11-09 04:00:00,0.0218,0.02198,0.02151,0.02164,31048617
2025-11-09 05:00:00,0.02164,0.02175,0.02149,0.02165,13687229
2025-11-09 06:00:00,0.02165,0.02204,0.02152,0.0217,18224939
2025-11-09 07:00:00,0.02172,0.02205,0.02171,0.02204,25568419
2025-11-09 08:00:00,0.02203,0.02215,0.02179,0.02183,21331980
2025-11-09 09:00:00,0.02184,0.02208,0.02141,0.02154,41915466
2025-11-09 10:00:00,0.02154,0.0224,0.02117,0.02234,70505919
2025-11-09 11:00:00,0.02233,0.02308,0.02232,0.0227,65781125
2025-11-09 12:00:00,0.0227,0.0228,0.02202,0.02221,50664391
2025-11-09 13:00:00,0.02221,0.02229,0.02201,0.02203,27490181
2025-11-09 14:00:00,0.02204,0.02268,0.02189,0.02212,52397630
2025-11-09 15:00:00,0.02213,0.02294,0.02212,0.02269,41445631
2025-11-09 16:00:00,0.02269,0.02279,0.02237,0.02266,24869397
2025-11-09 17:00:00,0.02267,0.02276,0.02217,0.02225,26611594
2025-11-09 18:00:00,0.02225,0.02289,0.02202,0.02282,22959949
2025-11-09 19:00:00,0.02281,0.02373,0.02274,0.02368,85567945
2025-11-09 20:00:00,0.02369,0.0237,0.02279,0.02289,39083733
2025-11-09 21:00:00,0.0229,0.023,0.02271,0.0228,17681970
2025-11-09 22:00:00,0.02281,0.02288,0.02241,0.0227,23597817
2025-11-09 23:00:00,0.02271,0.02294,0.0225,0.02273,29568624
2025-11-10 00:00:00,0.02274,0.02345,0.02251,0.02335,33992681
2025-11-10 01:00:00,0.02335,0.02348,0.02285,0.02291,43855241
2025-11-10 02:00:00,0.0229,0.02316,0.0228,0.02302,21914471
2025-11-10 03:00:00,0.02302,0.02378,0.02302,0.02335,45340652
2025-11-10 04:00:00,0.02335,0.02336,0.0223,0.02266,91854551
2025-11-10 05:00:00,0.02265,0.02289,0.02251,0.02284,22582338
2025-11-10 06:00:00,0.02285,0.02301,0.02239,0.02276,41072648
2025-11-10 07:00:00,0.02276,0.02301,0.02249,0.0227,23479075
2025-11-10 08:00:00,0.02269,0.02279,0.02215,0.02231,30615363
2025-11-10 09:00:00,0.02231,0.02282,0.0223,0.02273,16228041
2025-11-10 10:00:00,0.02275,0.02281,0.02207,0.02215,24690635
2025-11-10 11:00:00,0.02214,0.02224,0.02189,0.02202,36279156
2025-11-10 12:00:00,0.02203,0.02207,0.02162,0.02174,35615049
2025-11-10 13:00:00,0.02173,0.02213,0.0217,0.02205,37651963
2025-11-10 14:00:00,0.02205,0.02205,0.02126,0.02152,68790093
2025-11-10 15:00:00,0.02153,0.02178,0.02128,0.02149,50914774
2025-11-10 16:00:00,0.02148,0.02163,0.02109,0.02125,45030504
2025-11-10 17:00:00,0.02127,0.0226,0.02121,0.0222,102621290
2025-11-10 18:00:00,0.02221,0.02244,0.02195,0.0221,38292693
2025-11-10 19:00:00,0.02211,0.02257,0.02205,0.02231,27223699
2025-11-10 20:00:00,0.02231,0.02253,0.02199,0.02204,45046219
2025-11-10 21:00:00,0.02205,0.02205,0.02156,0.02185,44632874
2025-11-10 22:00:00,0.02186,0.0227,0.02185,0.02253,25993240
2025-11-10 23:00:00,0.02253,0.02254,0.02202,0.02212,20127474
2025-11-11 00:00:00,0.02213,0.02225,0.02175,0.022,11525543
2025-11-11 01:00:00,0.022,0.02267,0.02198,0.02214,22978772
2025-11-11 02:00:00,0.02214,0.02272,0.02191,0.0227,19193885
2025-11-11 03:00:00,0.02269,0.02273,0.02249,0.02258,13345050
2025-11-11 04:00:00,0.02258,0.02279,0.02211,0.02215,21443930
2025-11-11 05:00:00,0.02215,0.02219,0.02154,0.02167,39885701
2025-11-11 06:00:00,0.02168,0.02206,0.02156,0.02178,23147525
2025-11-11 07:00:00,0.02179,0.02181,0.02121,0.02127,24542944
2025-11-11 08:00:00,0.02126,0.02159,0.02124,0.02153,16814333
2025-11-11 09:00:00,0.02153,0.02163,0.02114,0.02116,21479865
2025-11-11 10:00:00,0.02116,0.02137,0.0211,0.0212,16905377
2025-11-11 11:00:00,0.02123,0.02173,0.02119,0.02143,34026629
2025-11-11 12:00:00,0.02142,0.02163,0.02117,0.02145,19091860
2025-11-11 13:00:00,0.02146,0.02176,0.02124,0.02136,18851204
2025-11-11 14:00:00,0.02137,0.02173,0.02106,0.02166,31261260
2025-11-11 15:00:00,0.02165,0.02177,0.02129,0.02136,29992282
2025-11-11 16:00:00,0.02137,0.02153,0.02115,0.02131,34824258
2025-11-11 17:00:00,0.02133,0.02139,0.0207,0.02092,48309872
2025-11-11 18:00:00,0.02093,0.02107,0.0206,0.0207,24699391
2025-11-11 19:00:00,0.02071,0.02078,0.02043,0.02053,24816770
2025-11-11 20:00:00,0.02052,0.02058,0.02002,0.02009,38479099
2025-11-11 21:00:00,0.02007,0.02034,0.02001,0.02009,30866181
2025-11-11 22:00:00,0.02008,0.02121,0.02001,0.02097,58859344
2025-11-11 23:00:00,0.02094,0.02176,0.02083,0.02113,100857815
2025-11-12 00:00:00,0.02113,0.02131,0.02081,0.02082,36658690
2025-11-12 01:00:00,0.02083,0.02133,0.02079,0.02119,34796226
2025-11-12 02:00:00,0.02119,0.02145,0.02111,0.02145,21692497
2025-11-12 03:00:00,0.02145,0.02183,0.02143,0.02159,29444679
2025-11-12 04:00:00,0.02159,0.02167,0.02127,0.02152,28413821
2025-11-12 05:00:00,0.02152,0.02242,0.02152,0.02233,45687364
2025-11-12 06:00:00,0.02232,0.02245,0.02194,0.02196,40202807
2025-11-12 07:00:00,0.02195,0.02203,0.02144,0.02153,36047344
2025-11-12 08:00:00,0.02152,0.02196,0.0215,0.02175,22536981
2025-11-12 09:00:00,0.02176,0.02191,0.02158,0.02177,21207257
2025-11-12 10:00:00,0.02178,0.02201,0.02177,0.0218,25039134
2025-11-12 11:00:00,0.02179,0.02183,0.02143,0.02159,29027239
2025-11-12 12:00:00,0.02158,0.02179,0.02142,0.02146,18826422
2025-11-12 13:00:00,0.02146,0.02165,0.0213,0.02156,24517311
2025-11-12 14:00:00,0.02156,0.02166,0.02082,0.02111,42186714
2025-11-12 15:00:00,0.0211,0.02124,0.0204,0.02052,54176314
2025-11-12 16:00:00,0.02052,0.02062,0.02003,0.02021,66259816
2025-11-12 17:00:00,0.02021,0.02027,0.01969,0.02012,77807847
2025-11-12 18:00:00,0.02014,0.02027,0.01988,0.01993,27418871
2025-11-12 19:00:00,0.01992,0.02003,0.01967,0.01993,34473223
2025-11-12 20:00:00,0.01992,0.02074,0.01985,0.02048,44556000
2025-11-12 21:00:00,0.02048,0.0205,0.02032,0.02039,21936828
2025-11-12 22:00:00,0.02039,0.02042,0.02016,0.02029,13398757
2025-11-12 23:00:00,0.02029,0.0203,0.01993,0.02,12177853
2025-11-13 00:00:00,0.02,0.02029,0.01995,0.02013,12425075
2025-11-13 01:00:00,0.02012,0.02044,0.02009,0.02015,15726560
2025-11-13 02:00:00,0.02015,0.02018,0.01995,0.01999,12585970
2025-11-13 03:00:00,0.01999,0.02037,0.01964,0.02014,24169592
2025-11-13 04:00:00,0.02014,0.02018,0.01992,0.02001,18950608
2025-11-13 05:00:00,0.02001,0.02046,0.01993,0.02036,23082934
2025-11-13 06:00:00,0.02038,0.02049,0.02028,0.02035,22598332
2025-11-13 07:00:00,0.02034,0.02039,0.02002,0.02008,23082489
2025-11-13 08:00:00,0.02009,0.02028,0.02001,0.02011,16370393
2025-11-13 09:00:00,0.02011,0.02029,0.01981,0.02011,59349057
2025-11-13 10:00:00,0.02012,0.02038,0.02005,0.02011,30397638
2025-11-13 11:00:00,0.02012,0.02033,0.02009,0.0203,12094255
2025-11-13 12:00:00,0.0203,0.02053,0.02029,0.02035,17509016
2025-11-13 13:00:00,0.02037,0.02044,0.02008,0.02019,14591527
2025-11-13 14:00:00,0.02019,0.02043,0.01984,0.02025,46393920
2025-11-13 15:00:00,0.02024,0.02027,0.01941,0.01961,83035709
2025-11-13 16:00:00,0.0196,0.01975,0.01911,0.01923,62557178
2025-11-13 17:00:00,0.01924,0.0197,0.01918,0.01933,56716874
2025-11-13 18:00:00,0.01932,0.01943,0.0186,0.01876,59522050
2025-11-13 19:00:00,0.01878,0.01896,0.01839,0.01858,55564819
2025-11-13 20:00:00,0.01857,0.0188,0.0184,0.01861,30535477
2025-11-13 21:00:00,0.01861,0.01873,0.01843,0.01861,25052632
2025-11-13 22:00:00,0.01859,0.01905,0.01855,0.01903,26459201
2025-11-13 23:00:00,0.01902,0.01918,0.01891,0.019,17229007
2025-11-14 00:00:00,0.019,0.01918,0.01883,0.01895,18805754
2025-11-14 01:00:00,0.01895,0.01914,0.01888,0.0189,12923408
2025-11-14 02:00:00,0.01891,0.0191,0.01889,0.01904,11121813
2025-11-14 03:00:00,0.01905,0.01906,0.01877,0.01889,10093841
2025-11-14 04:00:00,0.01889,0.01889,0.01786,0.01836,55147970
2025-11-14 05:00:00,0.01835,0.0187,0.01834,0.01865,22105953
2025-11-14 06:00:00,0.01865,0.01889,0.01825,0.01889,25252758
2025-11-14 07:00:00,0.01887,0.01892,0.01862,0.01873,21011609
2025-11-14 08:00:00,0.01871,0.01875,0.01855,0.01867,15816750
2025-11-14 09:00:00,0.01867,0.01877,0.01838,0.01839,14888630
2025-11-14 10:00:00,0.01841,0.01873,0.0184,0.01862,14254597
2025-11-14 11:00:00,0.01861,0.01865,0.01832,0.01847,14729796
2025-11-14 12:00:00,0.01846,0.01859,0.01796,0.01854,40201387
2025-11-14 13:00:00,0.01854,0.0191,0.01846,0.01888,83360557
2025-11-14 14:00:00,0.01888,0.01909,0.01854,0.01891,41032194
2025-11-14 15:00:00,0.01891,0.01952,0.01869,0.01933,55737184
2025-11-14 16:00:00,0.01933,0.01939,0.01887,0.01912,48605604
2025-11-14 17:00:00,0.01913,0.01913,0.01849,0.01859,31842854
2025-11-14 18:00:00,0.01861,0.01889,0.01853,0.01861,22770690
2025-11-14 19:00:00,0.01861,0.01898,0.01854,0.01892,18927905
2025-11-14 20:00:00,0.01892,0.01893,0.01827,0.01845,24620270
2025-11-14 21:00:00,0.01845,0.01868,0.01838,0.01857,13223437
2025-11-14 22:00:00,0.01857,0.01875,0.01841,0.01846,14677565
2025-11-14 23:00:00,0.01847,0.0185,0.01801,0.01839,32757937
2025-11-15 00:00:00,0.01839,0.01899,0.01832,0.01893,47221421
2025-11-15 01:00:00,0.01894,0.01935,0.0188,0.01918,43075091
2025-11-15 02:00:00,0.01918,0.01924,0.01896,0.0192,15187422
2025-11-15 03:00:00,0.0192,0.02008,0.01908,0.01972,81173740
2025-11-15 04:00:00,0.01971,0.02003,0.01956,0.01975,85084884
2025-11-15 05:00:00,0.01975,0.02003,0.01959,0.02001,31956500
2025-11-15 06:00:00,0.02001,0.02072,0.01998,0.02027,64195107
2025-11-15 07:00:00,0.02028,0.02077,0.02028,0.02037,46270464
2025-11-15 08:00:00,0.02036,0.02037,0.01975,0.01985,67922245
2025-11-15 09:00:00,0.01986,0.02017,0.01982,0.01985,29626240
2025-11-15 10:00:00,0.01986,0.02015,0.01972,0.02004,30515325
2025-11-15 11:00:00,0.02004,0.02007,0.01942,0.01965,39319621
2025-11-15 12:00:00,0.01964,0.01995,0.01958,0.01969,32519664
2025-11-15 13:00:00,0.01969,0.01991,0.01957,0.01976,28093453
2025-11-15 14:00:00,0.01976,0.01983,0.01953,0.0196,24072619
2025-11-15 15:00:00,0.01961,0.01967,0.01944,0.01949,17162847
2025-11-15 16:00:00,0.01951,0.01951,0.01918,0.01946,36375078
2025-11-15 17:00:00,0.01946,0.01973,0.01941,0.01962,20626847
2025-11-15 18:00:00,0.0196,0.01971,0.01947,0.01953,12972037
2025-11-15 19:00:00,0.01953,0.01958,0.01938,0.01944,9683505
2025-11-15 20:00:00,0.01944,0.0195,0.01928,0.01942,20903113
2025-11-15 21:00:00,0.01941,0.01971,0.01938,0.01944,16217305
2025-11-15 22:00:00,0.01944,0.01984,0.01935,0.01981,18245277
2025-11-15 23:00:00,0.01981,0.02033,0.01978,0.02017,50769865
2025-11-16 00:00:00,0.02016,0.02016,0.01937,0.01963,53855976
2025-11-16 01:00:00,0.01963,0.02016,0.01945,0.01975,68873467
2025-11-16 02:00:00,0.01975,0.0202,0.01967,0.02002,31088470
2025-11-16 03:00:00,0.02001,0.02011,0.01977,0.01986,15446052
2025-11-16 04:00:00,0.01986,0.01988,0.01951,0.01962,17660642
2025-11-16 05:00:00,0.01961,0.01983,0.01959,0.01973,17910734
2025-11-16 06:00:00,0.01973,0.02013,0.01966,0.01983,17324957
2025-11-16 07:00:00,0.01982,0.02003,0.01963,0.01982,17263199
2025-11-16 08:00:00,0.01982,0.01992,0.01965,0.01981,22205750
2025-11-16 09:00:00,0.0198,0.01999,0.0197,0.01989,30743761
2025-11-16 10:00:00,0.01988,0.01997,0.01965,0.01972,25072193
2025-11-16 11:00:00,0.01971,0.01986,0.01928,0.0194,45266117
2025-11-16 12:00:00,0.01939,0.01955,0.0191,0.0195,32211591
2025-11-16 13:00:00,0.01949,0.0198,0.01937,0.01941,36141840
2025-11-16 14:00:00,0.01941,0.01956,0.01918,0.01952,27408015
2025-11-16 15:00:00,0.01951,0.01964,0.01889,0.01896,59891709
2025-11-16 16:00:00,0.01897,0.01967,0.01888,0.01919,63981096
2025-11-16 17:00:00,0.01917,0.01937,0.01844,0.01889,65130576
2025-11-16 18:00:00,0.01888,0.01921,0.0185,0.01859,44716043
2025-11-16 19:00:00,0.01859,0.0189,0.01858,0.0186,21633240
2025-11-16 20:00:00,0.01859,0.01881,0.01852,0.01853,14062767
2025-11-16 21:00:00,0.01852,0.01855,0.01822,0.01844,26339296
2025-11-16 22:00:00,0.01845,0.01879,0.01825,0.01869,22363420
2025-11-16 23:00:00,0.0187,0.01894,0.0183,0.01873,26342904
2025-11-17 00:00:00,0.01874,0.01912,0.01845,0.01896,26778123
2025-11-17 01:00:00,0.01895,0.01897,0.01865,0.01875,16424476
2025-11-17 02:00:00,0.01876,0.01949,0.01876,0.01912,41410150
2025-11-17 03:00:00,0.01913,0.01933,0.01898,0.01902,17625141
2025-11-17 04:00:00,0.01902,0.01909,0.0188,0.01883,17037962
2025-11-17 05:00:00,0.01883,0.01893,0.01871,0.01882,12968007
2025-11-17 06:00:00,0.01883,0.01892,0.01871,0.01891,12950650
2025-11-17 07:00:00,0.01891,0.01906,0.01888,0.019,12487636
2025-11-17 08:00:00,0.019,0.01904,0.01884,0.01894,10912988
2025-11-17 09:00:00,0.01894,0.0192,0.01888,0.019,21473602
2025-11-17 10:00:00,0.019,0.0191,0.01892,0.01898,11802123
2025-11-17 11:00:00,0.01898,0.0194,0.01895,0.01935,29038262
2025-11-17 12:00:00,0.01934,0.01964,0.01917,0.01938,40918916
2025-11-17 13:00:00,0.01937,0.01938,0.01834,0.0186,66835787
2025-11-17 14:00:00,0.0186,0.01977,0.0185,0.01945,118310691
2025-11-17 15:00:00,0.01945,0.01953,0.01883,0.01893,76108250
2025-11-17 16:00:00,0.01893,0.01928,0.01869,0.01925,56439949
2025-11-17 17:00:00,0.01925,0.01945,0.01847,0.01852,293247236
2025-11-17 18:00:00,0.0185,0.01873,0.01824,0.01844,60055382
2025-11-17 19:00:00,0.01843,0.01866,0.01827,0.01837,38275024
2025-11-17 20:00:00,0.01836,0.01846,0.01802,0.01811,48665465
2025-11-17 21:00:00,0.01814,0.01822,0.01774,0.01795,45485485
2025-11-17 22:00:00,0.01796,0.01819,0.01778,0.01809,28940173
2025-11-17 23:00:00,0.01809,0.01817,0.01786,0.01815,22056153
2025-11-18 00:00:00,0.01814,0.01827,0.01779,0.01822,34098046
2025-11-18 01:00:00,0.01822,0.01841,0.01811,0.01816,23610545
2025-11-18 02:00:00,0.01815,0.01853,0.01793,0.01814,35613252
2025-11-18 03:00:00,0.01813,0.01854,0.0179,0.01851,35637978
2025-11-18 04:00:00,0.01851,0.01864,0.01825,0.01857,32761564
2025-11-18 05:00:00,0.01859,0.0188,0.01843,0.01846,34387867
2025-11-18 06:00:00,0.01845,0.01851,0.0181,0.01816,35331653
2025-11-18 07:00:00,0.01816,0.01842,0.01803,0.01832,26848559
2025-11-18 08:00:00,0.01831,0.01852,0.01827,0.01841,21555321
2025-11-18 09:00:00,0.01842,0.01844,0.01821,0.01838,19691738
2025-11-18 10:00:00,0.01839,0.01846,0.01816,0.01833,28694195
2025-11-18 11:00:00,0.01832,0.01832,0.01791,0.01805,20068358
2025-11-18 12:00:00,0.01805,0.01806,0.0177,0.01801,39487032
2025-11-18 13:00:00,0.01801,0.01802,0.01768,0.01787,21941304
2025-11-18 14:00:00,0.01786,0.01824,0.0178,0.01796,67069800
2025-11-18 15:00:00,0.01792,0.01866,0.01779,0.01849,85659515
2025-11-18 16:00:00,0.01849,0.01897,0.0184,0.01872,53205681
2025-11-18 17:00:00,0.01872,0.01885,0.01853,0.01856,25267731
2025-11-18 18:00:00,0.01856,0.01889,0.01856,0.01885,22321447
2025-11-18 19:00:00,0.01884,0.01902,0.01872,0.01879,19735656
2025-11-18 20:00:00,0.01879,0.01885,0.01864,0.0187,14148416
2025-11-18 21:00:00,0.0187,0.01878,0.01841,0.01841,29296399
2025-11-18 22:00:00,0.01842,0.0187,0.01841,0.01856,21856544
2025-11-18 23:00:00,0.01856,0.01859,0.0185,0.01855,7011614
2025-11-19 00:00:00,0.01856,0.01859,0.01826,0.01852,19788388
2025-11-19 01:00:00,0.01853,0.01871,0.01841,0.01847,14279722
2025-11-19 02:00:00,0.01849,0.01864,0.01842,0.01842,10289325
2025-11-19 03:00:00,0.01842,0.0185,0.01825,0.01829,13463025
2025-11-19 04:00:00,0.01828,0.01837,0.01823,0.01828,11299734
2025-11-19 05:00:00,0.01827,0.01831,0.01784,0.01792,27880153
2025-11-19 06:00:00,0.01791,0.01825,0.01785,0.0182,18662734
2025-11-19 07:00:00,0.0182,0.01856,0.01818,0.01849,13213560
2025-11-19 08:00:00,0.0185,0.01862,0.01839,0.01851,20452176
2025-11-19 09:00:00,0.01851,0.01863,0.01841,0.01861,16330040
2025-11-19 10:00:00,0.01863,0.01869,0.01838,0.01841,20482042
2025-11-19 11:00:00,0.01842,0.01857,0.01841,0.01847,13600674
2025-11-19 12:00:00,0.01847,0.01861,0.01846,0.01854,11983387
2025-11-19 13:00:00,0.01853,0.01854,0.01829,0.01837,25885924
2025-11-19 14:00:00,0.01838,0.01843,0.01807,0.01836,34159509
2025-11-19 15:00:00,0.01838,0.01905,0.01818,0.01822,76510641
2025-11-19 16:00:00,0.01822,0.01867,0.0179,0.01842,125468078
2025-11-19 17:00:00,0.01841,0.01897,0.01825,0.01892,90637125
2025-11-19 18:00:00,0.01893,0.01945,0.01846,0.01884,145058636
2025-11-19 19:00:00,0.01884,0.01944,0.01853,0.01913,64540721
2025-11-19 20:00:00,0.01911,0.02011,0.01893,0.01996,137913515
2025-11-19 21:00:00,0.01998,0.02047,0.01962,0.01988,128745283
2025-11-19 22:00:00,0.01988,0.01989,0.01937,0.01972,55999106
2025-11-19 23:00:00,0.01972,0.02021,0.0197,0.02011,42226587
2025-11-20 00:00:00,0.02012,0.02044,0.01992,0.02019,36143512
2025-11-20 01:00:00,0.02018,0.02023,0.0199,0.02009,20553774
2025-11-20 02:00:00,0.02009,0.02012,0.01988,0.01998,17135034
2025-11-20 03:00:00,0.01999,0.02043,0.01994,0.01995,30306383
2025-11-20 04:00:00,0.01995,0.01997,0.01972,0.01992,23686810
2025-11-20 05:00:00,0.01993,0.02002,0.01962,0.01973,19606718
2025-11-20 06:00:00,0.01972,0.01979,0.01953,0.01968,18253464
2025-11-20 07:00:00,0.01968,0.01981,0.01952,0.01981,21764481
2025-11-20 08:00:00,0.01981,0.01981,0.01957,0.01961,16936664
2025-11-20 09:00:00,0.0196,0.01966,0.01915,0.01928,46370885
2025-11-20 10:00:00,0.01928,0.01944,0.01917,0.01939,18663736
2025-11-20 11:00:00,0.01939,0.01952,0.01932,0.01941,13332074
2025-11-20 12:00:00,0.01941,0.01971,0.01928,0.01956,31693700
2025-11-20 13:00:00,0.01957,0.01974,0.01943,0.01954,26913930
2025-11-20 14:00:00,0.01955,0.0198,0.01926,0.01965,33951772
2025-11-20 15:00:00,0.01964,0.01965,0.01917,0.01924,26750842
2025-11-20 16:00:00,0.01923,0.0193,0.01825,0.0184,130527833
2025-11-20 17:00:00,0.01839,0.01849,0.01807,0.01832,53164449
2025-11-20 18:00:00,0.01831,0.01854,0.01804,0.01809,42931461
2025-11-20 19:00:00,0.01809,0.01841,0.01794,0.01827,32995630
2025-11-20 20:00:00,0.01828,0.01831,0.01802,0.01819,20969144
2025-11-20 21:00:00,0.01818,0.01851,0.01816,0.01838,12374318
2025-11-20 22:00:00,0.01837,0.01868,0.01836,0.01856,12706923
2025-11-20 23:00:00,0.01855,0.01859,0.01803,0.01809,16601134
2025-11-21 00:00:00,0.01809,0.01835,0.01807,0.01833,12780040
2025-11-21 01:00:00,0.01834,0.01852,0.01827,0.01834,12938517
2025-11-21 02:00:00,0.01833,0.01836,0.01781,0.01789,40283789
2025-11-21 03:00:00,0.01788,0.01818,0.0178,0.01805,36191646
2025-11-21 04:00:00,0.01805,0.01809,0.01766,0.01796,37178352
2025-11-21 05:00:00,0.01796,0.01808,0.01776,0.01781,16907648
2025-11-21 06:00:00,0.01781,0.01794,0.01761,0.01768,28479545
2025-11-21 07:00:00,0.0177,0.01778,0.01551,0.01679,133712786
2025-11-21 08:00:00,0.01679,0.01709,0.01656,0.01681,55620660
2025-11-21 09:00:00,0.01682,0.01696,0.01648,0.01648,28720578
2025-11-21 10:00:00,0.01649,0.01674,0.01636,0.01643,34505653
2025-11-21 11:00:00,0.01643,0.01674,0.01628,0.01629,45417703
2025-11-21 12:00:00,0.01629,0.01671,0.01591,0.01647,67559568
2025-11-21 13:00:00,0.01647,0.01662,0.01634,0.01644,34862959
2025-11-21 14:00:00,0.01644,0.01675,0.01625,0.01663,44265231
2025-11-21 15:00:00,0.01664,0.01669,0.01617,0.01625,34825327
2025-11-21 16:00:00,0.01625,0.01687,0.01605,0.01679,58525210
2025-11-21 17:00:00,0.01679,0.01686,0.01651,0.01655,22829502
2025-11-21 18:00:00,0.01656,0.01668,0.01623,0.01656,26405214
2025-11-21 19:00:00,0.01656,0.01684,0.01648,0.0166,62723884
2025-11-21 20:00:00,0.0166,0.01664,0.01618,0.01625,49873672
2025-11-21 21:00:00,0.01625,0.01656,0.01612,0.01647,20886585
2025-11-21 22:00:00,0.01647,0.01656,0.01599,0.01599,34696340
2025-11-21 23:00:00,0.01599,0.01645,0.01583,0.01644,25825810
2025-11-22 00:00:00,0.01644,0.01649,0.01623,0.01638,23628441
2025-11-22 01:00:00,0.01639,0.01658,0.01638,0.01656,10887527
2025-11-22 02:00:00,0.01657,0.01658,0.0163,0.01644,13332818
2025-11-22 03:00:00,0.01644,0.01651,0.01622,0.01624,7170516
2025-11-22 04:00:00,0.01624,0.01626,0.01588,0.01609,17228912
2025-11-22 05:00:00,0.01611,0.01615,0.01577,0.01595,27678437
2025-11-22 06:00:00,0.01596,0.01613,0.01572,0.01609,30821617
2025-11-22 07:00:00,0.01609,0.01613,0.01596,0.0161,8335193
2025-11-22 08:00:00,0.01609,0.01609,0.01573,0.01582,16004623
2025-11-22 09:00:00,0.01582,0.01604,0.01573,0.01591,13808073
2025-11-22 10:00:00,0.01592,0.01604,0.01575,0.01582,10998546
2025-11-22 11:00:00,0.01582,0.01611,0.01577,0.01583,26919372
2025-11-22 12:00:00,0.01582,0.01584,0.0156,0.01568,16386595
2025-11-22 13:00:00,0.0157,0.01584,0.0156,0.01576,13964556
2025-11-22 14:00:00,0.01577,0.01603,0.01576,0.01587,15650370
2025-11-22 15:00:00,0.01588,0.0159,0.01557,0.01578,20252070
2025-11-22 16:00:00,0.01579,0.01605,0.01576,0.01602,16798636
2025-11-22 17:00:00,0.01602,0.01602,0.01582,0.01585,7750581
2025-11-22 18:00:00,0.01586,0.01591,0.01572,0.01585,7787762
2025-11-22 19:00:00,0.01585,0.01598,0.01574,0.01594,20708942
2025-11-22 20:00:00,0.01593,0.01599,0.01569,0.01573,17633153
2025-11-22 21:00:00,0.01573,0.01583,0.01571,0.01574,10970628
2025-11-22 22:00:00,0.01575,0.01604,0.01568,0.01598,10445838
2025-11-22 23:00:00,0.01598,0.01598,0.01572,0.01574,9523439
2025-11-23 00:00:00,0.01574,0.01598,0.01572,0.01585,22348614
2025-11-23 01:00:00,0.01586,0.01606,0.01582,0.01597,10531570
2025-11-23 02:00:00,0.01597,0.01617,0.0159,0.01605,15774626
2025-11-23 03:00:00,0.01605,0.01607,0.01585,0.01599,12679325
2025-11-23 04:00:00,0.01598,0.01615,0.01593,0.01604,13643556
2025-11-23 05:00:00,0.01604,0.01617,0.016,0.01615,9768268
2025-11-23 06:00:00,0.01614,0.01614,0.01588,0.01592,8709174
2025-11-23 07:00:00,0.01591,0.01596,0.01569,0.01594,84121373
2025-11-23 08:00:00,0.01593,0.01598,0.01574,0.01584,30531681
2025-11-23 09:00:00,0.01584,0.01584,0.01567,0.01572,11906465
2025-11-23 10:00:00,0.01573,0.0161,0.01569,0.01589,37123402
2025-11-23 11:00:00,0.0159,0.0159,0.01576,0.01587,15297444
2025-11-23 12:00:00,0.01586,0.01599,0.01577,0.0158,18424535
2025-11-23 13:00:00,0.01581,0.01587,0.01571,0.01585,12801906
2025-11-23 14:00:00,0.01584,0.01587,0.01536,0.01541,34380222
2025-11-23 15:00:00,0.0154,0.0157,0.01536,0.01565,32179523
2025-11-23 16:00:00,0.01565,0.01584,0.0156,0.01561,19629994
2025-11-23 17:00:00,0.01561,0.01565,0.01548,0.01555,10567400
2025-11-23 18:00:00,0.01554,0.01568,0.01541,0.01548,24796851
2025-11-23 19:00:00,0.01548,0.01575,0.01547,0.01557,32949507
2025-11-23 20:00:00,0.01557,0.01563,0.0155,0.0156,12456906
2025-11-23 21:00:00,0.01559,0.01571,0.01551,0.01567,8167835
2025-11-23 22:00:00,0.01567,0.01568,0.01551,0.01559,8323746
2025-11-23 23:00:00,0.0156,0.01563,0.0153,0.01545,40391143
2025-11-24 00:00:00,0.01545,0.01553,0.01521,0.01541,34968425
2025-11-24 01:00:00,0.0154,0.01551,0.01535,0.01548,7705330
2025-11-24 02:00:00,0.01547,0.01584,0.01543,0.01566,17839054
2025-11-24 03:00:00,0.01568,0.01583,0.01561,0.01566,7666760
2025-11-24 04:00:00,0.01567,0.01572,0.01536,0.01549,12183698
2025-11-24 05:00:00,0.01549,0.01578,0.01548,0.01556,19172388
2025-11-24 06:00:00,0.01556,0.01558,0.01534,0.01545,25320372
2025-11-24 07:00:00,0.01546,0.01551,0.01534,0.01541,9798401
2025-11-24 08:00:00,0.01543,0.0155,0.01537,0.01543,7972458
2025-11-24 09:00:00,0.01544,0.01544,0.01507,0.01515,22284201
2025-11-24 10:00:00,0.01516,0.01523,0.01514,0.01519,6532091
2025-11-24 11:00:00,0.0152,0.01531,0.01516,0.01526,10639577
2025-11-24 12:00:00,0.01526,0.0153,0.01509,0.01515,13098133
2025-11-24 13:00:00,0.01515,0.01533,0.01512,0.01518,12037277
2025-11-24 14:00:00,0.01517,0.01542,0.01501,0.01529,24446933
2025-11-24 15:00:00,0.0153,0.01552,0.01521,0.01545,21827412
2025-11-24 16:00:00,0.01545,0.01562,0.01543,0.01552,28489436
2025-11-24 17:00:00,0.01553,0.01602,0.01552,0.01599,47188009
2025-11-24 18:00:00,0.016,0.01611,0.01584,0.01591,37985295
2025-11-24 19:00:00,0.01592,0.016,0.01581,0.01583,15147903
2025-11-24 20:00:00,0.01584,0.01593,0.01576,0.01586,17011283
2025-11-24 21:00:00,0.01586,0.01587,0.01545,0.01554,48222076
2025-11-24 22:00:00,0.01553,0.01563,0.01543,0.01552,19893299
2025-11-24 23:00:00,0.01551,0.01556,0.01536,0.01544,13680426
2025-11-25 00:00:00,0.01543,0.01557,0.01535,0.0155,14350813
2025-11-25 01:00:00,0.01549,0.01556,0.01538,0.01541,10182147
2025-11-25 02:00:00,0.01541,0.01545,0.01517,0.01539,23204479
2025-11-25 03:00:00,0.01538,0.01538,0.01506,0.01512,33433560
2025-11-25 04:00:00,0.01511,0.01528,0.01508,0.01525,15947298
2025-11-25 05:00:00,0.01524,0.0153,0.01518,0.01524,9746433
2025-11-25 06:00:00,0.01523,0.01523,0.01503,0.01512,15833029
2025-11-25 07:00:00,0.01513,0.01522,0.01506,0.0151,16083301
2025-11-25 08:00:00,0.01511,0.01523,0.01507,0.01508,13539394
2025-11-25 09:00:00,0.01509,0.01518,0.015,0.01514,17169074
2025-11-25 10:00:00,0.01513,0.01524,0.01506,0.01522,10598023
2025-11-25 11:00:00,0.01522,0.01524,0.0151,0.01514,8054175
2025-11-25 12:00:00,0.01515,0.01532,0.01511,0.01527,12741133
2025-11-25 13:00:00,0.01528,0.0153,0.01502,0.01505,21355294
2025-11-25 14:00:00,0.01506,0.01513,0.0147,0.01484,56420737
2025-11-25 15:00:00,0.01484,0.01507,0.01473,0.01498,29169139
2025-11-25 16:00:00,0.01497,0.01514,0.01491,0.01512,14656204
2025-11-25 17:00:00,0.01511,0.01534,0.01502,0.01522,20556739
2025-11-25 18:00:00,0.01521,0.01536,0.01517,0.01518,24423903
2025-11-25 19:00:00,0.01518,0.0152,0.0149,0.0151,22837486
2025-11-25 20:00:00,0.01511,0.01521,0.01507,0.01516,17242535
2025-11-25 21:00:00,0.01516,0.0152,0.01503,0.01505,15306511
2025-11-25 22:00:00,0.01504,0.01521,0.01491,0.01517,17706397
2025-11-25 23:00:00,0.01517,0.01527,0.01509,0.01516,18113291
2025-11-26 00:00:00,0.01516,0.01524,0.01509,0.01514,11943491
2025-11-26 01:00:00,0.01514,0.01528,0.01506,0.01518,9606693
2025-11-26 02:00:00,0.01518,0.01522,0.01513,0.01515,6633023
2025-11-26 03:00:00,0.01514,0.0152,0.01496,0.015,9865781
2025-11-26 04:00:00,0.015,0.01509,0.01498,0.01505,7311964
2025-11-26 05:00:00,0.01504,0.01522,0.01501,0.01516,7090333
2025-11-26 06:00:00,0.01516,0.0152,0.01505,0.01513,8021132
2025-11-26 07:00:00,0.01513,0.01516,0.01506,0.01516,7061464
2025-11-26 08:00:00,0.01515,0.01515,0.01494,0.01501,15186053
2025-11-26 09:00:00,0.01501,0.01504,0.01484,0.01488,15868550
2025-11-26 10:00:00,0.01488,0.01495,0.01485,0.01491,9127039
2025-11-26 11:00:00,0.01491,0.01492,0.01475,0.0148,13984343
2025-11-26 12:00:00,0.0148,0.01484,0.01453,0.01458,44812551
2025-11-26 13:00:00,0.01457,0.01483,0.01453,0.01482,27527096
2025-11-26 14:00:00,0.01483,0.01489,0.01461,0.01465,25594136
2025-11-26 15:00:00,0.01464,0.01478,0.01458,0.01468,21470806
2025-11-26 16:00:00,0.01468,0.0149,0.01467,0.01483,16206214
2025-11-26 17:00:00,0.01484,0.01521,0.01481,0.01519,29919244
2025-11-26 18:00:00,0.01519,0.01531,0.01514,0.01525,29372707
2025-11-26 19:00:00,0.01523,0.01565,0.01512,0.01559,91820938
2025-11-26 20:00:00,0.01558,0.01565,0.01542,0.01552,45546383
2025-11-26 21:00:00,0.0155,0.01557,0.01536,0.01537,36108440
2025-11-26 22:00:00,0.01538,0.01548,0.01536,0.01545,17454757
2025-11-26 23:00:00,0.01545,0.01567,0.0154,0.01556,20714466
2025-11-27 00:00:00,0.01556,0.0159,0.01556,0.01579,29263780
2025-11-27 01:00:00,0.0158,0.01584,0.0156,0.0157,14505661
2025-11-27 02:00:00,0.0157,0.01575,0.01555,0.01558,13531343
2025-11-27 03:00:00,0.01557,0.01559,0.01518,0.01527,28091218
2025-11-27 04:00:00,0.01527,0.01536,0.01518,0.01525,14465797
2025-11-27 05:00:00,0.01525,0.01525,0.01505,0.01515,15559792
2025-11-27 06:00:00,0.01515,0.01526,0.01513,0.01518,10727999
2025-11-27 07:00:00,0.01517,0.01519,0.015,0.01506,17275124
2025-11-27 08:00:00,0.01505,0.01516,0.01495,0.01509,18183789
2025-11-27 09:00:00,0.0151,0.01523,0.01504,0.01516,10345488
2025-11-27 10:00:00,0.01516,0.01521,0.01506,0.01509,9064361
2025-11-27 11:00:00,0.01509,0.0151,0.01487,0.0149,16516859
2025-11-27 12:00:00,0.01489,0.01495,0.01484,0.01487,18614704
2025-11-27 13:00:00,0.01486,0.01501,0.01485,0.01496,8265865
2025-11-27 14:00:00,0.01496,0.01508,0.01492,0.01502,12154197
2025-11-27 15:00:00,0.01502,0.01511,0.01495,0.01508,8110630
2025-11-27 16:00:00,0.01508,0.01526,0.01505,0.01519,15768941
2025-11-27 17:00:00,0.0152,0.01521,0.01508,0.01517,16517332
2025-11-27 18:00:00,0.01516,0.01526,0.01512,0.0152,6520330
2025-11-27 19:00:00,0.01519,0.01523,0.01513,0.01522,6463226
2025-11-27 20:00:00,0.01521,0.01523,0.01513,0.01519,10601643
2025-11-27 21:00:00,0.01518,0.0152,0.01496,0.01504,11222224
2025-11-27 22:00:00,0.01503,0.01508,0.01487,0.01492,12505733
2025-11-27 23:00:00,0.01491,0.01496,0.0148,0.01494,12296379
2025-11-28 00:00:00,0.01494,0.01508,0.01491,0.01504,10622078
2025-11-28 01:00:00,0.01504,0.01508,0.01484,0.01489,15690303
2025-11-28 02:00:00,0.01488,0.01494,0.01475,0.01491,20159517
2025-11-28 03:00:00,0.01491,0.01495,0.01486,0.01492,6953284
2025-11-28 04:00:00,0.01492,0.01499,0.01482,0.01489,8450598
2025-11-28 05:00:00,0.01489,0.01497,0.01481,0.01487,9174594
2025-11-28 06:00:00,0.01487,0.01489,0.01473,0.01482,17716616
2025-11-28 07:00:00,0.01482,0.01495,0.01479,0.01483,12578285
2025-11-28 08:00:00,0.01483,0.01524,0.01483,0.01519,17243242
2025-11-28 09:00:00,0.01519,0.01527,0.01512,0.01515,21873411
2025-11-28 10:00:00,0.01515,0.01518,0.01509,0.01509,9189921
2025-11-28 11:00:00,0.01508,0.01509,0.01488,0.01506,17554491
2025-11-28 12:00:00,0.01505,0.01507,0.01495,0.01498,11807389
2025-11-28 13:00:00,0.01497,0.01518,0.01486,0.01513,15582281
2025-11-28 14:00:00,0.01512,0.0152,0.01496,0.01504,20883669
2025-11-28 15:00:00,0.01504,0.01514,0.01496,0.015,13739130
2025-11-28 16:00:00,0.015,0.015,0.01465,0.01472,36557698
2025-11-28 17:00:00,0.01474,0.01478,0.01458,0.01468,27298216
2025-11-28 18:00:00,0.01469,0.01471,0.01451,0.01469,23361381
2025-11-28 19:00:00,0.01468,0.01481,0.01464,0.01478,13618621
2025-11-28 20:00:00,0.01477,0.01481,0.01466,0.01479,11120676
2025-11-28 21:00:00,0.01479,0.0148,0.01461,0.01461,10419161
2025-11-28 22:00:00,0.01461,0.01474,0.01456,0.01472,19689666
2025-11-28 23:00:00,0.01473,0.01481,0.01468,0.01468,13005321
2025-11-29 00:00:00,0.01468,0.01477,0.01466,0.01475,8702584
2025-11-29 01:00:00,0.01476,0.01479,0.01464,0.01469,6944598
2025-11-29 02:00:00,0.01469,0.01475,0.01464,0.01471,4929651
2025-11-29 03:00:00,0.01471,0.01476,0.01467,0.01468,3948679
2025-11-29 04:00:00,0.01468,0.01482,0.01463,0.0148,7546377
2025-11-29 05:00:00,0.01479,0.0148,0.01469,0.01472,4255570
2025-11-29 06:00:00,0.01471,0.01475,0.01454,0.01466,12777595
2025-11-29 07:00:00,0.01466,0.01467,0.01453,0.01462,12631085
2025-11-29 08:00:00,0.01461,0.01462,0.01451,0.01454,7921650
2025-11-29 09:00:00,0.01454,0.01461,0.01453,0.01457,6061436
2025-11-29 10:00:00,0.01457,0.01466,0.0144,0.01463,17518802
2025-11-29 11:00:00,0.01462,0.01475,0.0146,0.01472,9280310
2025-11-29 12:00:00,0.01472,0.01475,0.01461,0.01462,6454613
2025-11-29 13:00:00,0.01462,0.01473,0.0146,0.0147,12369263
2025-11-29 14:00:00,0.01469,0.01469,0.01459,0.01462,6346810
2025-11-29 15:00:00,0.01461,0.01476,0.0146,0.01466,11025631
2025-11-29 16:00:00,0.01467,0.01473,0.01462,0.01469,9874176
2025-11-29 17:00:00,0.01468,0.01471,0.01439,0.0145,23095687
2025-11-29 18:00:00,0.0145,0.01455,0.01435,0.01453,25027503
2025-11-29 19:00:00,0.01452,0.01458,0.01448,0.01451,4733086
2025-11-29 20:00:00,0.0145,0.01451,0.01436,0.01449,19661116
2025-11-29 21:00:00,0.0145,0.0145,0.01439,0.01448,7010357
2025-11-29 22:00:00,0.01447,0.0145,0.0144,0.01442,7099299
2025-11-29 23:00:00,0.01442,0.01446,0.01431,0.0144,9786274
2025-11-30 00:00:00,0.0144,0.01444,0.01432,0.01433,7368963
2025-11-30 01:00:00,0.01433,0.01443,0.01432,0.01434,4776614
2025-11-30 02:00:00,0.01434,0.01441,0.01424,0.01426,16040559
2025-11-30 03:00:00,0.01426,0.01434,0.01412,0.01432,21275175
2025-11-30 04:00:00,0.01433,0.01437,0.01426,0.0143,7463000
2025-11-30 05:00:00,0.0143,0.0143,0.01416,0.01422,13463836
2025-11-30 06:00:00,0.01421,0.01444,0.01421,0.01433,9622969
2025-11-30 07:00:00,0.01433,0.01443,0.01431,0.01441,8318893
2025-11-30 08:00:00,0.01442,0.01453,0.01437,0.01441,12998911
2025-11-30 09:00:00,0.01441,0.01449,0.01437,0.01439,6931734
2025-11-30 10:00:00,0.0144,0.01446,0.01436,0.01439,4625584
2025-11-30 11:00:00,0.0144,0.01444,0.01432,0.01436,7025378
2025-11-30 12:00:00,0.01437,0.01448,0.01423,0.01443,24453014
2025-11-30 13:00:00,0.01443,0.01456,0.01441,0.0145,18480877
2025-11-30 14:00:00,0.0145,0.01456,0.01435,0.0144,14728870
2025-11-30 15:00:00,0.0144,0.01441,0.01429,0.01439,15042740
2025-11-30 16:00:00,0.0144,0.01453,0.01438,0.01451,7900194
2025-11-30 17:00:00,0.0145,0.01452,0.0144,0.01446,11188563
2025-11-30 18:00:00,0.01447,0.01449,0.01439,0.01443,6546506
2025-11-30 19:00:00,0.01444,0.01446,0.01435,0.01439,5539837
2025-11-30 20:00:00,0.01439,0.01445,0.0143,0.01438,10542605
2025-11-30 21:00:00,0.01437,0.01439,0.01426,0.01435,6674398
2025-11-30 22:00:00,0.01434,0.01444,0.0143,0.01442,17159766
2025-11-30 23:00:00,0.01442,0.01444,0.01411,0.01414,15893409
2025-12-01 00:00:00,0.01414,0.01421,0.013,0.01304,174982950
2025-12-01 01:00:00,0.01304,0.01312,0.01291,0.013,60501461
2025-12-01 02:00:00,0.013,0.0132,0.01299,0.0131,34248086
2025-12-01 03:00:00,0.0131,0.01312,0.01296,0.01301,28399026
2025-12-01 04:00:00,0.01301,0.01308,0.01287,0.01301,20800944
2025-12-01 05:00:00,0.013,0.01314,0.01299,0.01313,18817391
2025-12-01 06:00:00,0.01313,0.01326,0.01312,0.01319,11411350
2025-12-01 07:00:00,0.01319,0.01323,0.0131,0.01321,11099280
2025-12-01 08:00:00,0.01321,0.01332,0.01315,0.0133,11595646
2025-12-01 09:00:00,0.01329,0.01336,0.01319,0.01322,9824626
2025-12-01 10:00:00,0.01321,0.01338,0.01321,0.01328,10391308
2025-12-01 11:00:00,0.01327,0.01328,0.01316,0.01317,11049628
2025-12-01 12:00:00,0.01319,0.0132,0.01297,0.01318,35261367
2025-12-01 13:00:00,0.01318,0.01329,0.01306,0.01312,17927184
2025-12-01 14:00:00,0.01311,0.0133,0.01302,0.01325,23839728
2025-12-01 15:00:00,0.01325,0.01333,0.01295,0.01317,36790568
2025-12-01 16:00:00,0.01318,0.01319,0.01298,0.013,16282170
2025-12-01 17:00:00,0.01301,0.01309,0.01294,0.013,14817371
2025-12-01 18:00:00,0.013,0.01318,0.013,0.01314,16196554
2025-12-01 19:00:00,0.01314,0.01317,0.01299,0.01304,13817512
2025-12-01 20:00:00,0.01304,0.01324,0.01304,0.01317,17020954
2025-12-01 21:00:00,0.01318,0.01334,0.01314,0.01326,15065158
2025-12-01 22:00:00,0.01327,0.01334,0.01321,0.01325,9404530
2025-12-01 23:00:00,0.01324,0.01332,0.01321,0.01323,3950605
2025-12-02 00:00:00,0.01322,0.01326,0.01301,0.01306,15368306
2025-12-02 01:00:00,0.01306,0.01325,0.01291,0.01291,12483534
2025-12-02 02:00:00,0.01291,0.01297,0.01287,0.01288,10362548
2025-12-02 03:00:00,0.01289,0.01293,0.01273,0.0129,16910193
2025-12-02 04:00:00,0.01291,0.01308,0.01288,0.01292,23090905
2025-12-02 05:00:00,0.01292,0.01301,0.01288,0.01298,12822036
2025-12-02 06:00:00,0.01299,0.01303,0.01293,0.01302,10912095
2025-12-02 07:00:00,0.01301,0.01303,0.01296,0.01298,6245893
2025-12-02 08:00:00,0.01298,0.013,0.01279,0.01282,14519484
2025-12-02 09:00:00,0.01281,0.01297,0.01281,0.01294,9477901
2025-12-02 10:00:00,0.01293,0.01311,0.01291,0.01305,13374089
2025-12-02 11:00:00,0.01305,0.01314,0.01304,0.01311,6951711
2025-12-02 12:00:00,0.01311,0.01317,0.01298,0.01304,11450992
2025-12-02 13:00:00,0.01304,0.01318,0.01296,0.01314,14265510
2025-12-02 14:00:00,0.01315,0.01345,0.0131,0.01342,28160641
2025-12-02 15:00:00,0.01344,0.01415,0.01344,0.01409,82180180
2025-12-02 16:00:00,0.01409,0.01416,0.01375,0.01394,48398762
2025-12-02 17:00:00,0.01393,0.01406,0.01387,0.01394,25295585
2025-12-02 18:00:00,0.01394,0.01408,0.0139,0.01403,15867587
2025-12-02 19:00:00,0.01403,0.01406,0.0139,0.01392,10187404
2025-12-02 20:00:00,0.01392,0.01393,0.01365,0.01372,26037409
2025-12-02 21:00:00,0.01372,0.01379,0.0137,0.01375,11604529
2025-12-02 22:00:00,0.01375,0.01395,0.01375,0.0139,16794686
2025-12-02 23:00:00,0.01389,0.0139,0.01363,0.01376,13177880
2025-12-03 00:00:00,0.01376,0.01395,0.01374,0.01387,19545733
2025-12-03 01:00:00,0.01387,0.014,0.01384,0.0139,18012737
2025-12-03 02:00:00,0.01389,0.01407,0.01385,0.01397,16122958
2025-12-03 03:00:00,0.01397,0.01405,0.01393,0.01399,13578620
2025-12-03 04:00:00,0.01399,0.01415,0.01395,0.01414,10176351
2025-12-03 05:00:00,0.01414,0.0142,0.01409,0.01416,9597405
2025-12-03 06:00:00,0.01416,0.01436,0.01411,0.01417,46786816
2025-12-03 07:00:00,0.01416,0.01418,0.01406,0.01408,13732912
2025-12-03 08:00:00,0.01409,0.0142,0.01409,0.01412,8626046
2025-12-03 09:00:00,0.01413,0.0142,0.01404,0.01419,11231641
2025-12-03 10:00:00,0.01418,0.01424,0.01406,0.01407,8537233
2025-12-03 11:00:00,0.01408,0.0141,0.01398,0.01406,8944896
2025-12-03 12:00:00,0.01407,0.01412,0.01397,0.01402,4759052
2025-12-03 13:00:00,0.01402,0.01414,0.014,0.0141,16743516
2025-12-03 14:00:00,0.0141,0.01422,0.0137,0.01393,59206933
2025-12-03 15:00:00,0.01394,0.01407,0.01387,0.01403,12332190
2025-12-03 16:00:00,0.01402,0.01408,0.01389,0.01396,6467799
2025-12-03 17:00:00,0.01397,0.01415,0.01397,0.01412,10351317
2025-12-03 18:00:00,0.01411,0.01422,0.01403,0.01408,12152930
2025-12-03 19:00:00,0.01407,0.01412,0.01403,0.01409,5529820
2025-12-03 20:00:00,0.01408,0.01412,0.01397,0.01402,11640161
2025-12-03 21:00:00,0.01402,0.01416,0.01399,0.01414,8139312
2025-12-03 22:00:00,0.01414,0.01423,0.01404,0.0142,18756604
2025-12-03 23:00:00,0.01419,0.01431,0.01405,0.01407,10209711
2025-12-04 00:00:00,0.01406,0.01411,0.01393,0.01402,11881623
2025-12-04 01:00:00,0.01403,0.01417,0.01399,0.01403,8334888
2025-12-04 02:00:00,0.01404,0.01418,0.014,0.01413,5713283
2025-12-04 03:00:00,0.01413,0.01419,0.014,0.01402,8116903
2025-12-04 04:00:00,0.01402,0.01406,0.01394,0.01401,6837628
2025-12-04 05:00:00,0.014,0.01403,0.01389,0.01397,6279343
2025-12-04 06:00:00,0.01398,0.01405,0.01395,0.01402,5976355
2025-12-04 07:00:00,0.014,0.01401,0.01388,0.01397,9422309
2025-12-04 08:00:00,0.01397,0.01406,0.01391,0.01398,7522030
2025-12-04 09:00:00,0.01399,0.01414,0.01399,0.01409,7006500
2025-12-04 10:00:00,0.0141,0.01411,0.01402,0.01405,6056718
2025-12-04 11:00:00,0.01405,0.01409,0.01401,0.01408,4665458
2025-12-04 12:00:00,0.01408,0.01415,0.01404,0.01406,8704309
2025-12-04 13:00:00,0.01407,0.01411,0.01388,0.0139,11738550
2025-12-04 14:00:00,0.0139,0.01394,0.01373,0.01378,24644273
2025-12-04 15:00:00,0.01378,0.01413,0.01378,0.01405,13542027
2025-12-04 16:00:00,0.01405,0.01408,0.01384,0.01388,11767780
2025-12-04 17:00:00,0.01388,0.01392,0.01374,0.01385,7804992
2025-12-04 18:00:00,0.01387,0.01392,0.01378,0.01383,12078347
2025-12-04 19:00:00,0.01384,0.01384,0.0134,0.0137,46370629
2025-12-04 20:00:00,0.0137,0.0138,0.01361,0.01374,12659899
2025-12-04 21:00:00,0.01374,0.01379,0.01359,0.01361,5712625
2025-12-04 22:00:00,0.01362,0.01371,0.0136,0.01368,5008761
2025-12-04 23:00:00,0.01367,0.0137,0.01363,0.01366,6526602
2025-12-05 00:00:00,0.01367,0.01375,0.01361,0.01364,8587857
2025-12-05 01:00:00,0.01365,0.01373,0.0136,0.01361,7473460
2025-12-05 02:00:00,0.01362,0.01372,0.01359,0.01365,8792936
2025-12-05 03:00:00,0.01365,0.01371,0.01357,0.0136,5112105
2025-12-05 04:00:00,0.0136,0.01366,0.01348,0.01351,12557888
2025-12-05 05:00:00,0.01351,0.01358,0.01343,0.01352,14366717
2025-12-05 06:00:00,0.01353,0.01369,0.01353,0.01369,14825603
2025-12-05 07:00:00,0.01368,0.01379,0.01366,0.01371,6113912
2025-12-05 08:00:00,0.01372,0.01374,0.01359,0.01363,6781976
2025-12-05 09:00:00,0.01364,0.01364,0.01339,0.01344,19471493
2025-12-05 10:00:00,0.01344,0.01355,0.01342,0.01348,9473188
2025-12-05 11:00:00,0.01349,0.01351,0.01327,0.01341,20877548
2025-12-05 12:00:00,0.01341,0.01349,0.01338,0.01348,6996365
2025-12-05 13:00:00,0.01348,0.01355,0.01329,0.01333,17906422
2025-12-05 14:00:00,0.01333,0.01343,0.01321,0.01327,23432810
2025-12-05 15:00:00,0.01327,0.01358,0.01327,0.01335,28134656
2025-12-05 16:00:00,0.01334,0.01335,0.01289,0.01306,48207759
2025-12-05 17:00:00,0.01306,0.0132,0.01301,0.01312,23693750
2025-12-05 18:00:00,0.01312,0.0132,0.01297,0.01297,17227856
2025-12-05 19:00:00,0.01298,0.01316,0.01289,0.01311,14437833
2025-12-05 20:00:00,0.01311,0.01318,0.01303,0.01304,6676354
2025-12-05 21:00:00,0.01304,0.01316,0.01304,0.01313,8605633
2025-12-05 22:00:00,0.01313,0.01324,0.01309,0.01321,6779246
2025-12-05 23:00:00,0.01322,0.01323,0.01312,0.0132,4353490
2025-12-06 00:00:00,0.01321,0.01323,0.01311,0.01321,4940939
2025-12-06 01:00:00,0.01321,0.01323,0.01312,0.01316,4046122
2025-12-06 02:00:00,0.01316,0.01321,0.01313,0.01321,3489299
2025-12-06 03:00:00,0.0132,0.01328,0.0132,0.01322,3473895
2025-12-06 04:00:00,0.01322,0.01323,0.01316,0.01317,2989650
2025-12-06 05:00:00,0.01317,0.01318,0.01311,0.01311,3155952
2025-12-06 06:00:00,0.01311,0.01319,0.01309,0.01313,2886310
2025-12-06 07:00:00,0.01312,0.01315,0.01304,0.01312,7179141
2025-12-06 08:00:00,0.01313,0.0132,0.01307,0.01308,6919910
2025-12-06 09:00:00,0.01307,0.01321,0.01307,0.01317,5170734
2025-12-06 10:00:00,0.01317,0.01317,0.01308,0.01312,6474475
2025-12-06 11:00:00,0.01311,0.01319,0.01304,0.01315,7547928
2025-12-06 12:00:00,0.01316,0.01319,0.0131,0.01312,4460633
2025-12-06 13:00:00,0.01311,0.01324,0.01311,0.01318,5973534
2025-12-06 14:00:00,0.01318,0.01342,0.01317,0.01328,20788364
2025-12-06 15:00:00,0.01328,0.01329,0.01313,0.01325,12820263
2025-12-06 16:00:00,0.01324,0.01347,0.01323,0.01338,16524391
2025-12-06 17:00:00,0.01337,0.01349,0.01332,0.01347,13909790
2025-12-06 18:00:00,0.01346,0.01351,0.01339,0.01342,7992163
2025-12-06 19:00:00,0.01343,0.01347,0.01329,0.01341,41316182
2025-12-06 20:00:00,0.01341,0.01348,0.01334,0.01339,12668233
2025-12-06 21:00:00,0.01338,0.01354,0.01335,0.01339,15015625
2025-12-06 22:00:00,0.01339,0.01339,0.01325,0.0133,7670614
2025-12-06 23:00:00,0.01329,0.0133,0.01316,0.01326,9486953
2025-12-07 00:00:00,0.01325,0.01343,0.01325,0.01341,8128228
2025-12-07 01:00:00,0.01341,0.01341,0.01333,0.01333,4511592
2025-12-07 02:00:00,0.01332,0.01339,0.0133,0.01337,3604599
2025-12-07 03:00:00,0.01337,0.01339,0.01332,0.01335,2621753
2025-12-07 04:00:00,0.01334,0.01334,0.01325,0.01328,5598809
2025-12-07 05:00:00,0.01328,0.01338,0.01328,0.01333,3323997
2025-12-07 06:00:00,0.01333,0.01339,0.01332,0.01337,2242126
2025-12-07 07:00:00,0.01338,0.01338,0.01319,0.01322,6029134
2025-12-07 08:00:00,0.01323,0.01323,0.01312,0.01313,12640125
2025-12-07 09:00:00,0.01313,0.01319,0.01303,0.01307,6857433
2025-12-07 10:00:00,0.01306,0.01312,0.01301,0.01308,4554752
2025-12-07 11:00:00,0.01308,0.01316,0.01307,0.01311,8056680
2025-12-07 12:00:00,0.0131,0.0132,0.01305,0.01312,12876303
2025-12-07 13:00:00,0.01312,0.01314,0.013,0.01307,12328899
2025-12-07 14:00:00,0.01307,0.01308,0.01262,0.01274,44496502
2025-12-07 15:00:00,0.01273,0.0131,0.0127,0.01307,32272464
2025-12-07 16:00:00,0.01306,0.01307,0.01292,0.01303,13238468
2025-12-07 17:00:00,0.01304,0.0133,0.01295,0.01325,25458280
2025-12-07 18:00:00,0.01324,0.01334,0.01324,0.01327,12696054
2025-12-07 19:00:00,0.01327,0.01334,0.01323,0.01333,6978266
2025-12-07 20:00:00,0.01334,0.01336,0.0133,0.01335,5111616
2025-12-07 21:00:00,0.01334,0.01334,0.01295,0.01302,18862426
2025-12-07 22:00:00,0.01302,0.01303,0.01271,0.01288,26134776
2025-12-07 23:00:00,0.01288,0.01295,0.01283,0.01294,6986414
2025-12-08 00:00:00,0.01294,0.01305,0.01289,0.01295,7426067
2025-12-08 01:00:00,0.01295,0.01323,0.01294,0.01307,12722553
2025-12-08 02:00:00,0.01307,0.01317,0.01303,0.01315,9691253
2025-12-08 03:00:00,0.01316,0.01321,0.01313,0.01319,6185371
2025-12-08 04:00:00,0.01319,0.01336,0.01318,0.01329,7216864
2025-12-08 05:00:00,0.0133,0.01333,0.01327,0.01329,5488661
2025-12-08 06:00:00,0.01329,0.01337,0.01327,0.01333,5912798
2025-12-08 07:00:00,0.01333,0.01339,0.0133,0.01335,6016265
2025-12-08 08:00:00,0.01336,0.01345,0.01333,0.01344,8838290
2025-12-08 09:00:00,0.01343,0.01362,0.01342,0.01354,16900808
2025-12-08 10:00:00,0.01354,0.01356,0.01349,0.01351,5710578
2025-12-08 11:00:00,0.01351,0.01352,0.01341,0.01343,7415626
2025-12-08 12:00:00,0.01345,0.0135,0.01336,0.01346,10821267
2025-12-08 13:00:00,0.01345,0.0135,0.01338,0.01339,10925126
2025-12-08 14:00:00,0.0134,0.01352,0.01328,0.01334,20424866
2025-12-08 15:00:00,0.01333,0.01338,0.01311,0.01321,24922986
2025-12-08 16:00:00,0.0132,0.01342,0.01313,0.0132,27187692
2025-12-08 17:00:00,0.0132,0.01323,0.01305,0.01316,19217022
2025-12-08 18:00:00,0.01316,0.0132,0.01295,0.01301,16520199
2025-12-08 19:00:00,0.01301,0.01309,0.01298,0.01301,10769916
2025-12-08 20:00:00,0.01302,0.01319,0.01301,0.01315,7733622
2025-12-08 21:00:00,0.01314,0.01323,0.0131,0.01322,6639490
2025-12-08 22:00:00,0.01321,0.01323,0.01309,0.01315,4643677
2025-12-08 23:00:00,0.01314,0.01317,0.01303,0.01312,6130884
2025-12-09 00:00:00,0.01312,0.0132,0.01307,0.01308,5661223
2025-12-09 01:00:00,0.01309,0.01311,0.01292,0.01298,8217702
2025-12-09 02:00:00,0.01297,0.01306,0.01296,0.01299,4635624
2025-12-09 03:00:00,0.01299,0.01311,0.01291,0.01308,10228422
2025-12-09 04:00:00,0.01308,0.01309,0.01292,0.01293,6427188
2025-12-09 05:00:00,0.01294,0.01303,0.01288,0.013,12574210
2025-12-09 06:00:00,0.01299,0.01303,0.01293,0.01303,7495223
2025-12-09 07:00:00,0.01302,0.01311,0.013,0.01308,6011680
2025-12-09 08:00:00,0.01309,0.01312,0.013,0.01304,3911556
2025-12-09 09:00:00,0.01304,0.01305,0.01292,0.01297,5520538
2025-12-09 10:00:00,0.01297,0.01306,0.01293,0.01303,9252280
2025-12-09 11:00:00,0.01303,0.01308,0.01301,0.01306,4515116
2025-12-09 12:00:00,0.01306,0.01328,0.01304,0.01323,15776646
2025-12-09 13:00:00,0.01323,0.01334,0.01314,0.01323,15395236
2025-12-09 14:00:00,0.01324,0.01332,0.01315,0.01324,13674094
2025-12-09 15:00:00,0.01325,0.01369,0.01323,0.01363,41324101
2025-12-09 16:00:00,0.01365,0.01389,0.01363,0.01376,74834279
2025-12-09 17:00:00,0.01377,0.01384,0.01364,0.01369,21974530
2025-12-09 18:00:00,0.01369,0.01372,0.0136,0.01367,10380531
2025-12-09 19:00:00,0.01367,0.01371,0.01357,0.01364,10961565
2025-12-09 20:00:00,0.01363,0.01364,0.0134,0.01347,16687484
2025-12-09 21:00:00,0.01347,0.01351,0.01327,0.01337,18814551
2025-12-09 22:00:00,0.01337,0.01354,0.01335,0.0135,11635789
2025-12-09 23:00:00,0.01349,0.01353,0.01343,0.01347,6826394
2025-12-10 00:00:00,0.01346,0.01351,0.01332,0.01333,6854778
2025-12-10 01:00:00,0.01333,0.01337,0.01323,0.01335,17888088
2025-12-10 02:00:00,0.01333,0.01341,0.01328,0.01336,7160692
2025-12-10 03:00:00,0.01335,0.01337,0.01329,0.0133,10317277
2025-12-10 04:00:00,0.0133,0.01335,0.01327,0.01329,6184284
2025-12-10 05:00:00,0.01329,0.01333,0.01325,0.01327,4589462
2025-12-10 06:00:00,0.01326,0.01327,0.01319,0.01322,8398701
2025-12-10 07:00:00,0.01322,0.01326,0.01314,0.01325,6175184
2025-12-10 08:00:00,0.01325,0.01326,0.01309,0.0131,6996167
2025-12-10 09:00:00,0.0131,0.01317,0.01305,0.01314,10578822
2025-12-10 10:00:00,0.01313,0.01323,0.01298,0.013,20581859
2025-12-10 11:00:00,0.013,0.01305,0.01297,0.01304,11184953
2025-12-10 12:00:00,0.01304,0.01304,0.01295,0.013,10227904
2025-12-10 13:00:00,0.013,0.01315,0.01299,0.01314,13860387
2025-12-10 14:00:00,0.01314,0.01315,0.01302,0.01309,12560703
2025-12-10 15:00:00,0.01308,0.01318,0.01304,0.01311,10209164
2025-12-10 16:00:00,0.01311,0.01324,0.01307,0.01318,8963775
2025-12-10 17:00:00,0.01319,0.01329,0.01316,0.01322,7185719
2025-12-10 18:00:00,0.01321,0.01342,0.01317,0.01326,16208386
2025-12-10 19:00:00,0.01328,0.01348,0.01312,0.01342,40615085
2025-12-10 20:00:00,0.01343,0.01367,0.01324,0.01331,33793127
2025-12-10 21:00:00,0.0133,0.01336,0.01308,0.01311,22737595
2025-12-10 22:00:00,0.01311,0.01316,0.01283,0.01311,36255212
2025-12-10 23:00:00,0.0131,0.01314,0.013,0.01301,14430704
2025-12-11 00:00:00,0.01301,0.01304,0.01275,0.01281,20583144
2025-12-11 01:00:00,0.01281,0.01281,0.01264,0.01264,17263639
2025-12-11 02:00:00,0.01264,0.01265,0.01229,0.0124,84987889
2025-12-11 03:00:00,0.0124,0.0124,0.01225,0.01226,19687868
2025-12-11 04:00:00,0.01226,0.01245,0.01215,0.01242,22143374
2025-12-11 05:00:00,0.01242,0.01251,0.01239,0.01246,10324928
2025-12-11 06:00:00,0.01246,0.01256,0.01245,0.0125,8051842
2025-12-11 07:00:00,0.0125,0.01255,0.01246,0.01252,7476698
2025-12-11 08:00:00,0.01251,0.01252,0.01246,0.01248,8234557
2025-12-11 09:00:00,0.01247,0.01256,0.01246,0.01249,6250601
2025-12-11 10:00:00,0.01249,0.01254,0.01245,0.01251,5585546
2025-12-11 11:00:00,0.01251,0.01262,0.0125,0.01255,10088103
2025-12-11 12:00:00,0.01255,0.01262,0.01252,0.01259,12748299
2025-12-11 13:00:00,0.0126,0.01263,0.01251,0.01257,9247772
2025-12-11 14:00:00,0.01256,0.01259,0.01238,0.01244,24265122
2025-12-11 15:00:00,0.01244,0.01258,0.0124,0.01246,14358478
2025-12-11 16:00:00,0.01245,0.01249,0.01234,0.01242,8715073
2025-12-11 17:00:00,0.01243,0.0125,0.01237,0.01241,8632317
2025-12-11 18:00:00,0.0124,0.01259,0.01238,0.01248,14611531
2025-12-11 19:00:00,0.01247,0.01253,0.01238,0.01241,14597715
2025-12-11 20:00:00,0.01241,0.0126,0.01241,0.01258,11569050
2025-12-11 21:00:00,0.01259,0.01278,0.01255,0.01268,24347888
2025-12-11 22:00:00,0.01267,0.01272,0.01253,0.01262,12308725
2025-12-11 23:00:00,0.01261,0.01263,0.01255,0.01256,6205949
2025-12-12 00:00:00,0.01257,0.0126,0.01239,0.0124,10887732
2025-12-12 01:00:00,0.0124,0.0126,0.0124,0.01258,9463856
2025-12-12 02:00:00,0.01258,0.01268,0.01256,0.01263,4984329
2025-12-12 03:00:00,0.01263,0.01264,0.01254,0.01259,4931795
2025-12-12 04:00:00,0.01259,0.01265,0.01258,0.0126,4703390
2025-12-12 05:00:00,0.01261,0.01271,0.01258,0.01268,6197114
2025-12-12 06:00:00,0.01269,0.01277,0.01265,0.01267,8399401
2025-12-12 07:00:00,0.01265,0.01268,0.0126,0.01262,5005305
2025-12-12 08:00:00,0.01262,0.01265,0.01254,0.0126,7867621
2025-12-12 09:00:00,0.01259,0.01266,0.01253,0.01265,4617303
2025-12-12 10:00:00,0.01264,0.01272,0.01263,0.0127,6090183
2025-12-12 11:00:00,0.01269,0.0127,0.01261,0.01264,5358321
2025-12-12 12:00:00,0.01264,0.01271,0.01261,0.01269,6781773
2025-12-12 13:00:00,0.01269,0.01271,0.01259,0.01264,8069014
2025-12-12 14:00:00,0.01263,0.01267,0.01255,0.0126,8198712
2025-12-12 15:00:00,0.0126,0.01261,0.01192,0.01203,47187669
2025-12-12 16:00:00,0.01203,0.0121,0.01191,0.01201,46251191
2025-12-12 17:00:00,0.01201,0.01214,0.012,0.01205,16300922
2025-12-12 18:00:00,0.01205,0.0122,0.01204,0.0121,12636934
2025-12-12 19:00:00,0.0121,0.01211,0.01203,0.01207,8512665
2025-12-12 20:00:00,0.01207,0.01213,0.01205,0.01209,7466079
2025-12-12 21:00:00,0.01209,0.01218,0.01209,0.01214,6706155
2025-12-12 22:00:00,0.01213,0.01227,0.01213,0.0122,7938905
2025-12-12 23:00:00,0.01221,0.01225,0.01219,0.01223,5234599
2025-12-13 00:00:00,0.01224,0.01228,0.0122,0.01223,4145811
2025-12-13 01:00:00,0.01223,0.01225,0.0122,0.01222,2572548
2025-12-13 02:00:00,0.01221,0.01225,0.01221,0.01224,2349729
2025-12-13 03:00:00,0.01224,0.01229,0.0122,0.01226,5595415
2025-12-13 04:00:00,0.01226,0.01228,0.01224,0.01227,2619297
2025-12-13 05:00:00,0.01227,0.01228,0.01216,0.01221,5302832
2025-12-13 06:00:00,0.0122,0.01222,0.01218,0.01219,3985897
2025-12-13 07:00:00,0.01219,0.0123,0.01219,0.01228,2864705
2025-12-13 08:00:00,0.01227,0.01254,0.01227,0.01238,55140230
2025-12-13 09:00:00,0.01239,0.01241,0.01234,0.01237,6813512
2025-12-13 10:00:00,0.01236,0.01247,0.01236,0.01244,10987772
2025-12-13 11:00:00,0.01244,0.01245,0.01237,0.01238,6642080
2025-12-13 12:00:00,0.01238,0.01246,0.01237,0.0124,4787534
2025-12-13 13:00:00,0.01241,0.01245,0.01237,0.0124,5894408
2025-12-13 14:00:00,0.0124,0.01244,0.01235,0.01237,5300868
2025-12-13 15:00:00,0.01238,0.01247,0.01237,0.01245,5682976
2025-12-13 16:00:00,0.01245,0.01249,0.01242,0.01247,8257470
2025-12-13 17:00:00,0.01246,0.01247,0.01238,0.01241,6577073
2025-12-13 18:00:00,0.01241,0.01247,0.0124,0.01244,3910852
2025-12-13 19:00:00,0.01243,0.01249,0.01243,0.01246,2452492
2025-12-13 20:00:00,0.01246,0.01248,0.0124,0.01241,3712899
2025-12-13 21:00:00,0.01242,0.01243,0.01229,0.01238,6555547
2025-12-13 22:00:00,0.01237,0.01239,0.01232,0.01234,4072522
2025-12-13 23:00:00,0.01234,0.01241,0.01233,0.01237,3007889
2025-12-14 00:00:00,0.01237,0.01241,0.01231,0.01238,4017475
2025-12-14 01:00:00,0.01239,0.01244,0.01237,0.01239,1892164
2025-12-14 02:00:00,0.01239,0.01246,0.01238,0.01245,4488102
2025-12-14 03:00:00,0.01245,0.01247,0.01234,0.01235,4573676
2025-12-14 04:00:00,0.01235,0.01236,0.01225,0.01229,7516048
2025-12-14 05:00:00,0.01228,0.01229,0.01218,0.01222,3907973
2025-12-14 06:00:00,0.01221,0.01224,0.01216,0.01223,3524207
2025-12-14 07:00:00,0.01223,0.01224,0.01215,0.01218,3054611
2025-12-14 08:00:00,0.01218,0.01226,0.01217,0.01219,5576047
2025-12-14 09:00:00,0.01219,0.01225,0.01218,0.01225,2350866
2025-12-14 10:00:00,0.01225,0.01227,0.01212,0.01219,10318510
2025-12-14 11:00:00,0.0122,0.0122,0.01201,0.01215,15734586
2025-12-14 12:00:00,0.01214,0.01222,0.01209,0.01218,6832047
2025-12-14 13:00:00,0.01217,0.01217,0.01208,0.01213,4877599
2025-12-14 14:00:00,0.01214,0.01215,0.01197,0.01201,9190086
2025-12-14 15:00:00,0.012,0.01202,0.01194,0.01197,18784614
2025-12-14 16:00:00,0.01197,0.01212,0.01193,0.01201,20472598
2025-12-14 17:00:00,0.01201,0.01204,0.01184,0.01188,14650165
2025-12-14 18:00:00,0.01189,0.01199,0.01186,0.01199,11757446
2025-12-14 19:00:00,0.01198,0.01198,0.0118,0.01189,10215587
2025-12-14 20:00:00,0.01189,0.01196,0.01182,0.01186,12781848
2025-12-14 21:00:00,0.01186,0.01189,0.01175,0.01179,11084093
2025-12-14 22:00:00,0.01179,0.01186,0.01172,0.01182,10938394
2025-12-14 23:00:00,0.01181,0.01187,0.01162,0.01174,16628070
2025-12-15 00:00:00,0.01175,0.01186,0.01175,0.01185,9286530
2025-12-15 01:00:00,0.01184,0.01203,0.01182,0.01199,9337272
2025-12-15 02:00:00,0.012,0.0121,0.01198,0.01199,11169822
2025-12-15 03:00:00,0.01199,0.01203,0.01195,0.01199,5656961
2025-12-15 04:00:00,0.012,0.01214,0.01199,0.01211,5391893
2025-12-15 05:00:00,0.0121,0.01221,0.0121,0.0122,6831057
2025-12-15 06:00:00,0.0122,0.01225,0.01213,0.01217,13013318
2025-12-15 07:00:00,0.01217,0.01218,0.01203,0.01209,8345775
2025-12-15 08:00:00,0.01209,0.01214,0.01206,0.01209,6349849
2025-12-15 09:00:00,0.01209,0.01217,0.01208,0.01213,4258388
2025-12-15 10:00:00,0.01213,0.01218,0.01206,0.0121,7135672
2025-12-15 11:00:00,0.0121,0.01214,0.01206,0.01212,4104819
2025-12-15 12:00:00,0.01211,0.01242,0.01207,0.01223,29123093
2025-12-15 13:00:00,0.01222,0.01225,0.01201,0.01206,22500865
2025-12-15 14:00:00,0.01205,0.01213,0.01167,0.0118,33327133
2025-12-15 15:00:00,0.01179,0.01181,0.01147,0.0116,61323412
2025-12-15 16:00:00,0.01161,0.01164,0.01139,0.01146,27971712
2025-12-15 17:00:00,0.01145,0.01145,0.01119,0.01121,61296506
2025-12-15 18:00:00,0.01121,0.01129,0.01101,0.01128,39510018
2025-12-15 19:00:00,0.01128,0.0114,0.01126,0.01134,20104155
2025-12-15 20:00:00,0.01133,0.01136,0.01123,0.0113,15217875
2025-12-15 21:00:00,0.0113,0.01143,0.01129,0.01141,10224206
2025-12-15 22:00:00,0.01141,0.01145,0.01138,0.01145,4429186
2025-12-15 23:00:00,0.01145,0.01151,0.01145,0.0115,7557094
2025-12-16 00:00:00,0.01151,0.01152,0.01135,0.01136,11110089
2025-12-16 01:00:00,0.01136,0.01143,0.01132,0.01137,6343009
2025-12-16 02:00:00,0.01137,0.01147,0.01133,0.01139,7396802
2025-12-16 03:00:00,0.01139,0.01142,0.01131,0.01141,8592442
2025-12-16 04:00:00,0.0114,0.01142,0.01118,0.01134,14222489
2025-12-16 05:00:00,0.01134,0.01143,0.01133,0.01141,9978400
2025-12-16 06:00:00,0.01141,0.01149,0.0114,0.01148,9833547
2025-12-16 07:00:00,0.01147,0.0115,0.01129,0.01131,17755892
2025-12-16 08:00:00,0.01132,0.01136,0.01128,0.01133,8227478
2025-12-16 09:00:00,0.01133,0.01137,0.01132,0.01137,5314638
2025-12-16 10:00:00,0.01136,0.01157,0.01134,0.0115,17557138
2025-12-16 11:00:00,0.0115,0.01189,0.01148,0.01173,55816009
2025-12-16 12:00:00,0.01173,0.01175,0.01166,0.01172,23597733
2025-12-16 13:00:00,0.01171,0.01182,0.01148,0.01165,133207404
2025-12-16 14:00:00,0.01164,0.01175,0.01144,0.01159,118497014
2025-12-16 15:00:00,0.0116,0.01174,0.01153,0.0117,43861441
2025-12-16 16:00:00,0.01169,0.01175,0.0116,0.01168,33228785
2025-12-16 17:00:00,0.01169,0.01174,0.0116,0.01162,24361012
2025-12-16 18:00:00,0.01162,0.01177,0.01161,0.01172,18537954
2025-12-16 19:00:00,0.01171,0.01173,0.01159,0.01167,9385004
2025-12-16 20:00:00,0.01168,0.01176,0.01167,0.01168,14784758
2025-12-16 21:00:00,0.01167,0.01173,0.01165,0.01169,4917671
2025-12-16 22:00:00,0.0117,0.01172,0.01162,0.01167,9236767
2025-12-16 23:00:00,0.01168,0.0117,0.01163,0.01168,6277306
2025-12-17 00:00:00,0.01167,0.01168,0.01158,0.01162,4667255
2025-12-17 01:00:00,0.01162,0.01175,0.01156,0.01164,12993125
2025-12-17 02:00:00,0.01165,0.01167,0.01156,0.01162,7337012
2025-12-17 03:00:00,0.01162,0.01166,0.01153,0.01156,9321135
2025-12-17 04:00:00,0.01156,0.0116,0.01149,0.01153,8000441
2025-12-17 05:00:00,0.01154,0.01157,0.01146,0.01155,20567958
2025-12-17 06:00:00,0.01155,0.0116,0.01154,0.01155,8510939
2025-12-17 07:00:00,0.01156,0.01164,0.01153,0.01156,8975301
2025-12-17 08:00:00,0.01156,0.01156,0.01144,0.01147,11476643
2025-12-17 09:00:00,0.01148,0.01154,0.01145,0.01149,7308484
2025-12-17 10:00:00,0.01149,0.01152,0.01145,0.01149,9483725
2025-12-17 11:00:00,0.01148,0.01158,0.01148,0.01157,9214386
2025-12-17 12:00:00,0.01157,0.01159,0.01146,0.0115,12819741
2025-12-17 13:00:00,0.01151,0.01162,0.01144,0.01158,15547053
2025-12-17 14:00:00,0.01157,0.01173,0.01132,0.01171,64417708
2025-12-17 15:00:00,0.01171,0.01181,0.01131,0.01132,102772916
2025-12-17 16:00:00,0.01132,0.01142,0.011,0.01123,122336114
2025-12-17 17:00:00,0.01123,0.01126,0.01104,0.01106,47482973
2025-12-17 18:00:00,0.01106,0.01115,0.0108,0.01082,84809701
2025-12-17 19:00:00,0.01083,0.01094,0.01071,0.01093,63137401
2025-12-17 20:00:00,0.01093,0.01104,0.0109,0.01092,27012788
2025-12-17 21:00:00,0.01092,0.01095,0.01081,0.01084,13355198
2025-12-17 22:00:00,0.01085,0.01095,0.01082,0.01093,13426236
2025-12-17 23:00:00,0.01093,0.01093,0.01085,0.01091,4370190
2025-12-18 00:00:00,0.0109,0.0109,0.01082,0.01089,9712354
2025-12-18 01:00:00,0.01089,0.01089,0.01076,0.01079,17928919
2025-12-18 02:00:00,0.0108,0.01092,0.01077,0.01086,11414821
2025-12-18 03:00:00,0.01086,0.01087,0.01075,0.01078,8212879
2025-12-18 04:00:00,0.01078,0.01083,0.01075,0.01076,4696439
2025-12-18 05:00:00,0.01076,0.01077,0.01042,0.01045,73696274
2025-12-18 06:00:00,0.01045,0.0105,0.0104,0.01045,19242033
2025-12-18 07:00:00,0.01044,0.01048,0.01039,0.01048,17493322
2025-12-18 08:00:00,0.01047,0.01058,0.01046,0.01052,13934853
2025-12-18 09:00:00,0.01052,0.01056,0.01047,0.01049,16939808
2025-12-18 10:00:00,0.0105,0.01059,0.01048,0.01053,8394041
2025-12-18 11:00:00,0.01054,0.01056,0.01044,0.01056,11291507
2025-12-18 12:00:00,0.01056,0.01059,0.01051,0.01056,8142928
2025-12-18 13:00:00,0.01056,0.01077,0.01056,0.01075,44603946
2025-12-18 14:00:00,0.01075,0.01081,0.01055,0.01063,42430607
2025-12-18 15:00:00,0.01063,0.01083,0.01054,0.01074,45189591
2025-12-18 16:00:00,0.01075,0.01079,0.01067,0.01071,12124035
2025-12-18 17:00:00,0.0107,0.0107,0.01009,0.01028,101708461
2025-12-18 18:00:00,0.01027,0.01035,0.01006,0.01011,35885821
2025-12-18 19:00:00,0.01012,0.01012,0.00983,0.00984,64392351
2025-12-18 20:00:00,0.00984,0.01002,0.00984,0.00995,21369921
2025-12-18 21:00:00,0.00997,0.01015,0.00997,0.01014,34442589
2025-12-18 22:00:00,0.01014,0.01018,0.01009,0.01011,8646126
2025-12-18 23:00:00,0.0101,0.01011,0.01004,0.01006,6542703
2025-12-19 00:00:00,0.01006,0.01009,0.00997,0.01003,12707788
2025-12-19 01:00:00,0.01002,0.01002,0.00991,0.00996,9915678
2025-12-19 02:00:00,0.00996,0.01008,0.00992,0.01006,12572758
2025-12-19 03:00:00,0.01005,0.01038,0.01004,0.01027,52760710
2025-12-19 04:00:00,0.01027,0.01035,0.01026,0.01029,14712114
2025-12-19 05:00:00,0.01029,0.0103,0.01022,0.01026,8761177
2025-12-19 06:00:00,0.01026,0.01032,0.01022,0.01031,15230090
2025-12-19 07:00:00,0.01032,0.01046,0.01031,0.01033,25776336
2025-12-19 08:00:00,0.01034,0.01037,0.01028,0.01036,7425053
2025-12-19 09:00:00,0.01035,0.01036,0.01023,0.01028,21913810
2025-12-19 10:00:00,0.01027,0.0103,0.01018,0.01023,12023637
2025-12-19 11:00:00,0.01024,0.01027,0.01019,0.01025,12803893
2025-12-19 12:00:00,0.01025,0.01028,0.01019,0.01026,15586399
2025-12-19 13:00:00,0.01027,0.01031,0.01021,0.01027,10419667
2025-12-19 14:00:00,0.01027,0.01042,0.01021,0.01032,24646307
2025-12-19 15:00:00,0.01033,0.01053,0.01026,0.01034,44649919
2025-12-19 16:00:00,0.01034,0.01056,0.01033,0.01039,31946480
2025-12-19 17:00:00,0.01041,0.01051,0.01027,0.01029,28914859
2025-12-19 18:00:00,0.01028,0.01042,0.01028,0.01039,13574510
2025-12-19 19:00:00,0.0104,0.01061,0.01039,0.01054,13660671
2025-12-19 20:00:00,0.01055,0.01058,0.01047,0.01055,17399480
2025-12-19 21:00:00,0.01055,0.01055,0.01041,0.01045,11875804
2025-12-19 22:00:00,0.01046,0.01052,0.01045,0.01046,6905202
2025-12-19 23:00:00,0.01046,0.01046,0.01038,0.01039,5200614
2025-12-20 00:00:00,0.01039,0.01041,0.01034,0.0104,8649729
2025-12-20 01:00:00,0.01039,0.0104,0.01034,0.01037,4381220
2025-12-20 02:00:00,0.01037,0.01038,0.01032,0.01036,5841763
2025-12-20 03:00:00,0.01035,0.0104,0.01032,0.01038,4304905
2025-12-20 04:00:00,0.01037,0.01037,0.01029,0.01031,5656394
2025-12-20 05:00:00,0.01031,0.01044,0.01031,0.01039,10731093
2025-12-20 06:00:00,0.01039,0.01046,0.01038,0.01043,4943372
2025-12-20 07:00:00,0.01043,0.01056,0.01039,0.01055,8458898
2025-12-20 08:00:00,0.01056,0.0107,0.01053,0.01054,18682384
2025-12-20 09:00:00,0.01055,0.01058,0.01046,0.01047,9019918
2025-12-20 10:00:00,0.01048,0.01048,0.01037,0.01039,12976001
2025-12-20 11:00:00,0.0104,0.01049,0.01039,0.01048,7871978
2025-12-20 12:00:00,0.01048,0.01049,0.0104,0.01049,17159830
2025-12-20 13:00:00,0.01048,0.0105,0.01038,0.01043,16168501
2025-12-20 14:00:00,0.01043,0.01049,0.01035,0.01049,9236945
2025-12-20 15:00:00,0.01049,0.01049,0.01041,0.01043,8381572
2025-12-20 16:00:00,0.01044,0.01047,0.01038,0.01042,6457330
2025-12-20 17:00:00,0.01043,0.01051,0.01042,0.01046,8326876
2025-12-20 18:00:00,0.01046,0.01052,0.01044,0.01049,6019102
2025-12-20 19:00:00,0.0105,0.01054,0.01047,0.01052,5562263
2025-12-20 20:00:00,0.01051,0.01053,0.01044,0.0105,5076760
2025-12-20 21:00:00,0.01051,0.01055,0.01049,0.0105,6569871
2025-12-20 22:00:00,0.0105,0.01063,0.01047,0.01058,9024289
2025-12-20 23:00:00,0.01058,0.01059,0.01054,0.01054,4316592
2025-12-21 00:00:00,0.01055,0.0106,0.01051,0.01054,5526957
2025-12-21 01:00:00,0.01054,0.01054,0.01042,0.01043,7644002
2025-12-21 02:00:00,0.01044,0.01046,0.01034,0.01037,8268820
2025-12-21 03:00:00,0.01038,0.01045,0.01037,0.01044,4147573
2025-12-21 04:00:00,0.01043,0.01045,0.01037,0.01038,5342240
2025-12-21 05:00:00,0.01039,0.01046,0.01038,0.0104,3923260
2025-12-21 06:00:00,0.01041,0.01047,0.0104,0.01047,2546641
2025-12-21 07:00:00,0.01046,0.01048,0.01043,0.01047,2973232
2025-12-21 08:00:00,0.01047,0.01053,0.0104,0.01048,7305693
2025-12-21 09:00:00,0.01048,0.01051,0.01042,0.01045,8249942
2025-12-21 10:00:00,0.01046,0.01048,0.01037,0.01039,3630647
2025-12-21 11:00:00,0.01039,0.01041,0.01036,0.01038,3534348
2025-12-21 12:00:00,0.01037,0.01043,0.01028,0.01032,14569637
2025-12-21 13:00:00,0.01031,0.01031,0.00994,0.00994,48869464
2025-12-21 14:00:00,0.00995,0.01007,0.00991,0.01006,17435007
2025-12-21 15:00:00,0.01006,0.01006,0.00993,0.01,18329014
2025-12-21 16:00:00,0.00999,0.01001,0.00986,0.00997,27560583
2025-12-21 17:00:00,0.00997,0.01001,0.00982,0.00998,40784733
2025-12-21 18:00:00,0.00999,0.01001,0.00989,0.01,14234705
2025-12-21 19:00:00,0.01,0.01003,0.00994,0.01001,11690495
2025-12-21 20:00:00,0.01002,0.01003,0.00996,0.00998,7546730
2025-12-21 21:00:00,0.00998,0.01004,0.00991,0.00994,13416799
2025-12-21 22:00:00,0.00994,0.01012,0.00993,0.01011,9502105
2025-12-21 23:00:00,0.01012,0.01017,0.01007,0.0101,11611310
2025-12-22 00:00:00,0.0101,0.01034,0.0101,0.01012,23330706
2025-12-22 01:00:00,0.01012,0.01029,0.01011,0.01014,19151092
2025-12-22 02:00:00,0.01013,0.01022,0.00997,0.01021,36722352
2025-12-22 03:00:00,0.01021,0.01035,0.01019,0.01024,17357307
2025-12-22 04:00:00,0.01025,0.0103,0.01023,0.01026,8227947
2025-12-22 05:00:00,0.01026,0.0103,0.01021,0.01025,5440049
2025-12-22 06:00:00,0.01025,0.01032,0.01022,0.01027,6165700
2025-12-22 07:00:00,0.01028,0.01047,0.01026,0.01045,37810060
2025-12-22 08:00:00,0.01045,0.01053,0.01038,0.01049,11653704
2025-12-22 09:00:00,0.01049,0.01057,0.01045,0.01051,13453993
2025-12-22 10:00:00,0.01051,0.01053,0.01047,0.01048,6027010
2025-12-22 11:00:00,0.01049,0.01055,0.01044,0.01048,14569393
2025-12-22 12:00:00,0.01048,0.01057,0.01046,0.01052,11313242
2025-12-22 13:00:00,0.01051,0.01055,0.01044,0.01048,17826814
2025-12-22 14:00:00,0.01048,0.01053,0.01036,0.01045,25884194
2025-12-22 15:00:00,0.01046,0.01049,0.0103,0.01042,14427822
2025-12-22 16:00:00,0.01043,0.01047,0.01038,0.01041,10615463
2025-12-22 17:00:00,0.0104,0.01043,0.01033,0.01039,8646859
2025-12-22 18:00:00,0.0104,0.01046,0.01035,0.01038,9220728
2025-12-22 19:00:00,0.01038,0.01038,0.01015,0.01016,23042694
2025-12-22 20:00:00,0.01017,0.01023,0.01007,0.01012,29813932
2025-12-22 21:00:00,0.01011,0.01026,0.0101,0.01023,9618818
2025-12-22 22:00:00,0.01021,0.01034,0.01018,0.01033,10360297
2025-12-22 23:00:00,0.01032,0.01036,0.01029,0.01034,8268910
2025-12-23 00:00:00,0.01034,0.01038,0.01031,0.01036,9524877
2025-12-23 01:00:00,0.01036,0.01039,0.01029,0.01033,6075302
2025-12-23 02:00:00,0.01033,0.01039,0.01023,0.01023,11911735
2025-12-23 03:00:00,0.01023,0.01028,0.01016,0.01024,9487776
2025-12-23 04:00:00,0.01024,0.01026,0.01016,0.01016,7994870
2025-12-23 05:00:00,0.01016,0.01018,0.01007,0.01015,10343906
2025-12-23 06:00:00,0.01014,0.01017,0.01007,0.01013,11322772
2025-12-23 07:00:00,0.01013,0.0102,0.01012,0.01016,8071731
2025-12-23 08:00:00,0.01017,0.01021,0.01011,0.01012,9308713
2025-12-23 09:00:00,0.01012,0.01018,0.01011,0.01015,5097641
2025-12-23 10:00:00,0.01016,0.01025,0.01016,0.01023,8220922
2025-12-23 11:00:00,0.01023,0.01027,0.01022,0.01024,5613024
2025-12-23 12:00:00,0.01024,0.01024,0.01011,0.01015,13286527
2025-12-23 13:00:00,0.01014,0.0102,0.01005,0.01012,14338560
2025-12-23 14:00:00,0.01012,0.01016,0.00993,0.01002,31306913
2025-12-23 15:00:00,0.01001,0.01013,0.00999,0.01009,14090568
2025-12-23 16:00:00,0.01008,0.01028,0.01006,0.01026,20579764
2025-12-23 17:00:00,0.01027,0.01033,0.01014,0.01015,18548519
2025-12-23 18:00:00,0.01015,0.0104,0.01014,0.01039,18205714
2025-12-23 19:00:00,0.01039,0.01041,0.0103,0.01033,11470165
2025-12-23 20:00:00,0.01032,0.01052,0.01028,0.01037,18577811
2025-12-23 21:00:00,0.01038,0.01039,0.01029,0.0103,11252646
2025-12-23 22:00:00,0.0103,0.01035,0.01026,0.0103,13881944
2025-12-23 23:00:00,0.0103,0.01034,0.01027,0.01029,4974904
2025-12-24 00:00:00,0.0103,0.01032,0.01025,0.01031,7073179
2025-12-24 01:00:00,0.01032,0.01034,0.01021,0.01024,6709126
2025-12-24 02:00:00,0.01023,0.01024,0.01005,0.01006,20962561
2025-12-24 03:00:00,0.01005,0.01014,0.01002,0.01012,18880516
2025-12-24 04:00:00,0.01011,0.01019,0.01004,0.01006,6548387
2025-12-24 05:00:00,0.01005,0.01009,0.00996,0.01001,15435120
2025-12-24 06:00:00,0.01,0.01006,0.00996,0.01005,6294985
2025-12-24 07:00:00,0.01004,0.0101,0.01002,0.01004,8994928
2025-12-24 08:00:00,0.01003,0.01008,0.00997,0.00997,9025382
2025-12-24 09:00:00,0.00998,0.01006,0.00997,0.01004,9507277
2025-12-24 10:00:00,0.01003,0.01009,0.01003,0.01004,5588498
2025-12-24 11:00:00,0.01004,0.01011,0.01004,0.01005,6046779
2025-12-24 12:00:00,0.01005,0.0101,0.01003,0.01006,6149378
2025-12-24 13:00:00,0.01005,0.01007,0.01001,0.01005,4514416
2025-12-24 14:00:00,0.01005,0.01012,0.00993,0.01008,22905825
2025-12-24 15:00:00,0.01008,0.01017,0.01006,0.01013,11785416
2025-12-24 16:00:00,0.01012,0.01022,0.01009,0.01018,14983186
2025-12-24 17:00:00,0.01019,0.01021,0.01014,0.01016,3963805
2025-12-24 18:00:00,0.01015,0.01022,0.01013,0.01019,11081411
2025-12-24 19:00:00,0.01018,0.01024,0.01013,0.01022,11802164
2025-12-24 20:00:00,0.01023,0.0103,0.01023,0.01029,7668896
2025-12-24 21:00:00,0.0103,0.01039,0.01028,0.01032,12891261
2025-12-24 22:00:00,0.01031,0.01042,0.01031,0.01038,8380101
2025-12-24 23:00:00,0.01038,0.0104,0.01033,0.01039,5675453
2025-12-25 00:00:00,0.01039,0.0104,0.01032,0.01034,7194525
2025-12-25 01:00:00,0.01035,0.01039,0.01032,0.01037,8200937
2025-12-25 02:00:00,0.01036,0.01054,0.01034,0.01052,9371301
2025-12-25 03:00:00,0.01053,0.0107,0.0105,0.01066,21718841
2025-12-25 04:00:00,0.01065,0.01075,0.01058,0.0107,18823394
2025-12-25 05:00:00,0.0107,0.01071,0.01062,0.01068,7594589
2025-12-25 06:00:00,0.01068,0.01097,0.01066,0.01087,50086397
2025-12-25 07:00:00,0.01085,0.01094,0.01079,0.01085,28489841
2025-12-25 08:00:00,0.01085,0.01091,0.01071,0.01074,19475450
2025-12-25 09:00:00,0.01074,0.01078,0.01069,0.01077,10987510
2025-12-25 10:00:00,0.01077,0.01083,0.01063,0.01068,19621368
2025-12-25 11:00:00,0.01067,0.01073,0.01063,0.01065,8687971
2025-12-25 12:00:00,0.01064,0.01071,0.01063,0.01067,7495222
2025-12-25 13:00:00,0.01067,0.01067,0.01056,0.01059,21954146
2025-12-25 14:00:00,0.01059,0.01062,0.01052,0.01057,7748184
2025-12-25 15:00:00,0.01058,0.0107,0.01055,0.01067,15163808
2025-12-25 16:00:00,0.01067,0.01074,0.01065,0.01066,12466242
2025-12-25 17:00:00,0.01066,0.01076,0.01064,0.01075,5742828
2025-12-25 18:00:00,0.01074,0.01077,0.0107,0.01075,7033824
2025-12-25 19:00:00,0.01075,0.01077,0.01067,0.01077,6494627
2025-12-25 20:00:00,0.01077,0.01078,0.01066,0.0107,6167168
2025-12-25 21:00:00,0.01071,0.01074,0.01066,0.01069,4387616
2025-12-25 22:00:00,0.01069,0.01071,0.01038,0.01046,25370814
2025-12-25 23:00:00,0.01046,0.01055,0.01026,0.01034,40880511
2025-12-26 00:00:00,0.01034,0.01039,0.01026,0.01031,10894456
2025-12-26 01:00:00,0.01031,0.01044,0.0103,0.01042,7261239
2025-12-26 02:00:00,0.01042,0.0107,0.0104,0.01062,35005268
2025-12-26 03:00:00,0.01062,0.01069,0.01053,0.0106,42877255
2025-12-26 04:00:00,0.01061,0.01065,0.01054,0.01062,5648799
2025-12-26 05:00:00,0.01062,0.01065,0.01059,0.01064,3783451
2025-12-26 06:00:00,0.01064,0.01066,0.01058,0.0106,4736935
2025-12-26 07:00:00,0.0106,0.01067,0.01049,0.01052,9344548
2025-12-26 08:00:00,0.01052,0.01057,0.01051,0.01054,6010545
2025-12-26 09:00:00,0.01053,0.01064,0.01052,0.01062,6060528
2025-12-26 10:00:00,0.01061,0.01064,0.01056,0.01059,9570684
2025-12-26 11:00:00,0.01059,0.01063,0.01054,0.0106,7084814
2025-12-26 12:00:00,0.01061,0.01063,0.01058,0.01063,2938822
2025-12-26 13:00:00,0.01062,0.01063,0.01058,0.0106,4997752
2025-12-26 14:00:00,0.0106,0.01061,0.01043,0.01047,17702533
2025-12-26 15:00:00,0.01047,0.01051,0.01039,0.01047,20313887
2025-12-26 16:00:00,0.01047,0.01052,0.01038,0.01041,11751102
2025-12-26 17:00:00,0.01041,0.01057,0.0104,0.01052,16921902
2025-12-26 18:00:00,0.01052,0.01059,0.01051,0.01057,6285832
2025-12-26 19:00:00,0.01056,0.01062,0.01055,0.01059,5025553
2025-12-26 20:00:00,0.01059,0.01072,0.01056,0.01065,13153458
2025-12-26 21:00:00,0.01066,0.01067,0.01055,0.01056,12483159
2025-12-26 22:00:00,0.01057,0.01058,0.01052,0.01057,4645930
2025-12-26 23:00:00,0.01056,0.01061,0.01056,0.01061,1835481
2025-12-27 00:00:00,0.0106,0.01068,0.0106,0.01065,4539832
2025-12-27 01:00:00,0.01065,0.01066,0.0106,0.01065,3478371
2025-12-27 02:00:00,0.01066,0.01075,0.01066,0.01075,14184968
2025-12-27 03:00:00,0.01075,0.01082,0.01073,0.01077,7341639
2025-12-27 04:00:00,0.01078,0.01079,0.01072,0.01075,10315214
2025-12-27 05:00:00,0.01075,0.01075,0.0107,0.01073,2411679
2025-12-27 06:00:00,0.01073,0.01077,0.01072,0.01073,3619769
2025-12-27 07:00:00,0.01074,0.0108,0.01073,0.01076,3261997
2025-12-27 08:00:00,0.01075,0.01077,0.01068,0.01069,5187854
2025-12-27 09:00:00,0.01069,0.01072,0.01061,0.01062,10934243
2025-12-27 10:00:00,0.01063,0.01069,0.01053,0.01069,7867457
2025-12-27 11:00:00,0.01068,0.01107,0.01068,0.01102,74415000
2025-12-27 12:00:00,0.01101,0.01122,0.01095,0.0111,36560618
2025-12-27 13:00:00,0.0111,0.01118,0.01103,0.01115,26842592
2025-12-27 14:00:00,0.01114,0.0113,0.01114,0.01121,29471107
2025-12-27 15:00:00,0.0112,0.01136,0.0112,0.0113,33291666
2025-12-27 16:00:00,0.0113,0.01143,0.01115,0.01115,62511377
2025-12-27 17:00:00,0.01115,0.01155,0.01115,0.01135,97784863
2025-12-27 18:00:00,0.01136,0.01146,0.01126,0.01142,19786542
2025-12-27 19:00:00,0.01142,0.01168,0.0114,0.01166,61642842
2025-12-27 20:00:00,0.01166,0.01167,0.01136,0.01145,49109142
2025-12-27 21:00:00,0.01144,0.01151,0.01139,0.01143,19901154
2025-12-27 22:00:00,0.01142,0.01148,0.01134,0.01141,22309730
2025-12-27 23:00:00,0.01141,0.01159,0.01141,0.01156,21900509
2025-12-28 00:00:00,0.01155,0.01167,0.01149,0.01152,19648830
2025-12-28 01:00:00,0.01152,0.01159,0.01146,0.01154,20524533
2025-12-28 02:00:00,0.01154,0.01165,0.01153,0.01158,13874830
2025-12-28 03:00:00,0.01159,0.01159,0.01151,0.01156,7123819
2025-12-28 04:00:00,0.01155,0.01158,0.01148,0.0115,5725428
2025-12-28 05:00:00,0.01151,0.0116,0.01149,0.01158,8750187
2025-12-28 06:00:00,0.01158,0.0116,0.01145,0.01152,13067904
2025-12-28 07:00:00,0.01152,0.01159,0.01152,0.01155,9402043
2025-12-28 08:00:00,0.01154,0.01155,0.01144,0.01154,10604692
2025-12-28 09:00:00,0.01154,0.01164,0.01149,0.01153,11777540
2025-12-28 10:00:00,0.01152,0.01158,0.01141,0.01144,14255142
2025-12-28 11:00:00,0.01144,0.01149,0.01135,0.0114,19793352
2025-12-28 12:00:00,0.01139,0.01146,0.0113,0.01138,16458848
2025-12-28 13:00:00,0.01138,0.01142,0.01133,0.01137,8764448
2025-12-28 14:00:00,0.01137,0.01148,0.01136,0.01143,18064627
2025-12-28 15:00:00,0.01144,0.01146,0.01132,0.01138,18205811
2025-12-28 16:00:00,0.01138,0.0114,0.01128,0.01133,11551117
2025-12-28 17:00:00,0.01131,0.01137,0.01128,0.01135,9455070
2025-12-28 18:00:00,0.01135,0.01145,0.01112,0.01116,37196546
2025-12-28 19:00:00,0.01115,0.01127,0.01111,0.01114,18017400
2025-12-28 20:00:00,0.01114,0.01129,0.01111,0.01123,15730109
2025-12-28 21:00:00,0.01123,0.01127,0.01112,0.01118,19581835
2025-12-28 22:00:00,0.01118,0.0112,0.01114,0.01119,9925975
2025-12-28 23:00:00,0.0112,0.01127,0.01113,0.01123,11214041
2025-12-29 00:00:00,0.01123,0.01129,0.01117,0.01125,15934002
2025-12-29 01:00:00,0.01125,0.01131,0.01116,0.01128,8869417
2025-12-29 02:00:00,0.01128,0.01137,0.01126,0.01129,11291441
2025-12-29 03:00:00,0.01129,0.01142,0.01128,0.01138,13665162
2025-12-29 04:00:00,0.01139,0.01143,0.01135,0.01139,10799696
2025-12-29 05:00:00,0.01137,0.01139,0.0113,0.01137,6409136
2025-12-29 06:00:00,0.01136,0.01137,0.01128,0.01129,4934206
2025-12-29 07:00:00,0.01129,0.01136,0.01119,0.01132,10012602
2025-12-29 08:00:00,0.01131,0.01132,0.01122,0.01124,4706704
2025-12-29 09:00:00,0.01123,0.01126,0.01096,0.01109,25669784
2025-12-29 10:00:00,0.01108,0.01115,0.01106,0.01111,8286186
2025-12-29 11:00:00,0.0111,0.01115,0.01105,0.01107,14302635
2025-12-29 12:00:00,0.01107,0.01107,0.01088,0.01102,17011781
2025-12-29 13:00:00,0.01102,0.01106,0.01093,0.01096,14672251
2025-12-29 14:00:00,0.01096,0.0111,0.0109,0.01099,29408580
2025-12-29 15:00:00,0.01099,0.01115,0.01098,0.01107,14945733
2025-12-29 16:00:00,0.01107,0.01108,0.01099,0.01102,9863893
2025-12-29 17:00:00,0.01102,0.01109,0.011,0.01109,8035154
2025-12-29 18:00:00,0.01108,0.0111,0.01095,0.01097,12241891
2025-12-29 19:00:00,0.01097,0.01106,0.01094,0.011,9511426
2025-12-29 20:00:00,0.011,0.01103,0.01092,0.01097,14509645
2025-12-29 21:00:00,0.01097,0.01107,0.01096,0.01105,5936203
2025-12-29 22:00:00,0.01104,0.01105,0.01101,0.01102,3071219
2025-12-29 23:00:00,0.01104,0.01104,0.01095,0.01098,4257555
2025-12-30 00:00:00,0.01097,0.01103,0.01088,0.01092,11510842
2025-12-30 01:00:00,0.01092,0.01092,0.0107,0.01079,53380372
2025-12-30 02:00:00,0.0108,0.01083,0.01076,0.01076,14488882
2025-12-30 03:00:00,0.01076,0.01079,0.01068,0.01074,15338918
2025-12-30 04:00:00,0.01074,0.01079,0.01066,0.0107,24000173
2025-12-30 05:00:00,0.0107,0.01072,0.01057,0.01064,17717274
2025-12-30 06:00:00,0.01065,0.01069,0.01061,0.01063,8037613
2025-12-30 07:00:00,0.01062,0.01068,0.01057,0.01059,9071145
2025-12-30 08:00:00,0.01058,0.01071,0.01057,0.01059,20442001
2025-12-30 09:00:00,0.01059,0.01068,0.01059,0.01066,8649189
2025-12-30 10:00:00,0.01065,0.01067,0.01059,0.01067,8422157
2025-12-30 11:00:00,0.01067,0.01072,0.01063,0.01071,8079724
2025-12-30 12:00:00,0.01071,0.01072,0.01061,0.01062,5756068
2025-12-30 13:00:00,0.01062,0.01065,0.01059,0.01061,6017406
2025-12-30 14:00:00,0.01062,0.01069,0.01048,0.01066,29359768
2025-12-30 15:00:00,0.01066,0.01068,0.01056,0.01068,11966163
2025-12-30 16:00:00,0.01068,0.01073,0.01063,0.01067,17525626
2025-12-30 17:00:00,0.01067,0.0107,0.01058,0.01061,11740313
2025-12-30 18:00:00,0.01061,0.01065,0.0106,0.01064,8191172
2025-12-30 19:00:00,0.01064,0.01076,0.01058,0.01073,20394901
2025-12-30 20:00:00,0.01072,0.01072,0.01062,0.01063,4632876
2025-12-30 21:00:00,0.01063,0.01066,0.01058,0.01061,11932560
2025-12-30 22:00:00,0.01061,0.01064,0.01057,0.0106,3908495
2025-12-30 23:00:00,0.01058,0.01066,0.01058,0.01063,5252453
2025-12-31 00:00:00,0.01063,0.01068,0.01061,0.01063,5243626
2025-12-31 01:00:00,0.01063,0.01072,0.01062,0.0107,5506936
2025-12-31 02:00:00,0.01069,0.01074,0.01067,0.01072,5348791
2025-12-31 03:00:00,0.01071,0.01071,0.01057,0.01065,15897005
2025-12-31 04:00:00,0.01064,0.01068,0.01064,0.01066,4352704
2025-12-31 05:00:00,0.01065,0.01068,0.0106,0.01068,4591126
2025-12-31 06:00:00,0.01068,0.01072,0.01065,0.01067,5978664
2025-12-31 07:00:00,0.01066,0.01068,0.0106,0.01061,7891996
2025-12-31 08:00:00,0.01061,0.01067,0.01056,0.01058,7151681
2025-12-31 09:00:00,0.01058,0.01065,0.01057,0.01064,3280550
2025-12-31 10:00:00,0.01063,0.01065,0.01052,0.01054,5771033
2025-12-31 11:00:00,0.01055,0.01062,0.01054,0.01059,5113956
2025-12-31 12:00:00,0.0106,0.01061,0.0105,0.01051,6510578
2025-12-31 13:00:00,0.01051,0.01061,0.01049,0.0106,6532246
2025-12-31 14:00:00,0.01059,0.01066,0.01052,0.01053,15219798
2025-12-31 15:00:00,0.01054,0.01055,0.01041,0.01044,23272909
2025-12-31 16:00:00,0.01045,0.01047,0.01006,0.01024,43703685
2025-12-31 17:00:00,0.01024,0.01026,0.01014,0.01017,17321584
2025-12-31 18:00:00,0.01017,0.01027,0.01013,0.0102,11682800
2025-12-31 19:00:00,0.01021,0.01029,0.01013,0.01019,38974730
2025-12-31 20:00:00,0.01019,0.01024,0.01011,0.01022,17023870
2025-12-31 21:00:00,0.01022,0.01027,0.01019,0.01023,11724157
2025-12-31 22:00:00,0.01023,0.01025,0.01017,0.01017,9338265
2025-12-31 23:00:00,0.01017,0.01021,0.01014,0.01015,5462733
2026-01-01 00:00:00,0.01015,0.01022,0.01012,0.0102,9199255
2026-01-01 01:00:00,0.0102,0.01028,0.01018,0.01019,6046301
2026-01-01 02:00:00,0.0102,0.01027,0.01019,0.01026,7580364
2026-01-01 03:00:00,0.01026,0.01026,0.01017,0.01018,5566046
2026-01-01 04:00:00,0.01018,0.01018,0.01005,0.01016,15299752
2026-01-01 05:00:00,0.01015,0.01024,0.01015,0.01022,6476160
2026-01-01 06:00:00,0.01022,0.01025,0.01017,0.01023,9267544
2026-01-01 07:00:00,0.01023,0.01035,0.01023,0.01032,10098889
2026-01-01 08:00:00,0.01031,0.01033,0.01023,0.01032,11453683
2026-01-01 09:00:00,0.01033,0.01037,0.0103,0.01034,11191204
2026-01-01 10:00:00,0.01034,0.01045,0.01034,0.01045,26462567
2026-01-01 11:00:00,0.01044,0.01054,0.0104,0.01054,8016416
2026-01-01 12:00:00,0.01053,0.01054,0.01043,0.01048,11717471
2026-01-01 13:00:00,0.01048,0.01073,0.01048,0.0107,20303585
2026-01-01 14:00:00,0.0107,0.01102,0.01069,0.01098,45751494
2026-01-01 15:00:00,0.01099,0.01105,0.01086,0.01103,22130168
2026-01-01 16:00:00,0.01103,0.01112,0.01095,0.01101,24640255
2026-01-01 17:00:00,0.01102,0.01107,0.01094,0.01097,14141374
2026-01-01 18:00:00,0.01097,0.01099,0.01092,0.01095,7119935
2026-01-01 19:00:00,0.01095,0.01107,0.01095,0.01107,9190676
2026-01-01 20:00:00,0.01107,0.01119,0.01102,0.01105,23027701
2026-01-01 21:00:00,0.01104,0.01108,0.01101,0.01104,5603885
2026-01-01 22:00:00,0.01105,0.01113,0.01104,0.01113,4435626
2026-01-01 23:00:00,0.01111,0.01114,0.01107,0.01111,6300055
2026-01-02 00:00:00,0.01112,0.01113,0.01097,0.011,6976119
2026-01-02 01:00:00,0.011,0.01102,0.01096,0.011,4474451
2026-01-02 02:00:00,0.011,0.01102,0.01091,0.01101,7068810
2026-01-02 03:00:00,0.01101,0.01109,0.01098,0.01108,8798587
2026-01-02 04:00:00,0.01108,0.01109,0.011,0.01102,5834291
2026-01-02 05:00:00,0.01102,0.01104,0.01097,0.01103,5231084
2026-01-02 06:00:00,0.01102,0.01106,0.01094,0.01096,5526018
2026-01-02 07:00:00,0.01096,0.01097,0.01089,0.01094,6423685
2026-01-02 08:00:00,0.01095,0.01099,0.01094,0.01097,4123497
2026-01-02 09:00:00,0.01097,0.01121,0.01097,0.01114,21205206
2026-01-02 10:00:00,0.01113,0.01117,0.01106,0.01114,19825679
2026-01-02 11:00:00,0.01114,0.01115,0.011,0.01106,13193413
2026-01-02 12:00:00,0.01106,0.01119,0.01104,0.01115,14163366
2026-01-02 13:00:00,0.01115,0.0112,0.01112,0.01113,10950897
2026-01-02 14:00:00,0.01114,0.01129,0.01102,0.01118,43540516
2026-01-02 15:00:00,0.01118,0.01125,0.01108,0.01118,18689677
2026-01-02 16:00:00,0.01118,0.01148,0.01115,0.01146,39594355
2026-01-02 17:00:00,0.01145,0.01148,0.01128,0.01133,18833624
2026-01-02 18:00:00,0.01133,0.01137,0.01115,0.01122,18386374
2026-01-02 19:00:00,0.01123,0.01135,0.01121,0.01134,12842980
2026-01-02 20:00:00,0.01134,0.01148,0.0113,0.01134,19892001
2026-01-02 21:00:00,0.01135,0.01146,0.01132,0.01144,7738946
2026-01-02 22:00:00,0.01143,0.01158,0.01143,0.01152,18260041
2026-01-02 23:00:00,0.01154,0.01157,0.0115,0.01154,9427218
2026-01-03 00:00:00,0.01155,0.01163,0.01152,0.01153,8950693
2026-01-03 01:00:00,0.01153,0.01159,0.0115,0.01156,6363955
2026-01-03 02:00:00,0.01155,0.01163,0.01148,0.0116,16474353
2026-01-03 03:00:00,0.0116,0.01171,0.01156,0.01171,9584676
2026-01-03 04:00:00,0.01169,0.01172,0.01158,0.01159,9671792
2026-01-03 05:00:00,0.01159,0.01163,0.01146,0.01155,10407613
2026-01-03 06:00:00,0.01155,0.0116,0.01139,0.01142,9083342
2026-01-03 07:00:00,0.01142,0.01143,0.01118,0.01123,21221369
2026-01-03 08:00:00,0.01123,0.01131,0.01119,0.01126,11658328
2026-01-03 09:00:00,0.01126,0.01134,0.01124,0.01129,8223023
2026-01-03 10:00:00,0.01128,0.01137,0.01125,0.01134,8145453
2026-01-03 11:00:00,0.01134,0.01134,0.01127,0.01134,9614396
2026-01-03 12:00:00,0.01133,0.01147,0.01131,0.01146,12879838
2026-01-03 13:00:00,0.01145,0.01149,0.01143,0.01148,5523510
2026-01-03 14:00:00,0.01148,0.0115,0.01142,0.01143,7230728
2026-01-03 15:00:00,0.01144,0.01144,0.01136,0.01137,9661578
2026-01-03 16:00:00,0.01137,0.01152,0.01135,0.01146,13622543
2026-01-03 17:00:00,0.01145,0.01146,0.01139,0.01142,7133715
2026-01-03 18:00:00,0.01142,0.01142,0.01133,0.01142,12643537
2026-01-03 19:00:00,0.01142,0.01143,0.01136,0.01138,6510076
2026-01-03 20:00:00,0.01138,0.01141,0.01132,0.01138,9348197
2026-01-03 21:00:00,0.01138,0.01143,0.01134,0.01138,6059950
2026-01-03 22:00:00,0.01139,0.0115,0.01135,0.0115,7810850
2026-01-03 23:00:00,0.01149,0.0116,0.01145,0.01148,20788105
2026-01-04 00:00:00,0.01148,0.0116,0.01146,0.01151,22980152
2026-01-04 01:00:00,0.01151,0.01155,0.01145,0.01151,9860666
2026-01-04 02:00:00,0.0115,0.01172,0.0115,0.0117,27004263
2026-01-04 03:00:00,0.01169,0.01194,0.01162,0.01188,42394847
2026-01-04 04:00:00,0.01189,0.01202,0.01183,0.01195,18915153
2026-01-04 05:00:00,0.01196,0.01281,0.01196,0.01273,136865526
2026-01-04 06:00:00,0.01272,0.01319,0.01252,0.01255,166339326
2026-01-04 07:00:00,0.01255,0.01288,0.0125,0.0128,58030804
2026-01-04 08:00:00,0.01281,0.01282,0.01246,0.01261,46705823
2026-01-04 09:00:00,0.01261,0.0127,0.01253,0.01258,27333792
2026-01-04 10:00:00,0.01258,0.01265,0.01255,0.01259,16787232
2026-01-04 11:00:00,0.01259,0.01273,0.01252,0.01263,27405654
2026-01-04 12:00:00,0.01263,0.01282,0.01258,0.01277,23394682
2026-01-04 13:00:00,0.01277,0.01299,0.01271,0.01289,41785104
2026-01-04 14:00:00,0.01289,0.01304,0.01279,0.01292,40012639
2026-01-04 15:00:00,0.01291,0.01298,0.01276,0.01286,35770772
2026-01-04 16:00:00,0.01286,0.01295,0.01284,0.01291,16823220
2026-01-04 17:00:00,0.01291,0.01293,0.0128,0.01285,19400196
2026-01-04 18:00:00,0.01285,0.0129,0.01244,0.01265,72439387
2026-01-04 19:00:00,0.01265,0.01266,0.01247,0.01258,23988749
2026-01-04 20:00:00,0.01258,0.01262,0.01254,0.01256,9832081
2026-01-04 21:00:00,0.01257,0.01265,0.01242,0.0125,20842935
2026-01-04 22:00:00,0.01251,0.0126,0.01247,0.01252,8100306
2026-01-04 23:00:00,0.0125,0.01261,0.01249,0.01254,7462928
2026-01-05 00:00:00,0.01254,0.01264,0.01243,0.01253,20561834
2026-01-05 01:00:00,0.01253,0.01273,0.01251,0.01266,30955418
2026-01-05 02:00:00,0.01267,0.01279,0.01258,0.01265,45079740
2026-01-05 03:00:00,0.01266,0.0127,0.01255,0.01265,34558133
2026-01-05 04:00:00,0.01264,0.01269,0.01236,0.01247,23266885
2026-01-05 05:00:00,0.01246,0.01248,0.01232,0.01235,37471466
2026-01-05 06:00:00,0.01235,0.01239,0.01221,0.01229,34255096
2026-01-05 07:00:00,0.01229,0.01259,0.01226,0.01246,50104473
2026-01-05 08:00:00,0.01245,0.01256,0.01239,0.0124,21266258
2026-01-05 09:00:00,0.0124,0.0124,0.01222,0.01225,31484041
2026-01-05 10:00:00,0.01225,0.01238,0.01225,0.01231,22884117
2026-01-05 11:00:00,0.0123,0.01231,0.01219,0.01229,21109854
2026-01-05 12:00:00,0.01229,0.01239,0.01217,0.01234,26928239
2026-01-05 13:00:00,0.01234,0.01234,0.01222,0.01228,19789404
2026-01-05 14:00:00,0.01228,0.01252,0.01224,0.01249,29034378
2026-01-05 15:00:00,0.0125,0.01268,0.01237,0.01266,25965156
2026-01-05 16:00:00,0.01266,0.01283,0.01262,0.01273,35835241
2026-01-05 17:00:00,0.01272,0.01286,0.01253,0.01281,32171753
2026-01-05 18:00:00,0.01281,0.01291,0.01271,0.01289,25378898
2026-01-05 19:00:00,0.01289,0.01294,0.01264,0.01274,44091723
2026-01-05 20:00:00,0.01274,0.01284,0.01261,0.01265,21967184
2026-01-05 21:00:00,0.01264,0.01268,0.01257,0.01267,12182879
2026-01-05 22:00:00,0.01266,0.01283,0.01265,0.01276,13815291
2026-01-05 23:00:00,0.01276,0.01276,0.01262,0.01263,9665486
2026-01-06 00:00:00,0.01263,0.0127,0.01247,0.01263,26656008
2026-01-06 01:00:00,0.01263,0.01274,0.01259,0.0126,15636656
2026-01-06 02:00:00,0.01261,0.01264,0.01253,0.01257,19959577
2026-01-06 03:00:00,0.01256,0.01267,0.01254,0.01264,10313215
2026-01-06 04:00:00,0.01264,0.01275,0.01263,0.01271,13949414
2026-01-06 05:00:00,0.01271,0.01272,0.01257,0.01258,13165108
2026-01-06 06:00:00,0.01258,0.01266,0.01247,0.01258,19271970
2026-01-06 07:00:00,0.01257,0.01259,0.01236,0.01241,24649990
2026-01-06 08:00:00,0.01241,0.01249,0.01234,0.01245,39920585
2026-01-06 09:00:00,0.01245,0.01255,0.01242,0.01249,13993534
2026-01-06 10:00:00,0.01249,0.01258,0.01246,0.01253,18684675
2026-01-06 11:00:00,0.01253,0.01267,0.01251,0.01266,17426414
2026-01-06 12:00:00,0.01265,0.01282,0.01264,0.0128,22619573
2026-01-06 13:00:00,0.01281,0.01305,0.01279,0.01288,70080553
2026-01-06 14:00:00,0.01289,0.01302,0.01276,0.01288,60239685
2026-01-06 15:00:00,0.01288,0.01293,0.01261,0.01269,33618888
2026-01-06 16:00:00,0.0127,0.01273,0.01231,0.01243,57679968
2026-01-06 17:00:00,0.01242,0.01249,0.0121,0.01214,55695017
2026-01-06 18:00:00,0.01214,0.01234,0.0121,0.01231,27253039
2026-01-06 19:00:00,0.01231,0.0124,0.01228,0.01234,19201088
2026-01-06 20:00:00,0.01234,0.01259,0.01234,0.01254,14889374
2026-01-06 21:00:00,0.01255,0.01279,0.01249,0.01275,25498566
2026-01-06 22:00:00,0.01276,0.01286,0.01267,0.01271,20712037
2026-01-06 23:00:00,0.01272,0.01278,0.01267,0.01274,10364196
2026-01-07 00:00:00,0.01273,0.01275,0.01243,0.01245,26767160
2026-01-07 01:00:00,0.01245,0.01252,0.01236,0.01242,12471229
2026-01-07 02:00:00,0.01241,0.0125,0.01237,0.01248,9565759
2026-01-07 03:00:00,0.01248,0.01254,0.01245,0.0125,7136039
2026-01-07 04:00:00,0.01249,0.01254,0.01244,0.01245,7099935
2026-01-07 05:00:00,0.01245,0.01257,0.01243,0.01249,7368468
2026-01-07 06:00:00,0.01248,0.01251,0.01243,0.01247,7398143
2026-01-07 07:00:00,0.01247,0.01275,0.01246,0.01274,11668373
2026-01-07 08:00:00,0.01274,0.01282,0.01267,0.01273,17694665
2026-01-07 09:00:00,0.01274,0.01274,0.0124,0.01243,27288326
2026-01-07 10:00:00,0.01242,0.01251,0.01239,0.01248,11465718
2026-01-07 11:00:00,0.01247,0.01256,0.01246,0.01255,4736412
2026-01-07 12:00:00,0.01254,0.01255,0.01237,0.01237,11778872
2026-01-07 13:00:00,0.01239,0.01244,0.01231,0.01233,21678483
2026-01-07 14:00:00,0.01233,0.0124,0.01214,0.01236,35225712
2026-01-07 15:00:00,0.01237,0.01237,0.01212,0.01217,28345636
2026-01-07 16:00:00,0.01217,0.01228,0.01214,0.0122,16561334
2026-01-07 17:00:00,0.0122,0.01231,0.01217,0.01222,12074396
2026-01-07 18:00:00,0.01222,0.01233,0.01216,0.01218,15328802
2026-01-07 19:00:00,0.0122,0.01223,0.01201,0.01213,30018562
2026-01-07 20:00:00,0.01213,0.01214,0.01201,0.01206,8688785
2026-01-07 21:00:00,0.01206,0.01213,0.01205,0.01206,5652783
2026-01-07 22:00:00,0.01205,0.01216,0.01201,0.01205,8889492
2026-01-07 23:00:00,0.01206,0.01218,0.01198,0.01215,11230019
2026-01-08 00:00:00,0.01216,0.01221,0.01208,0.01219,8383406
2026-01-08 01:00:00,0.01219,0.01228,0.01217,0.01228,9997127
2026-01-08 02:00:00,0.01228,0.01233,0.01215,0.01217,12712386
2026-01-08 03:00:00,0.01217,0.01225,0.01202,0.01203,13616202
2026-01-08 04:00:00,0.01203,0.01216,0.012,0.01211,10037711
2026-01-08 05:00:00,0.01212,0.01222,0.01208,0.0121,7827862
2026-01-08 06:00:00,0.0121,0.01213,0.01184,0.01184,15084365
2026-01-08 07:00:00,0.01185,0.01204,0.01176,0.01203,21852872
2026-01-08 08:00:00,0.01203,0.01208,0.01184,0.01188,21700907
2026-01-08 09:00:00,0.01187,0.01191,0.01171,0.01172,11704645
2026-01-08 10:00:00,0.01174,0.0118,0.01154,0.01178,46666308
2026-01-08 11:00:00,0.01178,0.0118,0.01165,0.01175,18328748
2026-01-08 12:00:00,0.01175,0.01176,0.01164,0.01167,16725078
2026-01-08 13:00:00,0.01167,0.01172,0.01162,0.01167,10345585
2026-01-08 14:00:00,0.01167,0.01176,0.01157,0.01173,25543495
2026-01-08 15:00:00,0.01172,0.01207,0.01167,0.01205,36100786
2026-01-08 16:00:00,0.01206,0.01209,0.01192,0.01205,26351814
2026-01-08 17:00:00,0.01206,0.01212,0.01199,0.01207,15129498
2026-01-08 18:00:00,0.01207,0.01208,0.01193,0.01198,12990596
2026-01-08 19:00:00,0.01199,0.01203,0.01191,0.01193,7407867
2026-01-08 20:00:00,0.01193,0.01199,0.01185,0.01197,10033060
2026-01-08 21:00:00,0.01198,0.01212,0.01197,0.0121,6526554
2026-01-08 22:00:00,0.0121,0.01216,0.012,0.01209,11571478
2026-01-08 23:00:00,0.01209,0.0121,0.01202,0.01204,5625678
2026-01-09 00:00:00,0.01203,0.01211,0.01203,0.01207,4999117
2026-01-09 01:00:00,0.01207,0.01216,0.01195,0.012,18439797
2026-01-09 02:00:00,0.01199,0.01209,0.01197,0.01199,7927455
2026-01-09 03:00:00,0.01198,0.01215,0.01197,0.01215,9705939
2026-01-09 04:00:00,0.01216,0.01217,0.01204,0.01206,6847011
2026-01-09 05:00:00,0.01206,0.01212,0.01204,0.01211,3402801
2026-01-09 06:00:00,0.01211,0.01219,0.01208,0.01215,8415999
2026-01-09 07:00:00,0.01214,0.01214,0.01201,0.01201,5857975
2026-01-09 08:00:00,0.01201,0.01204,0.01176,0.01184,24910633
2026-01-09 09:00:00,0.01184,0.01194,0.01183,0.01187,13319405
2026-01-09 10:00:00,0.01188,0.01194,0.01185,0.01191,6136538
2026-01-09 11:00:00,0.01192,0.01196,0.0119,0.01192,3539355
2026-01-09 12:00:00,0.01191,0.01192,0.01182,0.01187,7000490
2026-01-09 13:00:00,0.01187,0.01209,0.01187,0.012,17705968
2026-01-09 14:00:00,0.01201,0.01202,0.01181,0.01188,13009036
2026-01-09 15:00:00,0.01188,0.01223,0.01181,0.01207,33490165
2026-01-09 16:00:00,0.01208,0.01227,0.01207,0.01217,19690500
2026-01-09 17:00:00,0.01218,0.0122,0.01198,0.01211,17972270
2026-01-09 18:00:00,0.01212,0.01213,0.01186,0.012,18265018
2026-01-09 19:00:00,0.012,0.012,0.01183,0.01185,11741632
2026-01-09 20:00:00,0.01184,0.01194,0.01183,0.01188,7480197
2026-01-09 21:00:00,0.01188,0.01201,0.01185,0.01199,11132766
2026-01-09 22:00:00,0.01199,0.01202,0.01194,0.01201,5669399
2026-01-09 23:00:00,0.01201,0.01202,0.01193,0.01196,3873044
2026-01-10 00:00:00,0.01196,0.01198,0.01186,0.01188,5081717
2026-01-10 01:00:00,0.01189,0.01195,0.01186,0.01191,3823949
2026-01-10 02:00:00,0.01192,0.01193,0.0118,0.01183,4486188
2026-01-10 03:00:00,0.01183,0.01184,0.01175,0.01182,7484504
2026-01-10 04:00:00,0.01181,0.01181,0.01173,0.01175,8331528
2026-01-10 05:00:00,0.01175,0.01176,0.0117,0.01172,5973403
2026-01-10 06:00:00,0.01172,0.01176,0.01167,0.01173,4609234
2026-01-10 07:00:00,0.01174,0.01188,0.01173,0.01186,9857054
2026-01-10 08:00:00,0.01187,0.01191,0.01184,0.01191,7027593
2026-01-10 09:00:00,0.01191,0.01194,0.01187,0.01193,7298430
2026-01-10 10:00:00,0.01194,0.01201,0.01189,0.01201,9758692
2026-01-10 11:00:00,0.01202,0.01205,0.01196,0.01201,9066765
2026-01-10 12:00:00,0.01202,0.01219,0.01201,0.01217,20266794
2026-01-10 13:00:00,0.01217,0.0122,0.01211,0.01213,10016372
2026-01-10 14:00:00,0.01213,0.01213,0.01201,0.01204,6647045
2026-01-10 15:00:00,0.01204,0.01208,0.01199,0.01201,4928002
2026-01-10 16:00:00,0.012,0.01201,0.01195,0.01197,9860219
2026-01-10 17:00:00,0.01196,0.01202,0.01186,0.01188,7020997
2026-01-10 18:00:00,0.01188,0.01195,0.01184,0.01193,9167993
2026-01-10 19:00:00,0.01194,0.01218,0.01194,0.01216,15406737
2026-01-10 20:00:00,0.01216,0.01218,0.01204,0.01208,6396229
2026-01-10 21:00:00,0.01207,0.01207,0.01198,0.01199,3157141
2026-01-10 22:00:00,0.01198,0.01199,0.01178,0.0118,11219517
2026-01-10 23:00:00,0.01179,0.01191,0.01178,0.01188,5978062
2026-01-11 00:00:00,0.01188,0.01191,0.01182,0.0119,8399018
2026-01-11 01:00:00,0.01189,0.01196,0.01186,0.01193,4069049
2026-01-11 02:00:00,0.01193,0.01195,0.01187,0.01189,6162559
2026-01-11 03:00:00,0.01188,0.01193,0.01188,0.01191,2818636
2026-01-11 04:00:00,0.0119,0.01195,0.01186,0.01194,4403541
2026-01-11 05:00:00,0.01194,0.01195,0.01187,0.01193,2934853
2026-01-11 06:00:00,0.01192,0.01196,0.01187,0.01196,5391789
2026-01-11 07:00:00,0.01195,0.01198,0.01192,0.01197,7485208
2026-01-11 08:00:00,0.01197,0.01197,0.01188,0.01194,7408244
2026-01-11 09:00:00,0.01193,0.01199,0.01191,0.01198,4671243
2026-01-11 10:00:00,0.01197,0.01198,0.01191,0.01194,4411085
2026-01-11 11:00:00,0.01194,0.01195,0.01189,0.01192,2361199
2026-01-11 12:00:00,0.01192,0.01199,0.01191,0.01196,4549011
2026-01-11 13:00:00,0.01197,0.01197,0.01188,0.01188,6618967
2026-01-11 14:00:00,0.01189,0.01196,0.01187,0.01195,9735077
2026-01-11 15:00:00,0.01195,0.01196,0.01175,0.01181,14583503
2026-01-11 16:00:00,0.01182,0.01197,0.01178,0.01187,15596201
2026-01-11 17:00:00,0.01186,0.01191,0.0118,0.01189,6918805
2026-01-11 18:00:00,0.01189,0.0119,0.01183,0.01189,4684886
2026-01-11 19:00:00,0.01188,0.01193,0.01183,0.01183,7257814
2026-01-11 20:00:00,0.01183,0.01183,0.01167,0.01171,13824581
2026-01-11 21:00:00,0.01171,0.01178,0.01161,0.01176,12475834
2026-01-11 22:00:00,0.01176,0.01177,0.01157,0.01162,15924867
2026-01-11 23:00:00,0.01162,0.0117,0.01145,0.01168,22147691
2026-01-12 00:00:00,0.01168,0.01172,0.01147,0.01164,27294578
2026-01-12 01:00:00,0.01165,0.01182,0.01164,0.01178,26275934
2026-01-12 02:00:00,0.01178,0.01198,0.01178,0.01194,15414652
2026-01-12 03:00:00,0.01195,0.01205,0.01186,0.01187,14775384
2026-01-12 04:00:00,0.01187,0.01196,0.01182,0.01195,7940678
2026-01-12 05:00:00,0.01195,0.01204,0.01189,0.012,19028677
2026-01-12 06:00:00,0.012,0.01202,0.01187,0.0119,7298953
2026-01-12 07:00:00,0.0119,0.012,0.01176,0.01178,16100014
2026-01-12 08:00:00,0.01178,0.01183,0.01157,0.01168,17634402
2026-01-12 09:00:00,0.01167,0.01171,0.01161,0.01162,8608341
2026-01-12 10:00:00,0.01163,0.01168,0.01159,0.01161,7475991
2026-01-12 11:00:00,0.01162,0.01176,0.01161,0.01174,10382444
2026-01-12 12:00:00,0.01173,0.01178,0.01166,0.01169,6448993
2026-01-12 13:00:00,0.01169,0.0117,0.01151,0.01154,9993564
2026-01-12 14:00:00,0.01154,0.01173,0.01149,0.0117,21828013
2026-01-12 15:00:00,0.0117,0.01186,0.01168,0.01185,20167668
2026-01-12 16:00:00,0.01185,0.01199,0.0118,0.01193,25616714
2026-01-12 17:00:00,0.01194,0.01196,0.01173,0.01183,20208107
2026-01-12 18:00:00,0.01183,0.01202,0.01182,0.01189,20042473
2026-01-12 19:00:00,0.01189,0.01198,0.01181,0.01195,10681290
2026-01-12 20:00:00,0.01196,0.01226,0.01194,0.012,74219126
2026-01-12 21:00:00,0.01199,0.01205,0.01166,0.01174,43219412
2026-01-12 22:00:00,0.01173,0.01186,0.01172,0.01185,11903444
2026-01-12 23:00:00,0.01184,0.01193,0.01178,0.01191,11503317
2026-01-13 00:00:00,0.0119,0.01202,0.0119,0.012,10094046
2026-01-13 01:00:00,0.012,0.01229,0.01199,0.0122,57431753
2026-01-13 02:00:00,0.01219,0.01248,0.01213,0.01214,85270748
2026-01-13 03:00:00,0.01215,0.01239,0.0121,0.01239,24853852
2026-01-13 04:00:00,0.01238,0.0128,0.01238,0.01274,79957769
2026-01-13 05:00:00,0.01275,0.01275,0.0126,0.0127,34281057
2026-01-13 06:00:00,0.0127,0.01297,0.01269,0.01288,55782673
2026-01-13 07:00:00,0.01287,0.01287,0.01258,0.01271,41205370
2026-01-13 08:00:00,0.01271,0.01318,0.0127,0.01305,55226077
2026-01-13 09:00:00,0.01306,0.01336,0.01299,0.01309,99026439
2026-01-13 10:00:00,0.0131,0.01337,0.01291,0.01306,126970333
2026-01-13 11:00:00,0.01305,0.01353,0.01296,0.01326,88783612
2026-01-13 12:00:00,0.01326,0.01356,0.01323,0.01355,143425718
2026-01-13 13:00:00,0.01357,0.01359,0.01313,0.0134,179574802
2026-01-13 14:00:00,0.01339,0.01377,0.01329,0.01351,133249531
2026-01-13 15:00:00,0.01352,0.01359,0.01323,0.01328,111203271
2026-01-13 16:00:00,0.01327,0.01336,0.01312,0.01315,70086203
2026-01-13 17:00:00,0.01315,0.0132,0.01303,0.01315,49950259
2026-01-13 18:00:00,0.01315,0.01317,0.013,0.01305,35841843
2026-01-13 19:00:00,0.01304,0.01315,0.01292,0.01311,36908852
2026-01-13 20:00:00,0.01311,0.01314,0.01293,0.01301,20544104
2026-01-13 21:00:00,0.01301,0.01319,0.01299,0.01314,26231653
2026-01-13 22:00:00,0.01314,0.01346,0.01313,0.01335,63735351
2026-01-13 23:00:00,0.01335,0.01337,0.01315,0.01323,18605893
2026-01-14 00:00:00,0.01323,0.01332,0.01321,0.01329,18980912
2026-01-14 01:00:00,0.01328,0.01334,0.01313,0.0132,18820831
2026-01-14 02:00:00,0.01318,0.01329,0.01313,0.01317,18264294
2026-01-14 03:00:00,0.01317,0.01321,0.01309,0.0132,16365791
2026-01-14 04:00:00,0.01319,0.01322,0.01306,0.01315,26887881
2026-01-14 05:00:00,0.01315,0.01325,0.01307,0.01319,11351873
2026-01-14 06:00:00,0.01319,0.01372,0.01316,0.01368,56354913
2026-01-14 07:00:00,0.01367,0.01416,0.01367,0.0139,295118207
2026-01-14 08:00:00,0.0139,0.01416,0.01389,0.01403,82266041
2026-01-14 09:00:00,0.01404,0.01443,0.01394,0.01441,77832493
2026-01-14 10:00:00,0.01442,0.01488,0.0144,0.01465,132133312
2026-01-14 11:00:00,0.01465,0.01481,0.01454,0.01465,69081568
2026-01-14 12:00:00,0.01465,0.01473,0.01448,0.0145,46794228
2026-01-14 13:00:00,0.01449,0.01449,0.01418,0.01431,56813827
2026-01-14 14:00:00,0.01432,0.015,0.01429,0.01488,73340179
2026-01-14 15:00:00,0.01487,0.01512,0.01471,0.01492,86296318
2026-01-14 16:00:00,0.01491,0.01506,0.01464,0.01465,60026455
2026-01-14 17:00:00,0.01465,0.01472,0.01443,0.01461,48188544
2026-01-14 18:00:00,0.01461,0.01461,0.01413,0.01422,50644296
2026-01-14 19:00:00,0.01423,0.01445,0.0141,0.01415,37267385
2026-01-14 20:00:00,0.01414,0.01425,0.01403,0.01416,39657445
2026-01-14 21:00:00,0.01415,0.01429,0.01403,0.01408,22697057
2026-01-14 22:00:00,0.01407,0.01412,0.01383,0.01388,31693407
2026-01-14 23:00:00,0.01388,0.014,0.01382,0.01385,22943562
2026-01-15 00:00:00,0.01386,0.0141,0.01384,0.0141,34677242
2026-01-15 01:00:00,0.0141,0.01428,0.01406,0.01411,46505241
2026-01-15 02:00:00,0.0141,0.01414,0.01394,0.01399,22124716
2026-01-15 03:00:00,0.014,0.01403,0.0137,0.01374,36080988
2026-01-15 04:00:00,0.01374,0.0143,0.01366,0.01392,73384312
2026-01-15 05:00:00,0.01392,0.01429,0.01387,0.01414,51742389
2026-01-15 06:00:00,0.01414,0.01414,0.01387,0.01405,30106753
2026-01-15 07:00:00,0.01406,0.01482,0.01402,0.0146,71606790
2026-01-15 08:00:00,0.0146,0.01474,0.01421,0.0144,113720212
2026-01-15 09:00:00,0.01439,0.01454,0.01415,0.01448,57131105
2026-01-15 10:00:00,0.01447,0.01456,0.01419,0.01431,38222779
2026-01-15 11:00:00,0.0143,0.01448,0.01419,0.01428,24589201
2026-01-15 12:00:00,0.01427,0.01447,0.01427,0.0144,17174452
2026-01-15 13:00:00,0.01439,0.01446,0.0142,0.01421,24128266
2026-01-15 14:00:00,0.01422,0.01427,0.01378,0.01383,78663516
2026-01-15 15:00:00,0.01382,0.01389,0.01348,0.0137,66889991
2026-01-15 16:00:00,0.01368,0.01381,0.01357,0.01372,39874686
2026-01-15 17:00:00,0.01373,0.01374,0.01349,0.0135,21056016
2026-01-15 18:00:00,0.01352,0.01354,0.01324,0.01326,81323676
2026-01-15 19:00:00,0.01324,0.01336,0.01317,0.01334,29837554
2026-01-15 20:00:00,0.01333,0.01343,0.01317,0.01319,36612471
2026-01-15 21:00:00,0.01319,0.01328,0.01318,0.01324,10676673
2026-01-15 22:00:00,0.01324,0.01333,0.01323,0.01327,11628701
2026-01-15 23:00:00,0.01327,0.01337,0.01324,0.01334,12500039
2026-01-16 00:00:00,0.01334,0.0134,0.01325,0.01326,14804599
2026-01-16 01:00:00,0.01325,0.01349,0.01323,0.01345,21159290
2026-01-16 02:00:00,0.01344,0.0139,0.01328,0.01383,75549091
2026-01-16 03:00:00,0.01382,0.01399,0.01372,0.01376,40142262
2026-01-16 04:00:00,0.01376,0.0138,0.0136,0.01369,26702527
2026-01-16 05:00:00,0.01369,0.01412,0.01368,0.01395,62076983
2026-01-16 06:00:00,0.01394,0.01417,0.01391,0.01409,42871688
2026-01-16 07:00:00,0.01409,0.01418,0.01381,0.01397,45510124
2026-01-16 08:00:00,0.01396,0.01415,0.01389,0.01405,25026447
2026-01-16 09:00:00,0.01404,0.01422,0.01396,0.01411,30404720
2026-01-16 10:00:00,0.0141,0.01413,0.01389,0.01392,24330198
2026-01-16 11:00:00,0.01391,0.01406,0.01379,0.014,26878702
2026-01-16 12:00:00,0.014,0.01406,0.01389,0.01399,18430289
2026-01-16 13:00:00,0.01399,0.01413,0.01394,0.01401,24369085
2026-01-16 14:00:00,0.014,0.01417,0.0139,0.01397,39368035
2026-01-16 15:00:00,0.01397,0.01422,0.01358,0.01367,68232009
2026-01-16 16:00:00,0.01367,0.01397,0.01361,0.0138,44586620
2026-01-16 17:00:00,0.0138,0.014,0.01374,0.01397,29498123
2026-01-16 18:00:00,0.01396,0.01401,0.01383,0.01383,14126884
2026-01-16 19:00:00,0.01383,0.01383,0.01366,0.01379,14404086
2026-01-16 20:00:00,0.01379,0.01411,0.0137,0.01409,21146321
2026-01-16 21:00:00,0.01409,0.01411,0.01395,0.01407,30597405
2026-01-16 22:00:00,0.01406,0.01467,0.01405,0.0144,107337107
2026-01-16 23:00:00,0.0144,0.01446,0.01426,0.01434,38691393
2026-01-17 00:00:00,0.01434,0.01436,0.01405,0.01406,33048441
2026-01-17 01:00:00,0.01407,0.01419,0.01406,0.01417,11610783
2026-01-17 02:00:00,0.01416,0.01423,0.01395,0.01405,27300732
2026-01-17 03:00:00,0.01405,0.01421,0.01405,0.01415,9780587
2026-01-17 04:00:00,0.01414,0.01431,0.01398,0.01423,22265078
2026-01-17 05:00:00,0.01422,0.01426,0.01404,0.01406,16331087
2026-01-17 06:00:00,0.01405,0.01415,0.01398,0.01406,12332146
2026-01-17 07:00:00,0.01407,0.01458,0.01398,0.01456,62841195
2026-01-17 08:00:00,0.01455,0.01469,0.01439,0.01467,36774018
2026-01-17 09:00:00,0.01467,0.01471,0.01435,0.0144,37668341
2026-01-17 10:00:00,0.01438,0.01444,0.01428,0.01434,11029253
2026-01-17 11:00:00,0.01434,0.01436,0.01418,0.01424,23614926
2026-01-17 12:00:00,0.01425,0.01473,0.01418,0.01449,40391167
2026-01-17 13:00:00,0.01449,0.01453,0.01425,0.01432,20372000
2026-01-17 14:00:00,0.01431,0.01439,0.01418,0.01425,17679501
2026-01-17 15:00:00,0.01424,0.01429,0.01416,0.01423,17236195
2026-01-17 16:00:00,0.01423,0.01423,0.01384,0.01394,40931724
2026-01-17 17:00:00,0.01394,0.01403,0.01391,0.01398,10231576
2026-01-17 18:00:00,0.01399,0.01404,0.01391,0.01402,8705683
2026-01-17 19:00:00,0.01403,0.01403,0.01389,0.01396,7627162
2026-01-17 20:00:00,0.01396,0.01401,0.01389,0.01396,7910462
2026-01-17 21:00:00,0.01397,0.01397,0.01381,0.01388,12481142
2026-01-17 22:00:00,0.01388,0.01389,0.01366,0.01373,19365254
2026-01-17 23:00:00,0.01373,0.01378,0.01367,0.01375,12069673
2026-01-18 00:00:00,0.01374,0.01395,0.01372,0.01381,17150711
2026-01-18 01:00:00,0.0138,0.01383,0.01365,0.01373,18896120
2026-01-18 02:00:00,0.01373,0.01385,0.01365,0.01376,14892170
2026-01-18 03:00:00,0.01376,0.01384,0.01372,0.01373,9308473
2026-01-18 04:00:00,0.01373,0.01396,0.01371,0.01389,17478132
2026-01-18 05:00:00,0.01389,0.01405,0.01382,0.01395,18644946
2026-01-18 06:00:00,0.01395,0.01398,0.01383,0.01387,11545097
2026-01-18 07:00:00,0.01387,0.01389,0.01375,0.01381,15976090
2026-01-18 08:00:00,0.01381,0.01385,0.01376,0.01378,10135773
2026-01-18 09:00:00,0.01378,0.01393,0.01377,0.01384,14785802
2026-01-18 10:00:00,0.01383,0.01413,0.0138,0.0141,23356423
2026-01-18 11:00:00,0.0141,0.01432,0.01403,0.01417,34120264
2026-01-18 12:00:00,0.01417,0.01426,0.01394,0.01401,24476483
2026-01-18 13:00:00,0.014,0.01409,0.01392,0.01395,16763388
2026-01-18 14:00:00,0.01393,0.01436,0.0139,0.01392,49280404
2026-01-18 15:00:00,0.01393,0.0146,0.01391,0.01454,64888446
2026-01-18 16:00:00,0.01453,0.01492,0.01443,0.0148,111051628
2026-01-18 17:00:00,0.01481,0.01499,0.0146,0.01469,59941818
2026-01-18 18:00:00,0.01468,0.01544,0.01461,0.01524,114536579
2026-01-18 19:00:00,0.01525,0.01545,0.01474,0.01504,123998051
2026-01-18 20:00:00,0.01504,0.01539,0.01495,0.01531,107148565
2026-01-18 21:00:00,0.0153,0.01533,0.01493,0.01503,71908248
2026-01-18 22:00:00,0.01503,0.01537,0.01503,0.01515,61264198
2026-01-18 23:00:00,0.01514,0.01514,0.01394,0.01399,153419948
2026-01-19 00:00:00,0.01399,0.014,0.01175,0.01367,350988283
2026-01-19 01:00:00,0.01367,0.01377,0.01337,0.01357,107036373
2026-01-19 02:00:00,0.01358,0.01415,0.01346,0.01392,86569367
2026-01-19 03:00:00,0.01392,0.01485,0.01382,0.01476,110201064
2026-01-19 04:00:00,0.01476,0.01489,0.01434,0.01439,126092042
2026-01-19 05:00:00,0.01439,0.01617,0.01432,0.01592,350614754
2026-01-19 06:00:00,0.0159,0.01753,0.0153,0.01612,932303716
2026-01-19 07:00:00,0.01612,0.01623,0.0152,0.01571,351452110
2026-01-19 08:00:00,0.01572,0.01706,0.01556,0.01663,425348188
2026-01-19 09:00:00,0.01663,0.0167,0.01603,0.01624,315352001
2026-01-19 10:00:00,0.01624,0.01652,0.01572,0.01576,218989483
2026-01-19 11:00:00,0.01577,0.01619,0.01535,0.01614,203756491
2026-01-19 12:00:00,0.01614,0.01674,0.01581,0.01638,373432701
2026-01-19 13:00:00,0.01638,0.01858,0.01618,0.01795,1270524115
2026-01-19 14:00:00,0.01795,0.01878,0.01699,0.01735,862073861
2026-01-19 15:00:00,0.01735,0.01805,0.01705,0.01773,503227725
2026-01-19 16:00:00,0.01772,0.01779,0.01709,0.01723,307664345
2026-01-19 17:00:00,0.01721,0.0173,0.01652,0.01708,295427277
2026-01-19 18:00:00,0.01708,0.01818,0.017,0.01796,379625468
2026-01-19 19:00:00,0.01796,0.01874,0.01727,0.01745,530069544
2026-01-19 20:00:00,0.01747,0.01813,0.01716,0.01806,296586179
2026-01-19 21:00:00,0.01807,0.01884,0.01775,0.01841,393681740
2026-01-19 22:00:00,0.01839,0.01954,0.01821,0.01873,637161609
2026-01-19 23:00:00,0.01873,0.02022,0.01844,0.01985,744849458
2026-01-20 00:00:00,0.01983,0.01984,0.01775,0.01874,849977199
2026-01-20 01:00:00,0.01874,0.01915,0.01803,0.01814,458786557
2026-01-20 02:00:00,0.01815,0.01867,0.01795,0.01853,302846051
2026-01-20 03:00:00,0.01854,0.01958,0.01842,0.01914,697848926
2026-01-20 04:00:00,0.01914,0.01974,0.01796,0.01804,632778476
2026-01-20 05:00:00,0.01803,0.01867,0.01746,0.01761,625856847
2026-01-20 06:00:00,0.01762,0.01824,0.01762,0.01811,303561142
2026-01-20 07:00:00,0.01811,0.01836,0.01757,0.01771,261836832
2026-01-20 08:00:00,0.01771,0.01796,0.01663,0.01684,482864152
2026-01-20 09:00:00,0.01684,0.01705,0.01634,0.01688,271866464
2026-01-20 10:00:00,0.01689,0.01723,0.01665,0.01666,251517837
2026-01-20 11:00:00,0.01666,0.01677,0.01631,0.01645,163600160
2026-01-20 12:00:00,0.01644,0.01667,0.01618,0.01644,201743689
2026-01-20 13:00:00,0.01643,0.01656,0.01606,0.01623,133656899
2026-01-20 14:00:00,0.01623,0.01677,0.01612,0.01673,182375020
2026-01-20 15:00:00,0.01673,0.01674,0.01611,0.01647,175133785
2026-01-20 16:00:00,0.01647,0.01677,0.01592,0.01603,177872182
2026-01-20 17:00:00,0.01603,0.01629,0.01596,0.01603,100428805
2026-01-20 18:00:00,0.01603,0.01617,0.01567,0.01574,111366494
2026-01-20 19:00:00,0.01575,0.0159,0.01562,0.01584,93798088
2026-01-20 20:00:00,0.01583,0.01613,0.01569,0.01606,104318392
2026-01-20 21:00:00,0.01605,0.01609,0.0158,0.01589,55398911
2026-01-20 22:00:00,0.01588,0.01626,0.01573,0.01607,99121002
2026-01-20 23:00:00,0.01607,0.01661,0.01603,0.01654,154289222
2026-01-21 00:00:00,0.01653,0.01671,0.01601,0.01605,165087956
2026-01-21 01:00:00,0.01605,0.01691,0.01605,0.01647,166787810
2026-01-21 02:00:00,0.01648,0.01804,0.01641,0.01769,284423818
2026-01-21 03:00:00,0.01769,0.01853,0.01766,0.01825,213971698
2026-01-21 04:00:00,0.01825,0.01852,0.01799,0.01838,117374530
2026-01-21 05:00:00,0.01838,0.01903,0.01802,0.01842,166757703
2026-01-21 06:00:00,0.01843,0.01938,0.0184,0.01862,236417759
2026-01-21 07:00:00,0.01861,0.01918,0.01805,0.01824,172335730
2026-01-21 08:00:00,0.01824,0.0185,0.01703,0.01732,247099051
2026-01-21 09:00:00,0.01731,0.01909,0.01722,0.01874,296690767
2026-01-21 10:00:00,0.01875,0.01982,0.01854,0.01921,356130500
2026-01-21 11:00:00,0.0192,0.01924,0.01806,0.01819,380783794
2026-01-21 12:00:00,0.01819,0.0191,0.01805,0.01838,294872839
2026-01-21 13:00:00,0.01837,0.01882,0.01827,0.01866,127261377
2026-01-21 14:00:00,0.01865,0.01959,0.01859,0.01905,347470634
2026-01-21 15:00:00,0.01906,0.02181,0.01883,0.02148,764603649
2026-01-21 16:00:00,0.02147,0.02149,0.02009,0.02047,884860987
2026-01-21 17:00:00,0.02048,0.02089,0.01967,0.0202,548369735
2026-01-21 18:00:00,0.02019,0.02175,0.02017,0.02094,530554960
2026-01-21 19:00:00,0.02094,0.0227,0.0207,0.02205,710299028
2026-01-21 20:00:00,0.02205,0.02217,0.02118,0.02166,396095420
2026-01-21 21:00:00,0.02166,0.02217,0.02113,0.02186,366050433
2026-01-21 22:00:00,0.02187,0.02191,0.02101,0.02106,264429972
2026-01-21 23:00:00,0.02107,0.02185,0.02072,0.02145,292597818
2026-01-22 00:00:00,0.02143,0.02207,0.02091,0.02096,369553653
2026-01-22 01:00:00,0.02097,0.02102,0.0202,0.02045,294246055
2026-01-22 02:00:00,0.02045,0.02093,0.02033,0.02051,174127111
2026-01-22 03:00:00,0.0205,0.02064,0.02012,0.02027,166096871
2026-01-22 04:00:00,0.02026,0.02034,0.01984,0.01996,148133272
2026-01-22 05:00:00,0.01995,0.02008,0.01969,0.01975,149044528
2026-01-22 06:00:00,0.01974,0.02012,0.01951,0.02006,167893423
2026-01-22 07:00:00,0.02006,0.02055,0.01982,0.02046,200435415
2026-01-22 08:00:00,0.02047,0.02165,0.02027,0.02046,604664254
2026-01-22 09:00:00,0.02046,0.02107,0.02038,0.02052,195806713
2026-01-22 10:00:00,0.02052,0.02141,0.02046,0.02075,288214236
2026-01-22 11:00:00,0.02074,0.02108,0.02047,0.02067,190034559
2026-01-22 12:00:00,0.02066,0.02184,0.02061,0.02159,368287890
2026-01-22 13:00:00,0.02158,0.02173,0.0209,0.02161,324026682
2026-01-22 14:00:00,0.02162,0.02174,0.02077,0.02094,305050380
2026-01-22 15:00:00,0.02095,0.02158,0.0206,0.02083,288160739
2026-01-22 16:00:00,0.02083,0.02118,0.0199,0.02036,335526864
2026-01-22 17:00:00,0.02035,0.02047,0.01952,0.02017,232190102
2026-01-22 18:00:00,0.02016,0.02019,0.01965,0.01977,134167091
2026-01-22 19:00:00,0.01977,0.02003,0.0197,0.01981,85222634
2026-01-22 20:00:00,0.01981,0.02009,0.01955,0.0197,111072176
2026-01-22 21:00:00,0.01971,0.01972,0.01916,0.01921,154229341
2026-01-22 22:00:00,0.01921,0.01923,0.01876,0.01884,137376133
2026-01-22 23:00:00,0.01884,0.01892,0.01855,0.0188,145357608
2026-01-23 00:00:00,0.0188,0.01948,0.01873,0.01947,163170476
2026-01-23 01:00:00,0.01947,0.02025,0.01946,0.01984,211823988
2026-01-23 02:00:00,0.01983,0.0202,0.01944,0.01951,113596327
2026-01-23 03:00:00,0.0195,0.01951,0.01904,0.01912,160114308
2026-01-23 04:00:00,0.01911,0.01934,0.01885,0.0191,116362936
2026-01-23 05:00:00,0.01911,0.01926,0.01895,0.01908,51536284
2026-01-23 06:00:00,0.01908,0.01946,0.01818,0.01828,271013011
2026-01-23 07:00:00,0.01827,0.01835,0.017,0.01784,473544380
2026-01-23 08:00:00,0.01784,0.01807,0.01747,0.01771,189729519
2026-01-23 09:00:00,0.0177,0.0178,0.01735,0.01756,137317465
2026-01-23 10:00:00,0.01757,0.01768,0.01708,0.0171,121030173
2026-01-23 11:00:00,0.0171,0.01722,0.01683,0.01722,141722611
2026-01-23 12:00:00,0.01721,0.0174,0.01694,0.01696,136911665
2026-01-23 13:00:00,0.01695,0.01716,0.01688,0.01703,107739274
2026-01-23 14:00:00,0.01703,0.01731,0.01671,0.01702,192628039
2026-01-23 15:00:00,0.01702,0.01739,0.01675,0.01738,155090970
2026-01-23 16:00:00,0.01738,0.01777,0.01723,0.01759,240812213
2026-01-23 17:00:00,0.01758,0.01819,0.01741,0.01796,147472354
2026-01-23 18:00:00,0.01796,0.01799,0.01733,0.01741,137472762
2026-01-23 19:00:00,0.0174,0.01743,0.01695,0.01712,118729293
2026-01-23 20:00:00,0.01711,0.01712,0.01682,0.01689,101381763
2026-01-23 21:00:00,0.01689,0.01718,0.01689,0.01696,62237202
2026-01-23 22:00:00,0.01695,0.01725,0.0169,0.01702,54745352
2026-01-23 23:00:00,0.01703,0.01714,0.0169,0.01713,56419200
2026-01-24 00:00:00,0.01712,0.01717,0.01655,0.01659,100064838
2026-01-24 01:00:00,0.01659,0.01672,0.01654,0.01667,52603780
2026-01-24 02:00:00,0.01667,0.01675,0.01642,0.01651,77718521
2026-01-24 03:00:00,0.01652,0.01663,0.01637,0.01646,53856337
2026-01-24 04:00:00,0.01645,0.01657,0.01639,0.0165,39733760
2026-01-24 05:00:00,0.0165,0.01672,0.01643,0.01665,68802882
2026-01-24 06:00:00,0.01664,0.01678,0.0165,0.01672,47064077
2026-01-24 07:00:00,0.01672,0.01716,0.0167,0.01696,145200527
2026-01-24 08:00:00,0.01696,0.01696,0.01667,0.01679,55577488
2026-01-24 09:00:00,0.01679,0.01707,0.01677,0.01682,55006345
2026-01-24 10:00:00,0.01683,0.01705,0.01682,0.01696,43607728
2026-01-24 11:00:00,0.01695,0.0171,0.01666,0.01669,72128124
2026-01-24 12:00:00,0.01668,0.01684,0.0165,0.0166,71079190
2026-01-24 13:00:00,0.0166,0.01667,0.01646,0.01647,43276697
2026-01-24 14:00:00,0.01648,0.01659,0.01628,0.01649,69589940
2026-01-24 15:00:00,0.01649,0.01674,0.01634,0.0164,74662899
2026-01-24 16:00:00,0.01639,0.01646,0.01625,0.01632,51019490
2026-01-24 17:00:00,0.01631,0.01639,0.01621,0.01632,66269438
2026-01-24 18:00:00,0.01633,0.01646,0.01631,0.01638,31116263
2026-01-24 19:00:00,0.01638,0.01639,0.01615,0.01618,28003968
2026-01-24 20:00:00,0.01618,0.01628,0.01613,0.01625,29697736
2026-01-24 21:00:00,0.01626,0.01632,0.01615,0.01624,25217211
2026-01-24 22:00:00,0.01624,0.01627,0.01615,0.01617,15252955
2026-01-24 23:00:00,0.01617,0.01624,0.01612,0.01615,32331010
2026-01-25 00:00:00,0.01615,0.01635,0.01607,0.01624,64595318
2026-01-25 01:00:00,0.01625,0.01664,0.01607,0.01651,81777190
2026-01-25 02:00:00,0.01652,0.01657,0.01628,0.01654,55239166
2026-01-25 03:00:00,0.01655,0.01682,0.01635,0.01658,91769217
2026-01-25 04:00:00,0.01658,0.01734,0.01646,0.01676,193060523
2026-01-25 05:00:00,0.01676,0.01787,0.01666,0.01769,195114689
2026-01-25 06:00:00,0.01769,0.01889,0.01755,0.01773,475355195
2026-01-25 07:00:00,0.01773,0.01849,0.0176,0.01817,216372770
2026-01-25 08:00:00,0.01817,0.0183,0.01743,0.01779,153255834
2026-01-25 09:00:00,0.01779,0.01907,0.01724,0.01865,328495506
2026-01-25 10:00:00,0.01865,0.01871,0.0179,0.01791,147518908
2026-01-25 11:00:00,0.01791,0.01848,0.01771,0.01823,144787992
2026-01-25 12:00:00,0.01822,0.0184,0.01762,0.01774,106993520
2026-01-25 13:00:00,0.01773,0.01793,0.01748,0.01777,97594505
2026-01-25 14:00:00,0.01776,0.01776,0.01715,0.0172,107068560
2026-01-25 15:00:00,0.01719,0.01749,0.01708,0.0172,117066170
2026-01-25 16:00:00,0.0172,0.01728,0.01659,0.01681,240326640
2026-01-25 17:00:00,0.01681,0.01699,0.01651,0.01656,88374333
2026-01-25 18:00:00,0.01657,0.01678,0.01627,0.01674,123501599
2026-01-25 19:00:00,0.01673,0.01718,0.01636,0.01705,237615026
2026-01-25 20:00:00,0.01705,0.01811,0.01677,0.01696,411239622
2026-01-25 21:00:00,0.01695,0.01766,0.01694,0.01761,153594556
2026-01-25 22:00:00,0.0176,0.01824,0.01741,0.01793,181901467
2026-01-25 23:00:00,0.01792,0.01866,0.01776,0.01797,204213936
2026-01-26 00:00:00,0.01798,0.01826,0.01747,0.01804,181599670
2026-01-26 01:00:00,0.01804,0.01994,0.01803,0.01908,560433407
2026-01-26 02:00:00,0.01909,0.01971,0.0185,0.01923,387325710
2026-01-26 03:00:00,0.01923,0.01995,0.01911,0.01979,380007941
2026-01-26 04:00:00,0.01978,0.02,0.01836,0.01841,443806824
2026-01-26 05:00:00,0.01841,0.01959,0.01837,0.01896,308349180
2026-01-26 06:00:00,0.01896,0.01973,0.01847,0.01967,256053917
2026-01-26 07:00:00,0.01967,0.01984,0.01921,0.01925,201078457
2026-01-26 08:00:00,0.01924,0.01929,0.01815,0.01819,221137932
2026-01-26 09:00:00,0.01819,0.01856,0.01807,0.0183,169716976
2026-01-26 10:00:00,0.01829,0.01861,0.01819,0.01832,139547305
2026-01-26 11:00:00,0.01833,0.01836,0.01806,0.01813,80836141
2026-01-26 12:00:00,0.01814,0.01834,0.01782,0.01833,123285082
2026-01-26 13:00:00,0.01833,0.01922,0.01823,0.01884,233890000
2026-01-26 14:00:00,0.01883,0.01929,0.01853,0.01874,203407397
2026-01-26 15:00:00,0.01874,0.0196,0.01871,0.01941,249894817
2026-01-26 16:00:00,0.01942,0.01979,0.01872,0.0189,362531074
2026-01-26 17:00:00,0.01889,0.01923,0.01864,0.0189,124146600
2026-01-26 18:00:00,0.0189,0.01902,0.01871,0.01893,82049592
2026-01-26 19:00:00,0.01893,0.01903,0.01869,0.01871,76034141
2026-01-26 20:00:00,0.0187,0.01877,0.01821,0.01828,133933900
2026-01-26 21:00:00,0.01828,0.01854,0.01818,0.01838,76780804
2026-01-26 22:00:00,0.01838,0.0185,0.01827,0.0185,49962270
2026-01-26 23:00:00,0.0185,0.0188,0.01842,0.01847,69078120
2026-01-27 00:00:00,0.01847,0.01915,0.01835,0.01884,130718870
2026-01-27 01:00:00,0.01884,0.019,0.01854,0.01856,65988837
2026-01-27 02:00:00,0.01857,0.01881,0.01847,0.01877,52391433
2026-01-27 03:00:00,0.01877,0.0188,0.01824,0.0183,67559435
2026-01-27 04:00:00,0.0183,0.01839,0.01804,0.01813,81551207
2026-01-27 05:00:00,0.01814,0.01818,0.01789,0.01796,63272091
2026-01-27 06:00:00,0.01796,0.01808,0.01775,0.01787,65848802
2026-01-27 07:00:00,0.01787,0.01799,0.01768,0.01792,83581502
2026-01-27 08:00:00,0.01792,0.01801,0.01769,0.01775,63715329
2026-01-27 09:00:00,0.01776,0.01778,0.01752,0.01767,65949355
2026-01-27 10:00:00,0.01766,0.01776,0.01751,0.01758,38454086
2026-01-27 11:00:00,0.01758,0.01775,0.01749,0.01765,56197601
2026-01-27 12:00:00,0.01765,0.01772,0.01743,0.01755,45961570
2026-01-27 13:00:00,0.01755,0.01766,0.01746,0.01746,33760100
2026-01-27 14:00:00,0.01747,0.01762,0.01726,0.01735,79193586
2026-01-27 15:00:00,0.01736,0.01802,0.01732,0.01794,92080491
2026-01-27 16:00:00,0.01795,0.01928,0.01788,0.01922,237783196
2026-01-27 17:00:00,0.01922,0.01927,0.0187,0.01882,175055725
2026-01-27 18:00:00,0.01883,0.01936,0.01874,0.01897,110864746
2026-01-27 19:00:00,0.01897,0.01965,0.01887,0.01957,125746570
2026-01-27 20:00:00,0.01957,0.02081,0.01951,0.02025,368607760
2026-01-27 21:00:00,0.02025,0.02068,0.02001,0.02041,169850857
2026-01-27 22:00:00,0.0204,0.02067,0.0201,0.02045,128396355
2026-01-27 23:00:00,0.02044,0.02162,0.0204,0.02134,238342086
2026-01-28 00:00:00,0.02135,0.02164,0.02088,0.02099,200332229
2026-01-28 01:00:00,0.02099,0.02113,0.02072,0.02094,95002228
2026-01-28 02:00:00,0.02094,0.02129,0.02027,0.02106,174724277
2026-01-28 03:00:00,0.02105,0.02175,0.02099,0.02169,153901966
2026-01-28 04:00:00,0.02168,0.02186,0.02114,0.02168,224887070
2026-01-28 05:00:00,0.02167,0.02206,0.0216,0.02196,218199746
2026-01-28 06:00:00,0.02196,0.02253,0.02171,0.02203,349653463
2026-01-28 07:00:00,0.02203,0.02219,0.02102,0.02124,271932154
2026-01-28 08:00:00,0.02124,0.02131,0.02043,0.02049,236879298
2026-01-28 09:00:00,0.02048,0.02088,0.02041,0.02084,154720531
2026-01-28 10:00:00,0.02084,0.02088,0.02044,0.02052,121604310
2026-01-28 11:00:00,0.02053,0.02073,0.02021,0.02045,136346953
2026-01-28 12:00:00,0.02045,0.0206,0.02024,0.02058,90429611
2026-01-28 13:00:00,0.02057,0.02093,0.02028,0.02038,153733836
2026-01-28 14:00:00,0.02038,0.0214,0.02037,0.02105,166383364
2026-01-28 15:00:00,0.02104,0.0216,0.02071,0.02073,325506060
2026-01-28 16:00:00,0.02073,0.02118,0.02041,0.02092,176506971
2026-01-28 17:00:00,0.02093,0.0213,0.02083,0.02097,99167169
2026-01-28 18:00:00,0.02097,0.02117,0.02078,0.0209,50114525
2026-01-28 19:00:00,0.02089,0.02097,0.02042,0.02055,110104196
2026-01-28 20:00:00,0.02055,0.02076,0.01986,0.01991,152687950
2026-01-28 21:00:00,0.01992,0.01997,0.01929,0.01935,156755679
2026-01-28 22:00:00,0.01936,0.01948,0.01909,0.01944,79193894
2026-01-28 23:00:00,0.01943,0.01946,0.01923,0.01939,58191340
2026-01-29 00:00:00,0.01939,0.01945,0.01913,0.01922,86568374
2026-01-29 01:00:00,0.01922,0.01946,0.01918,0.01941,48111133
2026-01-29 02:00:00,0.01941,0.01996,0.01925,0.01944,178896347
2026-01-29 03:00:00,0.01944,0.01963,0.01928,0.01932,71083906
2026-01-29 04:00:00,0.01932,0.01974,0.01924,0.0194,62166573
2026-01-29 05:00:00,0.0194,0.01948,0.01871,0.01886,148279645
2026-01-29 06:00:00,0.01887,0.01988,0.01885,0.01967,134493219
2026-01-29 07:00:00,0.01967,0.01972,0.01915,0.01923,91393744
2026-01-29 08:00:00,0.01922,0.01944,0.01901,0.01931,87207847
2026-01-29 09:00:00,0.01931,0.01984,0.0193,0.01967,96572383
2026-01-29 10:00:00,0.01966,0.02081,0.01964,0.02071,276431417
2026-01-29 11:00:00,0.02071,0.02087,0.01986,0.01991,152058635
2026-01-29 12:00:00,0.01991,0.02048,0.01978,0.02009,138858138
2026-01-29 13:00:00,0.02008,0.0202,0.01977,0.02019,84226489
2026-01-29 14:00:00,0.02018,0.02095,0.02001,0.02025,184596321
2026-01-29 15:00:00,0.02025,0.02068,0.01937,0.01943,301313324
2026-01-29 16:00:00,0.01944,0.01992,0.01914,0.01986,169313323
2026-01-29 17:00:00,0.01986,0.02049,0.01973,0.01973,150022133
2026-01-29 18:00:00,0.01975,0.02017,0.01956,0.01985,96558538
2026-01-29 19:00:00,0.01985,0.01993,0.0194,0.01969,78607789
2026-01-29 20:00:00,0.0197,0.02011,0.01943,0.01977,81349487
2026-01-29 21:00:00,0.01977,0.02056,0.01966,0.02042,127756175
2026-01-29 22:00:00,0.02043,0.02059,0.02002,0.02058,93827191
2026-01-29 23:00:00,0.02058,0.0213,0.02044,0.02103,244824302
2026-01-30 00:00:00,0.02103,0.02158,0.02062,0.02132,226351620
2026-01-30 01:00:00,0.02132,0.02176,0.02073,0.02168,313218788
2026-01-30 02:00:00,0.02168,0.02168,0.02049,0.02072,247001905
2026-01-30 03:00:00,0.02073,0.02132,0.02069,0.02105,157479650
2026-01-30 04:00:00,0.02105,0.0224,0.02104,0.02229,282696298
2026-01-30 05:00:00,0.02229,0.02263,0.02168,0.02191,419853930
2026-01-30 06:00:00,0.0219,0.02219,0.02135,0.02171,245065411
2026-01-30 07:00:00,0.02171,0.02269,0.02171,0.02242,318872079
2026-01-30 08:00:00,0.02242,0.02257,0.02118,0.02127,308718468
2026-01-30 09:00:00,0.02127,0.02172,0.02066,0.0213,335977303
2026-01-30 10:00:00,0.0213,0.02164,0.02067,0.02073,218828396
2026-01-30 11:00:00,0.02074,0.02117,0.02062,0.02117,150070511
2026-01-30 12:00:00,0.02118,0.02157,0.0208,0.02082,172298382
2026-01-30 13:00:00,0.02083,0.02089,0.01996,0.02016,230131651
2026-01-30 14:00:00,0.02015,0.02056,0.02,0.02044,130742956
2026-01-30 15:00:00,0.02044,0.02143,0.02022,0.02129,280927537
2026-01-30 16:00:00,0.02129,0.0216,0.02063,0.02129,223542291
2026-01-30 17:00:00,0.02128,0.02139,0.0207,0.02097,137217880
2026-01-30 18:00:00,0.02097,0.02129,0.02046,0.02104,157559518
2026-01-30 19:00:00,0.02104,0.02161,0.02091,0.02123,108214435
2026-01-30 20:00:00,0.02122,0.02123,0.0207,0.02087,120469941
2026-01-30 21:00:00,0.02087,0.02097,0.02057,0.02065,68326166
2026-01-30 22:00:00,0.02065,0.02079,0.02016,0.02047,95626941
2026-01-30 23:00:00,0.02047,0.02055,0.02014,0.02033,54797899
2026-01-31 00:00:00,0.02033,0.02034,0.01925,0.01933,165343268
2026-01-31 01:00:00,0.01933,0.01935,0.01866,0.01896,215976350
2026-01-31 02:00:00,0.01895,0.01923,0.01892,0.01914,90772840
2026-01-31 03:00:00,0.01914,0.01942,0.01901,0.0192,89479912
2026-01-31 04:00:00,0.0192,0.01943,0.01908,0.01937,59853734
2026-01-31 05:00:00,0.01938,0.0194,0.01906,0.01921,60649793
2026-01-31 06:00:00,0.01921,0.01929,0.01835,0.01865,181019430
2026-01-31 07:00:00,0.01866,0.01891,0.01844,0.01888,108929681
2026-01-31 08:00:00,0.01888,0.01903,0.01843,0.01872,159026723
2026-01-31 09:00:00,0.01872,0.0189,0.01862,0.01868,67623804
2026-01-31 10:00:00,0.01869,0.01924,0.0185,0.01904,105907460
2026-01-31 11:00:00,0.01904,0.01961,0.01896,0.01939,124842525
2026-01-31 12:00:00,0.01939,0.01965,0.01909,0.01947,119042387
2026-01-31 13:00:00,0.01948,0.01981,0.01929,0.01931,114857909
2026-01-31 14:00:00,0.01933,0.01951,0.01848,0.01884,255587936
2026-01-31 15:00:00,0.01883,0.01901,0.01813,0.01827,161278611
2026-01-31 16:00:00,0.01827,0.01835,0.0177,0.01794,262550478
2026-01-31 17:00:00,0.01794,0.01799,0.01702,0.01711,330259100
2026-01-31 18:00:00,0.01712,0.01732,0.01612,0.01697,457065403
2026-01-31 19:00:00,0.01697,0.01725,0.01677,0.01702,221140473
2026-01-31 20:00:00,0.01702,0.01709,0.01669,0.01686,110717631
2026-01-31 21:00:00,0.01685,0.01795,0.0167,0.01786,192429391
2026-01-31 22:00:00,0.01786,0.01804,0.01765,0.01779,98928238
2026-01-31 23:00:00,0.01778,0.01783,0.01738,0.01741,99477611
2026-02-01 00:00:00,0.01741,0.01783,0.01738,0.01759,94625804
2026-02-01 01:00:00,0.0176,0.01773,0.01721,0.01761,73465000
2026-02-01 02:00:00,0.01762,0.01774,0.01728,0.01731,80557387
2026-02-01 03:00:00,0.01731,0.01757,0.01726,0.01745,47391685
2026-02-01 04:00:00,0.01746,0.01749,0.01726,0.01733,39486523
2026-02-01 05:00:00,0.01732,0.01764,0.01729,0.01754,50188610
2026-02-01 06:00:00,0.01754,0.01786,0.01729,0.01758,70015502
2026-02-01 07:00:00,0.01758,0.01794,0.01744,0.01772,74702259
2026-02-01 08:00:00,0.01772,0.01822,0.01772,0.01818,99935721
2026-02-01 09:00:00,0.01818,0.01864,0.01786,0.01837,136150095
2026-02-01 10:00:00,0.01836,0.01874,0.01788,0.0184,146331986
2026-02-01 11:00:00,0.01841,0.0185,0.01809,0.01833,73349753
2026-02-01 12:00:00,0.01832,0.01868,0.01824,0.01835,102744834
2026-02-01 13:00:00,0.01835,0.0187,0.01794,0.01802,80256719
2026-02-01 14:00:00,0.01802,0.01843,0.01785,0.01797,106051418
2026-02-01 15:00:00,0.01797,0.01798,0.01721,0.01766,164002465
2026-02-01 16:00:00,0.01767,0.01814,0.01762,0.01792,122853004
2026-02-01 17:00:00,0.01792,0.01848,0.01787,0.01795,128734064
2026-02-01 18:00:00,0.01795,0.01831,0.01761,0.01768,106819188
2026-02-01 19:00:00,0.01769,0.01789,0.01763,0.01778,73018853
2026-02-01 20:00:00,0.01778,0.01782,0.01748,0.01763,75861876
2026-02-01 21:00:00,0.01763,0.01802,0.01762,0.01781,66778329
2026-02-01 22:00:00,0.0178,0.01806,0.01748,0.01753,81169097
2026-02-01 23:00:00,0.01752,0.01805,0.01687,0.01765,187060369
2026-02-02 00:00:00,0.01764,0.0181,0.01741,0.01797,117117728
2026-02-02 01:00:00,0.01796,0.01828,0.01771,0.01794,91370815
2026-02-02 02:00:00,0.01795,0.01795,0.01737,0.01738,69545449
2026-02-02 03:00:00,0.01739,0.01748,0.01659,0.01737,213094379
2026-02-02 04:00:00,0.01737,0.01771,0.0171,0.01742,71852626
2026-02-02 05:00:00,0.01742,0.01746,0.01685,0.01714,82032409
2026-02-02 06:00:00,0.01714,0.01773,0.01692,0.01753,146185224
2026-02-02 07:00:00,0.01753,0.01771,0.01741,0.01757,65280473
2026-02-02 08:00:00,0.01757,0.01763,0.01737,0.01738,52645895
2026-02-02 09:00:00,0.01737,0.01737,0.01708,0.01721,89117990
2026-02-02 10:00:00,0.0172,0.01723,0.01688,0.01691,70697214
2026-02-02 11:00:00,0.01692,0.01698,0.01669,0.01671,99855500
2026-02-02 12:00:00,0.01672,0.01675,0.01626,0.01636,120747873
2026-02-02 13:00:00,0.01635,0.01653,0.01624,0.01639,72003243
2026-02-02 14:00:00,0.01639,0.01685,0.01609,0.01656,154042816
2026-02-02 15:00:00,0.01657,0.01769,0.01642,0.01727,293057426
2026-02-02 16:00:00,0.01727,0.01768,0.01688,0.01706,156302347
2026-02-02 17:00:00,0.01706,0.01741,0.01682,0.01689,104507329
2026-02-02 18:00:00,0.01689,0.01702,0.01677,0.0169,58881917
2026-02-02 19:00:00,0.01691,0.01704,0.0168,0.0169,48080955
2026-02-02 20:00:00,0.01689,0.01713,0.01656,0.01662,88519704
2026-02-02 21:00:00,0.01663,0.01676,0.01645,0.01668,76125940
2026-02-02 22:00:00,0.01669,0.01723,0.01669,0.0172,105410827
2026-02-02 23:00:00,0.01721,0.01722,0.01676,0.01679,37309295
2026-02-03 00:00:00,0.01678,0.01682,0.01651,0.01665,64700849
2026-02-03 01:00:00,0.01666,0.01671,0.01654,0.01663,31754592
2026-02-03 02:00:00,0.01663,0.01663,0.01592,0.01593,99541499
2026-02-03 03:00:00,0.01593,0.01655,0.01579,0.01635,126877720
2026-02-03 04:00:00,0.01636,0.0166,0.01622,0.01648,66687986
2026-02-03 05:00:00,0.01647,0.01651,0.01605,0.0161,67589353
2026-02-03 06:00:00,0.0161,0.01636,0.01595,0.01622,70028856
2026-02-03 07:00:00,0.01623,0.01727,0.0161,0.01706,203330850
2026-02-03 08:00:00,0.01706,0.01799,0.01703,0.01784,273977084
2026-02-03 09:00:00,0.01785,0.01808,0.01744,0.01771,163247525
2026-02-03 10:00:00,0.01771,0.01803,0.01753,0.01779,106055033
2026-02-03 11:00:00,0.01778,0.01799,0.01741,0.01761,112931344
2026-02-03 12:00:00,0.01762,0.01825,0.0176,0.01764,131916175
2026-02-03 13:00:00,0.01763,0.01817,0.01754,0.01795,104346792
2026-02-03 14:00:00,0.01795,0.01797,0.01727,0.01729,121922183
2026-02-03 15:00:00,0.01728,0.0176,0.01707,0.01739,182460285
2026-02-03 16:00:00,0.01738,0.01738,0.01671,0.01675,139051481
2026-02-03 17:00:00,0.01675,0.01683,0.01633,0.01634,172156384
2026-02-03 18:00:00,0.01634,0.0165,0.01609,0.01625,171923049
2026-02-03 19:00:00,0.01625,0.01713,0.01622,0.01683,162558747
2026-02-03 20:00:00,0.01683,0.01739,0.01662,0.01722,131744602
2026-02-03 21:00:00,0.01723,0.01735,0.01669,0.0167,70407273
2026-02-03 22:00:00,0.0167,0.01673,0.01639,0.01643,65729087
2026-02-03 23:00:00,0.01643,0.01643,0.01621,0.01638,62286364
2026-02-04 00:00:00,0.01637,0.01664,0.01612,0.01646,63989755
2026-02-04 01:00:00,0.01646,0.01681,0.01643,0.01671,50411943
2026-02-04 02:00:00,0.0167,0.01671,0.01619,0.01623,55438044
2026-02-04 03:00:00,0.01624,0.0165,0.01614,0.01639,52945786
2026-02-04 04:00:00,0.01639,0.01665,0.01634,0.01644,37106354
2026-02-04 05:00:00,0.01644,0.01674,0.01636,0.01648,69025891
2026-02-04 06:00:00,0.01647,0.01689,0.01646,0.01684,71454265
2026-02-04 07:00:00,0.01683,0.01687,0.01658,0.01676,59378703
2026-02-04 08:00:00,0.01676,0.01697,0.0167,0.0168,62249842
2026-02-04 09:00:00,0.01681,0.01699,0.01661,0.01664,40038409
2026-02-04 10:00:00,0.01664,0.01678,0.01655,0.01669,30359733
2026-02-04 11:00:00,0.01669,0.01669,0.01635,0.01641,73489355
2026-02-04 12:00:00,0.01641,0.01659,0.01633,0.01657,45549668
2026-02-04 13:00:00,0.01657,0.01658,0.01603,0.01604,67850779
2026-02-04 14:00:00,0.01603,0.01642,0.01581,0.01629,181497313
2026-02-04 15:00:00,0.01629,0.01655,0.01592,0.01598,151229681
2026-02-04 16:00:00,0.01598,0.01604,0.0156,0.0158,169837633
2026-02-04 17:00:00,0.01579,0.01594,0.01554,0.01587,120259277
2026-02-04 18:00:00,0.01588,0.01603,0.01557,0.01572,115771762
2026-02-04 19:00:00,0.01572,0.01617,0.01561,0.01614,96323373
2026-02-04 20:00:00,0.01615,0.01627,0.0159,0.01595,66734618
2026-02-04 21:00:00,0.01595,0.01598,0.01557,0.01565,54707327
2026-02-04 22:00:00,0.01566,0.01582,0.01531,0.01532,85513691
2026-02-04 23:00:00,0.01531,0.01554,0.01521,0.01527,70836655
2026-02-05 00:00:00,0.01527,0.01533,0.01493,0.01499,119037214
2026-02-05 01:00:00,0.015,0.01552,0.01497,0.01534,122950234
2026-02-05 02:00:00,0.01533,0.01535,0.01509,0.01513,70828554
2026-02-05 03:00:00,0.01514,0.01522,0.01494,0.01498,62416980
2026-02-05 04:00:00,0.01499,0.01511,0.01478,0.01487,89473762
2026-02-05 05:00:00,0.01487,0.01516,0.01486,0.01487,73659623
2026-02-05 06:00:00,0.01488,0.01491,0.01457,0.0147,89962192
2026-02-05 07:00:00,0.01469,0.01519,0.01466,0.01508,151818297
2026-02-05 08:00:00,0.01509,0.01563,0.01507,0.01531,148150480
2026-02-05 09:00:00,0.01531,0.01549,0.01512,0.01515,76583137
2026-02-05 10:00:00,0.01514,0.01519,0.01489,0.01498,74836543
2026-02-05 11:00:00,0.01498,0.01505,0.01466,0.0148,102544709
2026-02-05 12:00:00,0.01481,0.0151,0.01479,0.0149,124726035
2026-02-05 13:00:00,0.01491,0.01495,0.01433,0.01445,138427350
2026-02-05 14:00:00,0.01446,0.01497,0.01446,0.01465,111932183
2026-02-05 15:00:00,0.01465,0.01472,0.01408,0.01425,279900469
2026-02-05 16:00:00,0.01425,0.01435,0.01388,0.01408,199749934
2026-02-05 17:00:00,0.01409,0.01418,0.01356,0.01374,168896381
2026-02-05 18:00:00,0.01373,0.01394,0.0136,0.01385,93964413
2026-02-05 19:00:00,0.01384,0.01386,0.01341,0.01349,87889282
2026-02-05 20:00:00,0.01349,0.01352,0.01274,0.01298,285390172
2026-02-05 21:00:00,0.01298,0.01327,0.01277,0.01291,210823444
2026-02-05 22:00:00,0.01291,0.01321,0.01272,0.01296,144311215
2026-02-05 23:00:00,0.01296,0.01337,0.01296,0.01304,109359606
2026-02-06 00:00:00,0.01304,0.01327,0.01167,0.01306,616526732
2026-02-06 01:00:00,0.01305,0.0138,0.01299,0.01368,207516137
2026-02-06 02:00:00,0.01369,0.0138,0.01332,0.01339,91988639
2026-02-06 03:00:00,0.0134,0.01354,0.01326,0.0135,61009203
2026-02-06 04:00:00,0.0135,0.01353,0.01336,0.01349,64519005
2026-02-06 05:00:00,0.01349,0.01381,0.01347,0.01376,75627343
2026-02-06 06:00:00,0.01377,0.01389,0.01355,0.01355,68651149
2026-02-06 07:00:00,0.01356,0.01403,0.01339,0.01386,105908470
2026-02-06 08:00:00,0.01385,0.01425,0.01383,0.01389,143242337
2026-02-06 09:00:00,0.01389,0.01407,0.01372,0.01393,80288185
2026-02-06 10:00:00,0.01392,0.01407,0.01382,0.01401,52290273
2026-02-06 11:00:00,0.01401,0.01421,0.01395,0.01412,50461530
2026-02-06 12:00:00,0.01411,0.01411,0.01384,0.01391,44581249
2026-02-06 13:00:00,0.01392,0.01403,0.0137,0.0138,81185132
2026-02-06 14:00:00,0.01379,0.01424,0.01372,0.0141,104001035
2026-02-06 15:00:00,0.0141,0.01411,0.01389,0.01392,61694877
2026-02-06 16:00:00,0.01392,0.0144,0.01384,0.01428,86150407
2026-02-06 17:00:00,0.01428,0.01448,0.01421,0.01426,73384659
2026-02-06 18:00:00,0.01427,0.01428,0.0139,0.01399,74810995
2026-02-06 19:00:00,0.014,0.01411,0.01387,0.01408,43632125
2026-02-06 20:00:00,0.01408,0.01416,0.01385,0.01403,52738840
2026-02-06 21:00:00,0.01403,0.01405,0.01389,0.01389,28835879
2026-02-06 22:00:00,0.0139,0.01419,0.01386,0.01417,35034088
2026-02-06 23:00:00,0.01417,0.01436,0.01395,0.014,39180610
2026-02-07 00:00:00,0.01401,0.01402,0.01371,0.01379,64309358
2026-02-07 01:00:00,0.01379,0.01386,0.01361,0.01377,51590385
2026-02-07 02:00:00,0.01377,0.01404,0.01373,0.01386,42702137
2026-02-07 03:00:00,0.01386,0.01411,0.01385,0.01404,50657900
2026-02-07 04:00:00,0.01404,0.01414,0.01386,0.01389,49995646
2026-02-07 05:00:00,0.0139,0.014,0.01378,0.01384,34309463
2026-02-07 06:00:00,0.01384,0.01393,0.01356,0.01356,42773016
2026-02-07 07:00:00,0.01356,0.01366,0.01331,0.0135,108836723
2026-02-07 08:00:00,0.01351,0.01361,0.01345,0.01355,44014966
2026-02-07 09:00:00,0.01355,0.01361,0.01333,0.01335,46496189
2026-02-07 10:00:00,0.01335,0.0135,0.01327,0.01339,35596948
2026-02-07 11:00:00,0.01339,0.01341,0.01326,0.01335,30466686
2026-02-07 12:00:00,0.01335,0.01381,0.01333,0.01355,88842024
2026-02-07 13:00:00,0.01356,0.01358,0.01325,0.0133,54047278
2026-02-07 14:00:00,0.01331,0.01332,0.01309,0.0132,53140333
2026-02-07 15:00:00,0.0132,0.01345,0.01317,0.01331,48681476
2026-02-07 16:00:00,0.01331,0.01378,0.01329,0.0134,341422302
2026-02-07 17:00:00,0.01341,0.01348,0.01332,0.01335,35287137
2026-02-07 18:00:00,0.01335,0.01354,0.01331,0.01331,39263240
2026-02-07 19:00:00,0.01331,0.01332,0.01312,0.01313,36856471
2026-02-07 20:00:00,0.01314,0.01338,0.01313,0.01335,37641458
2026-02-07 21:00:00,0.01335,0.01337,0.01311,0.01315,29149499
2026-02-07 22:00:00,0.01315,0.01315,0.01293,0.01293,57846816
2026-02-07 23:00:00,0.01293,0.01299,0.01287,0.01293,69177513
2026-02-08 00:00:00,0.01294,0.01298,0.01277,0.01281,55688882
2026-02-08 01:00:00,0.01281,0.01286,0.01265,0.0127,81535279
2026-02-08 02:00:00,0.0127,0.01273,0.01264,0.01271,62632717
2026-02-08 03:00:00,0.01271,0.01289,0.01259,0.01276,66392416
2026-02-08 04:00:00,0.01276,0.01286,0.01268,0.01283,35193768
2026-02-08 05:00:00,0.01283,0.01286,0.01269,0.01272,35362865
2026-02-08 06:00:00,0.01272,0.01274,0.01243,0.01247,46395042
2026-02-08 07:00:00,0.01247,0.01258,0.01238,0.01258,52179236
2026-02-08 08:00:00,0.01257,0.01278,0.01253,0.0127,72441493
2026-02-08 09:00:00,0.0127,0.01279,0.01249,0.01253,56388937
2026-02-08 10:00:00,0.01254,0.01258,0.01229,0.01237,72473868
2026-02-08 11:00:00,0.01237,0.01263,0.01235,0.0126,67053154
2026-02-08 12:00:00,0.0126,0.01261,0.01233,0.01255,72858230
2026-02-08 13:00:00,0.01255,0.01271,0.01251,0.01266,71708081
2026-02-08 14:00:00,0.01265,0.01426,0.01261,0.01368,516715031
2026-02-08 15:00:00,0.01367,0.01367,0.01322,0.01323,202847482
2026-02-08 16:00:00,0.01323,0.01345,0.0128,0.01288,157806097
2026-02-08 17:00:00,0.01288,0.01356,0.01287,0.01333,155418414
2026-02-08 18:00:00,0.01333,0.01442,0.01331,0.01423,360198028
2026-02-08 19:00:00,0.01423,0.01468,0.01405,0.01428,429433095
2026-02-08 20:00:00,0.01429,0.01448,0.0141,0.01421,180314598
2026-02-08 21:00:00,0.01421,0.01451,0.01411,0.0144,157653641
2026-02-08 22:00:00,0.0144,0.0148,0.0143,0.01462,151532739
2026-02-08 23:00:00,0.01462,0.01507,0.01436,0.01442,256005762
2026-02-09 00:00:00,0.01442,0.01446,0.01391,0.01429,195930343
2026-02-09 01:00:00,0.01428,0.01444,0.01377,0.01402,229086191
2026-02-09 02:00:00,0.01401,0.01422,0.01392,0.01399,118694196
2026-02-09 03:00:00,0.01399,0.01408,0.01386,0.01391,66398818
2026-02-09 04:00:00,0.01391,0.01404,0.01378,0.01397,76113614
2026-02-09 05:00:00,0.01397,0.01401,0.01375,0.01384,72036480
2026-02-09 06:00:00,0.01383,0.01389,0.01366,0.0137,100124566
2026-02-09 07:00:00,0.0137,0.01403,0.01367,0.01381,129092378
2026-02-09 08:00:00,0.01381,0.01406,0.01369,0.01372,120109674
2026-02-09 09:00:00,0.01373,0.01374,0.01335,0.01352,131926123
2026-02-09 10:00:00,0.01352,0.01363,0.01321,0.01333,104955464
2026-02-09 11:00:00,0.01333,0.01348,0.01325,0.0133,86543981
2026-02-09 12:00:00,0.01329,0.0135,0.01329,0.01349,64007384
2026-02-09 13:00:00,0.01349,0.01362,0.01315,0.01322,108324452
2026-02-09 14:00:00,0.01322,0.01358,0.01309,0.01355,146194139
2026-02-09 15:00:00,0.01354,0.01378,0.01336,0.01366,129771686
2026-02-09 16:00:00,0.01367,0.01367,0.01329,0.01343,121366732
2026-02-09 17:00:00,0.01342,0.01366,0.01336,0.01348,87569667
2026-02-09 18:00:00,0.01348,0.01351,0.01326,0.0134,73162038
2026-02-09 19:00:00,0.01339,0.01349,0.01335,0.01338,40351769
2026-02-09 20:00:00,0.01339,0.01344,0.01312,0.01333,73372531
2026-02-09 21:00:00,0.01334,0.01341,0.01311,0.01338,69449591
2026-02-09 22:00:00,0.01338,0.01351,0.01335,0.01348,40157896
2026-02-09 23:00:00,0.01348,0.0136,0.01338,0.01343,46499119
2026-02-10 00:00:00,0.01343,0.01358,0.01337,0.01345,48395726
2026-02-10 01:00:00,0.01344,0.01372,0.01343,0.01367,61404231
2026-02-10 02:00:00,0.01366,0.01377,0.01356,0.01361,43027760
2026-02-10 03:00:00,0.01362,0.01363,0.01318,0.01326,64097169
2026-02-10 04:00:00,0.01325,0.01344,0.01324,0.01338,36417974
2026-02-10 05:00:00,0.01338,0.01349,0.01319,0.01323,34060588
2026-02-10 06:00:00,0.01323,0.0133,0.0129,0.01305,76924489
2026-02-10 07:00:00,0.01306,0.01321,0.01304,0.01313,64116306
2026-02-10 08:00:00,0.01313,0.0132,0.01299,0.01317,53146011
2026-02-10 09:00:00,0.01317,0.01321,0.01305,0.01306,46818368
2026-02-10 10:00:00,0.01307,0.01318,0.01295,0.01298,36563828
2026-02-10 11:00:00,0.01298,0.01298,0.0128,0.01282,48541382
2026-02-10 12:00:00,0.01282,0.01292,0.01277,0.01287,42461015
2026-02-10 13:00:00,0.01287,0.01297,0.01278,0.01292,59960348
2026-02-10 14:00:00,0.01293,0.01303,0.01282,0.01297,67216373
2026-02-10 15:00:00,0.01297,0.01319,0.01292,0.01303,69380053
2026-02-10 16:00:00,0.01302,0.01313,0.0128,0.01285,69682057
2026-02-10 17:00:00,0.01284,0.01286,0.01266,0.0128,95170108
2026-02-10 18:00:00,0.01281,0.01284,0.01252,0.0126,81174689
2026-02-10 19:00:00,0.0126,0.01277,0.01254,0.01276,49716444
2026-02-10 20:00:00,0.01276,0.01292,0.01269,0.01286,52922173
2026-02-10 21:00:00,0.01285,0.01289,0.01269,0.01278,55788692
2026-02-10 22:00:00,0.01278,0.01296,0.01266,0.01286,42775497
2026-02-10 23:00:00,0.01285,0.01291,0.01276,0.01277,38574769
2026-02-11 00:00:00,0.01277,0.01292,0.01274,0.01291,36763421
2026-02-11 01:00:00,0.01291,0.01306,0.01285,0.01293,68660355
2026-02-11 02:00:00,0.01293,0.0136,0.01293,0.01324,137026122
2026-02-11 03:00:00,0.01325,0.01331,0.01294,0.013,68721618
2026-02-11 04:00:00,0.013,0.01312,0.01293,0.01295,51008415
2026-02-11 05:00:00,0.01296,0.01308,0.01276,0.01279,58157261
2026-02-11 06:00:00,0.01279,0.01282,0.01245,0.01253,77468340
2026-02-11 07:00:00,0.01253,0.01274,0.01238,0.01266,68583253
2026-02-11 08:00:00,0.01266,0.0127,0.0125,0.01258,56756457
2026-02-11 09:00:00,0.01258,0.01285,0.01253,0.01285,51467498
2026-02-11 10:00:00,0.01285,0.01285,0.01247,0.01255,52328188
2026-02-11 11:00:00,0.01255,0.01277,0.01249,0.01274,30580719
2026-02-11 12:00:00,0.01274,0.01283,0.01268,0.01281,34736294
2026-02-11 13:00:00,0.01281,0.01303,0.0128,0.01297,74337341
2026-02-11 14:00:00,0.01297,0.01308,0.01273,0.01276,88697351
2026-02-11 15:00:00,0.01275,0.01286,0.01253,0.01268,88407001
2026-02-11 16:00:00,0.01269,0.01284,0.01242,0.01246,63142770
2026-02-11 17:00:00,0.01246,0.01282,0.01238,0.01264,53633040
2026-02-11 18:00:00,0.01265,0.01287,0.01258,0.01281,45300491
2026-02-11 19:00:00,0.01281,0.01306,0.01278,0.0129,61575518
2026-02-11 20:00:00,0.01289,0.01301,0.01277,0.01286,38006188
2026-02-11 21:00:00,0.01287,0.01293,0.01278,0.01281,28297437
2026-02-11 22:00:00,0.01282,0.01287,0.01263,0.01264,37005516
2026-02-11 23:00:00,0.01265,0.01267,0.0124,0.01246,61027325
2026-02-12 00:00:00,0.01247,0.01267,0.01246,0.01257,42552974
2026-02-12 01:00:00,0.01258,0.01282,0.01257,0.01271,34215712
2026-02-12 02:00:00,0.01272,0.01284,0.01265,0.01277,22149903
2026-02-12 03:00:00,0.01278,0.01292,0.01271,0.01285,28234270
2026-02-12 04:00:00,0.01285,0.01286,0.01273,0.01276,20939992
2026-02-12 05:00:00,0.01276,0.01277,0.01259,0.01266,28377181
2026-02-12 06:00:00,0.01267,0.01292,0.01256,0.01289,52592799
2026-02-12 07:00:00,0.01289,0.0132,0.01286,0.01308,121180406
2026-02-12 08:00:00,0.01308,0.01311,0.01254,0.01268,130485161
2026-02-12 09:00:00,0.01268,0.01296,0.01261,0.01295,69165458
2026-02-12 10:00:00,0.01296,0.013,0.01283,0.01296,50307384
2026-02-12 11:00:00,0.01297,0.01313,0.01291,0.01301,40702330
2026-02-12 12:00:00,0.01301,0.01302,0.01274,0.01283,54231505
2026-02-12 13:00:00,0.01283,0.0129,0.01274,0.01286,44831974
2026-02-12 14:00:00,0.01285,0.01299,0.01268,0.01297,45296081
2026-02-12 15:00:00,0.01297,0.01332,0.0129,0.01303,111809128
2026-02-12 16:00:00,0.01302,0.01303,0.01242,0.01253,151165715
2026-02-12 17:00:00,0.01253,0.01278,0.01244,0.01263,48909933
2026-02-12 18:00:00,0.01263,0.01278,0.0125,0.01254,34673091
2026-02-12 19:00:00,0.01255,0.01294,0.01253,0.01272,43741429
2026-02-12 20:00:00,0.01273,0.01277,0.01245,0.0125,45020440
2026-02-12 21:00:00,0.0125,0.01268,0.01249,0.0126,31260903
2026-02-12 22:00:00,0.0126,0.01275,0.01251,0.01273,33250049
2026-02-12 23:00:00,0.01274,0.01285,0.0127,0.01277,27551207
2026-02-13 00:00:00,0.01277,0.01286,0.01261,0.01272,30737362
2026-02-13 01:00:00,0.01271,0.01279,0.01261,0.01267,27958177
2026-02-13 02:00:00,0.01266,0.01271,0.01251,0.01258,36181046
2026-02-13 03:00:00,0.01258,0.01268,0.01252,0.01258,25266273
2026-02-13 04:00:00,0.01258,0.01259,0.01239,0.01241,40209548
2026-02-13 05:00:00,0.01241,0.01245,0.01222,0.01224,64478343
2026-02-13 06:00:00,0.01224,0.01239,0.01211,0.01238,45649321
2026-02-13 07:00:00,0.01238,0.01247,0.01233,0.01236,30753139
2026-02-13 08:00:00,0.01236,0.01257,0.01228,0.01251,44361854
2026-02-13 09:00:00,0.01251,0.01252,0.01237,0.01251,27810912
2026-02-13 10:00:00,0.01251,0.01253,0.01245,0.01246,18427889
2026-02-13 11:00:00,0.01246,0.01249,0.01231,0.01232,29620388
2026-02-13 12:00:00,0.01232,0.01233,0.01224,0.01229,29751542
2026-02-13 13:00:00,0.01229,0.01246,0.01224,0.01244,54371356
2026-02-13 14:00:00,0.01244,0.01259,0.01234,0.01251,56463963
2026-02-13 15:00:00,0.01251,0.01284,0.01251,0.0127,127567559
2026-02-13 16:00:00,0.0127,0.01309,0.0126,0.01297,116055391
2026-02-13 17:00:00,0.01298,0.01306,0.01286,0.01287,83445773
2026-02-13 18:00:00,0.01287,0.01289,0.01274,0.01279,47638447
2026-02-13 19:00:00,0.01278,0.01281,0.01266,0.01273,37144812
2026-02-13 20:00:00,0.01273,0.0128,0.01269,0.01275,21294814
2026-02-13 21:00:00,0.01274,0.01285,0.01269,0.01271,30644795
2026-02-13 22:00:00,0.01271,0.0128,0.01257,0.01268,36393762
2026-02-13 23:00:00,0.01268,0.01269,0.01241,0.01241,43927254
2026-02-14 00:00:00,0.01241,0.01258,0.01237,0.01255,50282693
2026-02-14 01:00:00,0.01255,0.01262,0.01247,0.01251,23095016
2026-02-14 02:00:00,0.01252,0.01256,0.0124,0.01243,28687964
2026-02-14 03:00:00,0.01242,0.0125,0.01236,0.01246,29475578
2026-02-14 04:00:00,0.01246,0.0125,0.01239,0.01245,21579654
2026-02-14 05:00:00,0.01245,0.01256,0.0124,0.01247,35108293
2026-02-14 06:00:00,0.01247,0.0125,0.01237,0.01249,41279522
2026-02-14 07:00:00,0.01248,0.01269,0.01246,0.01264,51229371
2026-02-14 08:00:00,0.01263,0.01275,0.01255,0.01274,44356947
2026-02-14 09:00:00,0.01273,0.01285,0.01264,0.0127,47063334
2026-02-14 10:00:00,0.0127,0.01284,0.01262,0.01279,36871712
2026-02-14 11:00:00,0.01279,0.01292,0.01271,0.01283,103556984
2026-02-14 12:00:00,0.01282,0.01311,0.01282,0.01287,89860009
2026-02-14 13:00:00,0.01288,0.01294,0.0126,0.01269,71113491
2026-02-14 14:00:00,0.01269,0.01305,0.01266,0.01302,37887974
2026-02-14 15:00:00,0.01302,0.01353,0.013,0.01316,211740676
2026-02-14 16:00:00,0.01316,0.01322,0.01293,0.01318,79973986
2026-02-14 17:00:00,0.01318,0.01347,0.01311,0.01314,83914361
2026-02-14 18:00:00,0.01315,0.01351,0.01313,0.01331,59316677
2026-02-14 19:00:00,0.01332,0.01344,0.01329,0.01337,35074895
2026-02-14 20:00:00,0.01338,0.01338,0.01308,0.01321,40484493
2026-02-14 21:00:00,0.01322,0.01345,0.01318,0.01339,56703320
2026-02-14 22:00:00,0.01339,0.01352,0.01333,0.01336,31416526
2026-02-14 23:00:00,0.01334,0.01341,0.01324,0.01331,33018926
2026-02-15 00:00:00,0.0133,0.01341,0.01318,0.0134,46582822
2026-02-15 01:00:00,0.01339,0.01343,0.01318,0.0133,39524507
2026-02-15 02:00:00,0.0133,0.01335,0.01313,0.01331,25572921
2026-02-15 03:00:00,0.0133,0.01347,0.01304,0.0133,61994895
2026-02-15 04:00:00,0.0133,0.01347,0.01321,0.01322,34344336
2026-02-15 05:00:00,0.01322,0.01334,0.0132,0.01325,20645891
2026-02-15 06:00:00,0.01325,0.01342,0.01318,0.01331,25133298
2026-02-15 07:00:00,0.01332,0.01338,0.01321,0.01333,21200227
2026-02-15 08:00:00,0.01334,0.01348,0.01303,0.01319,83425238
2026-02-15 09:00:00,0.01318,0.01326,0.01306,0.0131,33265116
2026-02-15 10:00:00,0.0131,0.01311,0.01292,0.01305,45338721
2026-02-15 11:00:00,0.01305,0.01313,0.01302,0.01307,15687461
2026-02-15 12:00:00,0.01306,0.0131,0.01267,0.01268,73995631
2026-02-15 13:00:00,0.01269,0.01283,0.01252,0.01257,108979828
2026-02-15 14:00:00,0.01256,0.01274,0.01252,0.01269,43180342
2026-02-15 15:00:00,0.01268,0.01273,0.01254,0.01261,34525584
2026-02-15 16:00:00,0.01261,0.01263,0.0125,0.01253,45069967
2026-02-15 17:00:00,0.01253,0.01256,0.01224,0.01237,75337043
2026-02-15 18:00:00,0.01237,0.0124,0.01224,0.01229,67585095
2026-02-15 19:00:00,0.01229,0.01237,0.01214,0.01218,55843225
2026-02-15 20:00:00,0.01218,0.01229,0.01203,0.01219,80202451
2026-02-15 21:00:00,0.01219,0.01231,0.01219,0.01224,29468656
2026-02-15 22:00:00,0.01224,0.01233,0.0122,0.0123,18698837
2026-02-15 23:00:00,0.0123,0.01232,0.01215,0.01226,28901508
2026-02-16 00:00:00,0.01226,0.01236,0.01223,0.01229,37995218
2026-02-16 01:00:00,0.01228,0.0124,0.01225,0.01232,25931105
2026-02-16 02:00:00,0.01231,0.01232,0.01212,0.01216,29618161
2026-02-16 03:00:00,0.01215,0.01223,0.01213,0.0122,22737932
2026-02-16 04:00:00,0.01219,0.01234,0.01217,0.01231,17102156
2026-02-16 05:00:00,0.01231,0.01235,0.01209,0.01214,29441539
2026-02-16 06:00:00,0.01213,0.01231,0.01211,0.01219,27829879
2026-02-16 07:00:00,0.01218,0.01218,0.01208,0.01211,41680704
2026-02-16 08:00:00,0.01211,0.01229,0.01209,0.01218,57484890
2026-02-16 09:00:00,0.01218,0.01237,0.01216,0.01234,42918506
2026-02-16 10:00:00,0.01234,0.01238,0.01218,0.0122,47969749
2026-02-16 11:00:00,0.01219,0.01221,0.01193,0.01212,78478869
2026-02-16 12:00:00,0.01211,0.01242,0.01208,0.01242,69116515
2026-02-16 13:00:00,0.01242,0.01257,0.01212,0.01216,110897201
2026-02-16 14:00:00,0.01216,0.01233,0.01214,0.01225,47147976
2026-02-16 15:00:00,0.01225,0.01233,0.01191,0.01201,90291280
2026-02-16 16:00:00,0.01201,0.01219,0.01198,0.01206,46978099
2026-02-16 17:00:00,0.01205,0.0121,0.01195,0.01204,26192100
2026-02-16 18:00:00,0.01203,0.01216,0.01203,0.01211,24459005
2026-02-16 19:00:00,0.01211,0.01219,0.01203,0.01215,37874964
2026-02-16 20:00:00,0.01215,0.01238,0.01207,0.01237,32486430
2026-02-16 21:00:00,0.01237,0.01255,0.01233,0.01251,64603810
2026-02-16 22:00:00,0.01251,0.01251,0.0123,0.01237,35611929
2026-02-16 23:00:00,0.01237,0.01247,0.01235,0.01245,15328990
2026-02-17 00:00:00,0.01245,0.01255,0.01239,0.01241,26660417
2026-02-17 01:00:00,0.01241,0.01248,0.01236,0.01243,20100382
2026-02-17 02:00:00,0.01243,0.01266,0.01234,0.01255,53703307
2026-02-17 03:00:00,0.01256,0.01256,0.01242,0.01244,24379246
2026-02-17 04:00:00,0.01244,0.01256,0.01238,0.01246,20796099
2026-02-17 05:00:00,0.01247,0.01248,0.01225,0.01244,34131057
2026-02-17 06:00:00,0.01243,0.01265,0.01243,0.01256,39050744
2026-02-17 07:00:00,0.01257,0.01272,0.01251,0.01261,33444728
2026-02-17 08:00:00,0.01261,0.01284,0.01257,0.0128,96415798
2026-02-17 09:00:00,0.0128,0.01295,0.01274,0.01286,75595118
2026-02-17 10:00:00,0.01286,0.01286,0.0126,0.01261,51517348
2026-02-17 11:00:00,0.01262,0.01278,0.01243,0.01272,59335637
2026-02-17 12:00:00,0.01272,0.01278,0.01253,0.01255,47095737
2026-02-17 13:00:00,0.01254,0.01265,0.01247,0.01256,39230932
2026-02-17 14:00:00,0.01256,0.01268,0.01237,0.01241,63785898
2026-02-17 15:00:00,0.01242,0.01261,0.01231,0.01259,69596837
2026-02-17 16:00:00,0.01259,0.01282,0.01247,0.01257,92400785
2026-02-17 17:00:00,0.01257,0.01261,0.01237,0.01248,44919113
2026-02-17 18:00:00,0.01248,0.01279,0.01244,0.01274,47847521
2026-02-17 19:00:00,0.01274,0.01288,0.01273,0.01278,47319924
2026-02-17 20:00:00,0.01277,0.0128,0.01266,0.01273,26497167
2026-02-17 21:00:00,0.01272,0.01283,0.01265,0.0127,23659804
2026-02-17 22:00:00,0.01269,0.0128,0.01263,0.01267,15003297
2026-02-17 23:00:00,0.01266,0.0127,0.01261,0.01269,15299177
2026-02-18 00:00:00,0.01268,0.01275,0.0126,0.01261,22954148
2026-02-18 01:00:00,0.01261,0.0127,0.01253,0.01264,33943988
2026-02-18 02:00:00,0.01264,0.0128,0.01263,0.01278,25758395
2026-02-18 03:00:00,0.01278,0.013,0.01274,0.01294,58602457
2026-02-18 04:00:00,0.01293,0.01312,0.01288,0.01303,51330842
2026-02-18 05:00:00,0.01303,0.01331,0.01298,0.01322,53444777
2026-02-18 06:00:00,0.01322,0.01336,0.01313,0.01325,57249405
2026-02-18 07:00:00,0.01324,0.01373,0.01321,0.01369,100784248
2026-02-18 08:00:00,0.01369,0.0143,0.01357,0.01423,293040686
2026-02-18 09:00:00,0.01423,0.01427,0.01357,0.01367,219019122
2026-02-18 10:00:00,0.01367,0.01421,0.01363,0.01419,109946912
2026-02-18 11:00:00,0.0142,0.01428,0.01406,0.01412,142451285
2026-02-18 12:00:00,0.01412,0.01444,0.01409,0.01434,155653964
2026-02-18 13:00:00,0.01434,0.01439,0.01365,0.01381,183609823
2026-02-18 14:00:00,0.0138,0.01386,0.01343,0.01366,123004865
2026-02-18 15:00:00,0.01367,0.01392,0.01353,0.01356,112093955
2026-02-18 16:00:00,0.01356,0.01375,0.01353,0.01358,65987710
2026-02-18 17:00:00,0.01358,0.01367,0.01336,0.01345,59224021
2026-02-18 18:00:00,0.01346,0.01357,0.01321,0.01328,94002149
2026-02-18 19:00:00,0.01328,0.01336,0.01313,0.01322,54363760
2026-02-18 20:00:00,0.01322,0.01351,0.01314,0.01339,61513725
2026-02-18 21:00:00,0.01339,0.01369,0.01334,0.01347,82607392
2026-02-18 22:00:00,0.01347,0.01361,0.01334,0.01349,35817131
2026-02-18 23:00:00,0.01349,0.01352,0.01337,0.0135,34352087
2026-02-19 00:00:00,0.01349,0.0135,0.01327,0.01341,64039261
2026-02-19 01:00:00,0.01341,0.01365,0.01338,0.01362,50255785
2026-02-19 02:00:00,0.01363,0.01378,0.01358,0.01364,43251879
2026-02-19 03:00:00,0.01364,0.01366,0.0135,0.0136,38387407
2026-02-19 04:00:00,0.0136,0.01369,0.01339,0.01352,40738927
2026-02-19 05:00:00,0.01353,0.01359,0.01338,0.01349,28654041
2026-02-19 06:00:00,0.01349,0.01354,0.01322,0.01343,50542706
2026-02-19 07:00:00,0.01343,0.01344,0.01313,0.01318,46589383
2026-02-19 08:00:00,0.01318,0.01319,0.01281,0.01294,99855191
2026-02-19 09:00:00,0.01294,0.013,0.01281,0.01285,49860331
2026-02-19 10:00:00,0.01286,0.01291,0.0128,0.01284,20408046
2026-02-19 11:00:00,0.01285,0.01296,0.01281,0.01287,25193300
2026-02-19 12:00:00,0.01287,0.01292,0.01273,0.0128,43206591
2026-02-19 13:00:00,0.0128,0.01282,0.01238,0.01246,91731823
2026-02-19 14:00:00,0.01246,0.0126,0.01236,0.01251,77874172
2026-02-19 15:00:00,0.01251,0.0126,0.01239,0.01243,49337659
2026-02-19 16:00:00,0.01242,0.01257,0.01226,0.01246,82802208
2026-02-19 17:00:00,0.01246,0.01267,0.01237,0.01259,59356868
2026-02-19 18:00:00,0.01258,0.01272,0.01253,0.0127,32870376
2026-02-19 19:00:00,0.01271,0.01275,0.01255,0.01266,38504960
2026-02-19 20:00:00,0.01267,0.0127,0.01245,0.01253,35232886
2026-02-19 21:00:00,0.01252,0.01255,0.01234,0.01235,32499278
2026-02-19 22:00:00,0.01235,0.01239,0.01215,0.01227,48226519
2026-02-19 23:00:00,0.01227,0.01238,0.01227,0.01235,29227556
2026-02-20 00:00:00,0.01236,0.0127,0.01233,0.01266,70947218
2026-02-20 01:00:00,0.01266,0.01305,0.01265,0.01304,80386833
2026-02-20 02:00:00,0.01304,0.01327,0.013,0.01304,85347226
2026-02-20 03:00:00,0.01304,0.01304,0.01277,0.01278,43853541
2026-02-20 04:00:00,0.01278,0.01281,0.0126,0.01261,35356714
2026-02-20 05:00:00,0.0126,0.01274,0.01247,0.01266,40841864
2026-02-20 06:00:00,0.01267,0.01278,0.01265,0.01277,28756180
2026-02-20 07:00:00,0.01276,0.01279,0.01259,0.01264,23481604
2026-02-20 08:00:00,0.01264,0.01279,0.01255,0.01271,37977030
2026-02-20 09:00:00,0.01271,0.01286,0.01264,0.01264,32847100
2026-02-20 10:00:00,0.01264,0.0128,0.0126,0.01265,39356533
2026-02-20 11:00:00,0.01265,0.01271,0.01255,0.01266,30989105
2026-02-20 12:00:00,0.01266,0.01273,0.01259,0.01266,23713487
2026-02-20 13:00:00,0.01267,0.01267,0.01238,0.0125,56660891
2026-02-20 14:00:00,0.0125,0.01265,0.01247,0.01252,43444842
2026-02-20 15:00:00,0.01253,0.01295,0.01252,0.01295,85649482
2026-02-20 16:00:00,0.01295,0.01322,0.01288,0.01309,122706978
2026-02-20 17:00:00,0.01309,0.01309,0.01264,0.01302,102392873
2026-02-20 18:00:00,0.01302,0.01311,0.01292,0.01297,43207422
2026-02-20 19:00:00,0.01297,0.013,0.01282,0.01285,28238720
2026-02-20 20:00:00,0.01286,0.01293,0.01278,0.01283,19798155
2026-02-20 21:00:00,0.01283,0.01296,0.01282,0.01292,16137343
2026-02-20 22:00:00,0.01292,0.01315,0.01288,0.01315,20958032
2026-02-20 23:00:00,0.01314,0.01327,0.0131,0.01319,34196301
2026-02-21 00:00:00,0.01319,0.01322,0.01308,0.01313,32328348
2026-02-21 01:00:00,0.01313,0.01325,0.01312,0.01322,15558794
2026-02-21 02:00:00,0.01322,0.0135,0.01322,0.01347,30422194
2026-02-21 03:00:00,0.01347,0.0136,0.01338,0.01359,34256833
2026-02-21 04:00:00,0.01358,0.01395,0.01355,0.01385,56607429
2026-02-21 05:00:00,0.01385,0.014,0.01374,0.01384,98523387
2026-02-21 06:00:00,0.01384,0.01399,0.01363,0.01367,74957254
2026-02-21 07:00:00,0.01367,0.01386,0.01359,0.01375,60767952
2026-02-21 08:00:00,0.01376,0.01379,0.01347,0.01363,65164468
2026-02-21 09:00:00,0.01363,0.01365,0.01354,0.01364,46172802
2026-02-21 10:00:00,0.01364,0.01381,0.01363,0.01368,35892272
2026-02-21 11:00:00,0.01368,0.01383,0.01364,0.01373,25467253
2026-02-21 12:00:00,0.01372,0.01388,0.01363,0.01371,32357796
2026-02-21 13:00:00,0.01371,0.01389,0.01363,0.01388,31742132
2026-02-21 14:00:00,0.01388,0.01395,0.01365,0.01369,41194739
2026-02-21 15:00:00,0.01368,0.0137,0.01358,0.01366,27414038
2026-02-21 16:00:00,0.01366,0.01367,0.01341,0.01349,51129848
2026-02-21 17:00:00,0.01349,0.01358,0.01345,0.01348,22010009
2026-02-21 18:00:00,0.01348,0.01352,0.01342,0.0135,17638483
2026-02-21 19:00:00,0.0135,0.01352,0.01343,0.01346,10890796
2026-02-21 20:00:00,0.01347,0.01348,0.01326,0.0133,35871976
2026-02-21 21:00:00,0.0133,0.01345,0.0133,0.01345,16306205
2026-02-21 22:00:00,0.01345,0.01346,0.01327,0.0133,19695360
2026-02-21 23:00:00,0.01331,0.01331,0.01318,0.01328,24962768
2026-02-22 00:00:00,0.01327,0.0134,0.01314,0.01337,38876877
2026-02-22 01:00:00,0.01337,0.01341,0.01329,0.01332,53658069
2026-02-22 02:00:00,0.01332,0.01332,0.01309,0.01312,30403284
2026-02-22 03:00:00,0.01312,0.01326,0.01311,0.01322,20339233
2026-02-22 04:00:00,0.01322,0.01323,0.01314,0.01323,12653054
2026-02-22 05:00:00,0.01323,0.0133,0.01316,0.0132,26128134
2026-02-22 06:00:00,0.01321,0.01324,0.01315,0.01321,17378827
2026-02-22 07:00:00,0.01321,0.01336,0.01317,0.01333,22671978
2026-02-22 08:00:00,0.01333,0.01345,0.0132,0.01334,45297204
2026-02-22 09:00:00,0.01334,0.01346,0.01329,0.01343,18418411
2026-02-22 10:00:00,0.01342,0.01363,0.01335,0.01347,39517288
2026-02-22 11:00:00,0.01347,0.0135,0.0133,0.01335,24202872
2026-02-22 12:00:00,0.01335,0.01342,0.01313,0.01317,27201176
2026-02-22 13:00:00,0.01317,0.0132,0.01304,0.01311,32183166
2026-02-22 14:00:00,0.01312,0.01313,0.01293,0.01297,38223070
2026-02-22 15:00:00,0.01297,0.01302,0.01291,0.01298,26053774
2026-02-22 16:00:00,0.01298,0.01299,0.01288,0.01293,24887646
2026-02-22 17:00:00,0.01292,0.01304,0.0129,0.01295,28675822
2026-02-22 18:00:00,0.01295,0.01297,0.01281,0.01283,31425558
2026-02-22 19:00:00,0.01283,0.01284,0.01276,0.01279,20844818
2026-02-22 20:00:00,0.0128,0.01284,0.01274,0.01277,30434186
2026-02-22 21:00:00,0.01277,0.01279,0.01263,0.01266,33778817
2026-02-22 22:00:00,0.01265,0.01269,0.01256,0.01268,22294122
2026-02-22 23:00:00,0.01268,0.0128,0.01266,0.01274,20295677
2026-02-23 00:00:00,0.01273,0.01274,0.01249,0.01251,29049920
2026-02-23 01:00:00,0.01251,0.01252,0.01194,0.01197,164195881
2026-02-23 02:00:00,0.01197,0.01204,0.01186,0.01198,61321944
2026-02-23 03:00:00,0.01197,0.01207,0.01188,0.01189,29224714
2026-02-23 04:00:00,0.0119,0.01193,0.01176,0.01189,45781472
2026-02-23 05:00:00,0.01189,0.01217,0.01188,0.01209,42950096
2026-02-23 06:00:00,0.01209,0.01242,0.01208,0.01231,57525170
2026-02-23 07:00:00,0.01231,0.01238,0.01224,0.01232,43407864
2026-02-23 08:00:00,0.01232,0.01232,0.01217,0.01219,31311493
2026-02-23 09:00:00,0.01219,0.01233,0.01217,0.01227,26869995
2026-02-23 10:00:00,0.01227,0.01233,0.01221,0.01226,27632087
2026-02-23 11:00:00,0.01226,0.01229,0.01217,0.01219,20006894
2026-02-23 12:00:00,0.01219,0.0123,0.01209,0.01223,37955121
2026-02-23 13:00:00,0.01223,0.01231,0.01218,0.01218,30129532
2026-02-23 14:00:00,0.01218,0.0122,0.01204,0.01212,38374038
2026-02-23 15:00:00,0.01212,0.01216,0.01197,0.012,42771281
2026-02-23 16:00:00,0.01199,0.0121,0.0119,0.01199,46208503
2026-02-23 17:00:00,0.01199,0.01201,0.01177,0.01197,50152428
2026-02-23 18:00:00,0.01198,0.01218,0.01192,0.01208,45062167
2026-02-23 19:00:00,0.01208,0.01215,0.01194,0.01203,32247714
2026-02-23 20:00:00,0.01204,0.01236,0.012,0.01232,43285363
2026-02-23 21:00:00,0.01231,0.01239,0.01224,0.01231,24401462
2026-02-23 22:00:00,0.01231,0.01242,0.01227,0.01238,17199366
2026-02-23 23:00:00,0.01239,0.01243,0.01218,0.01225,23853509
2026-02-24 00:00:00,0.01224,0.01228,0.01213,0.01223,17506415
2026-02-24 01:00:00,0.01222,0.01229,0.01194,0.01222,80065015
2026-02-24 02:00:00,0.01221,0.01227,0.01211,0.01213,18696887
2026-02-24 03:00:00,0.01213,0.01222,0.01203,0.01221,29981093
2026-02-24 04:00:00,0.01221,0.01224,0.012,0.01207,34672679
2026-02-24 05:00:00,0.01206,0.01211,0.01188,0.01197,26314478
2026-02-24 06:00:00,0.01196,0.01204,0.01189,0.01192,17566918
2026-02-24 07:00:00,0.01193,0.01206,0.01189,0.01205,22998126
2026-02-24 08:00:00,0.01205,0.01209,0.01197,0.01197,22897938
2026-02-24 09:00:00,0.01196,0.01198,0.01178,0.01195,36650098
2026-02-24 10:00:00,0.01195,0.01197,0.01184,0.01187,21402768
2026-02-24 11:00:00,0.01188,0.01196,0.01187,0.01196,14662406
2026-02-24 12:00:00,0.01196,0.01204,0.0119,0.01193,20306956
2026-02-24 13:00:00,0.01193,0.01214,0.01181,0.0121,50182185
2026-02-24 14:00:00,0.01209,0.01225,0.01194,0.01221,47386767
2026-02-24 15:00:00,0.0122,0.01243,0.01216,0.01233,52148434
2026-02-24 16:00:00,0.01233,0.01266,0.01227,0.01263,100087378
2026-02-24 17:00:00,0.01264,0.01271,0.01245,0.01258,74604336
2026-02-24 18:00:00,0.01257,0.01275,0.01248,0.01272,65425482
2026-02-24 19:00:00,0.01271,0.0129,0.01261,0.01264,68083466
2026-02-24 20:00:00,0.01264,0.01266,0.01247,0.01253,38857215
2026-02-24 21:00:00,0.01253,0.01253,0.01229,0.01242,37026230
2026-02-24 22:00:00,0.01242,0.01252,0.01239,0.01243,22397281
2026-02-24 23:00:00,0.01243,0.01248,0.01238,0.01241,15623262
2026-02-25 00:00:00,0.01242,0.01248,0.01232,0.01244,22650899
2026-02-25 01:00:00,0.01244,0.01306,0.01243,0.01301,97114993
2026-02-25 02:00:00,0.01301,0.01318,0.01286,0.0129,52418894
2026-02-25 03:00:00,0.01291,0.01292,0.01271,0.01275,39044467
2026-02-25 04:00:00,0.01275,0.01278,0.01261,0.01278,25566692
2026-02-25 05:00:00,0.01278,0.01278,0.01253,0.01265,38547373
2026-02-25 06:00:00,0.01266,0.01278,0.01265,0.01269,31295472
2026-02-25 07:00:00,0.01269,0.01275,0.01264,0.01272,19504762
2026-02-25 08:00:00,0.01272,0.01291,0.01268,0.0129,32493863
2026-02-25 09:00:00,0.01289,0.01305,0.01286,0.01305,19838850
2026-02-25 10:00:00,0.01304,0.01305,0.0127,0.01273,43833301
2026-02-25 11:00:00,0.01273,0.01283,0.01266,0.0128,21477447
2026-02-25 12:00:00,0.0128,0.01291,0.01273,0.01279,32823963
2026-02-25 13:00:00,0.01279,0.01287,0.01272,0.01278,30814506
2026-02-25 14:00:00,0.01279,0.013,0.01272,0.01299,47953645
2026-02-25 15:00:00,0.01299,0.01311,0.01286,0.01292,53955704
2026-02-25 16:00:00,0.01293,0.01321,0.01293,0.01313,49300277
2026-02-25 17:00:00,0.01313,0.01326,0.01307,0.01317,50810725
2026-02-25 18:00:00,0.01318,0.01327,0.01307,0.01323,23173315
2026-02-25 19:00:00,0.01323,0.01329,0.01308,0.01328,32072775
2026-02-25 20:00:00,0.01327,0.01342,0.01316,0.01324,57730883
2026-02-25 21:00:00,0.01324,0.01337,0.01308,0.01322,62736798
2026-02-25 22:00:00,0.01322,0.01334,0.01298,0.0131,42765063
2026-02-25 23:00:00,0.0131,0.01315,0.0127,0.01288,48136164
2026-02-26 00:00:00,0.01288,0.01299,0.01277,0.01287,28098347
2026-02-26 01:00:00,0.01287,0.01301,0.01283,0.01291,25206985
2026-02-26 02:00:00,0.01291,0.01301,0.01278,0.01299,25816629
2026-02-26 03:00:00,0.01299,0.01311,0.01293,0.01301,34148590
2026-02-26 04:00:00,0.01301,0.01316,0.01294,0.01303,25548849
2026-02-26 05:00:00,0.01303,0.01303,0.01278,0.01289,21535157
2026-02-26 06:00:00,0.01289,0.01296,0.01278,0.0128,25169125
2026-02-26 07:00:00,0.0128,0.01288,0.01275,0.0128,23642993
2026-02-26 08:00:00,0.0128,0.01289,0.01276,0.01276,16740710
2026-02-26 09:00:00,0.01277,0.01293,0.01273,0.01284,21021975
2026-02-26 10:00:00,0.01283,0.01286,0.01259,0.01261,32316416
2026-02-26 11:00:00,0.01261,0.01282,0.01253,0.01273,41004586
2026-02-26 12:00:00,0.01275,0.01295,0.01273,0.01285,24210204
2026-02-26 13:00:00,0.01285,0.01287,0.01276,0.01279,14789583
2026-02-26 14:00:00,0.01279,0.01289,0.01267,0.01288,53957955
2026-02-26 15:00:00,0.01286,0.01288,0.01264,0.01271,32204150
2026-02-26 16:00:00,0.01272,0.01273,0.0123,0.01234,50089889
2026-02-26 17:00:00,0.01234,0.01253,0.01234,0.01243,32841521
2026-02-26 18:00:00,0.01243,0.01269,0.01243,0.01268,20256542
2026-02-26 19:00:00,0.01267,0.01286,0.01265,0.0127,40621701
2026-02-26 20:00:00,0.0127,0.01272,0.01254,0.01255,13426119
2026-02-26 21:00:00,0.01255,0.01259,0.01251,0.01256,10289526
2026-02-26 22:00:00,0.01255,0.01268,0.0125,0.01265,21633463
2026-02-26 23:00:00,0.01264,0.01282,0.01262,0.01278,23405840
2026-02-27 00:00:00,0.01279,0.01292,0.01276,0.01283,33453246
2026-02-27 01:00:00,0.01283,0.01296,0.01273,0.01296,31967597
2026-02-27 02:00:00,0.01296,0.0131,0.01291,0.01295,37310070
2026-02-27 03:00:00,0.01295,0.01306,0.01289,0.01293,20502863
2026-02-27 04:00:00,0.01293,0.01329,0.01293,0.01322,50222863
2026-02-27 05:00:00,0.01322,0.0134,0.01322,0.01331,31069896
2026-02-27 06:00:00,0.0133,0.01348,0.01329,0.01339,29196330
2026-02-27 07:00:00,0.01338,0.0134,0.0132,0.0133,32328860
2026-02-27 08:00:00,0.0133,0.01341,0.01326,0.0134,18091076
2026-02-27 09:00:00,0.0134,0.0134,0.01318,0.01321,21703348
2026-02-27 10:00:00,0.0132,0.01321,0.01305,0.01312,31940960
2026-02-27 11:00:00,0.01312,0.01318,0.01285,0.01293,45885784
2026-02-27 12:00:00,0.01292,0.01293,0.01277,0.01285,21408182
2026-02-27 13:00:00,0.01285,0.01291,0.01266,0.01281,27916836
2026-02-27 14:00:00,0.0128,0.01286,0.0127,0.01273,27057558
2026-02-27 15:00:00,0.01272,0.01284,0.01269,0.01275,20488840
2026-02-27 16:00:00,0.01275,0.01275,0.01254,0.01257,32740966
2026-02-27 17:00:00,0.01257,0.0127,0.01246,0.01268,31143095
2026-02-27 18:00:00,0.01269,0.0127,0.01253,0.01255,15593146
2026-02-27 19:00:00,0.01255,0.01256,0.01234,0.01239,26803203
2026-02-27 20:00:00,0.01239,0.01252,0.01239,0.01245,22041375
2026-02-27 21:00:00,0.01245,0.01246,0.01231,0.01233,18309438
2026-02-27 22:00:00,0.01234,0.01235,0.01211,0.01229,39878727
2026-02-27 23:00:00,0.01229,0.01241,0.01227,0.01237,21121530
