timestamp,open,high,low,close,volume
2026-01-28 00:00:00,0.02135,0.02164,0.021,0.02133,87667324
2026-01-28 00:15:00,0.02134,0.02162,0.02094,0.02104,60773768
2026-01-28 00:30:00,0.02104,0.0211,0.02088,0.02093,31757638
2026-01-28 00:45:00,0.02093,0.02107,0.02088,0.02099,20133499
2026-01-28 01:00:00,0.02099,0.02113,0.02083,0.02094,28318993
2026-01-28 01:15:00,0.02094,0.02105,0.02077,0.0209,19118293
2026-01-28 01:30:00,0.02089,0.02102,0.02072,0.02085,31182809
2026-01-28 01:45:00,0.02085,0.02101,0.02079,0.02094,16382133
2026-01-28 02:00:00,0.02094,0.02109,0.02075,0.02098,21787768
2026-01-28 02:15:00,0.02099,0.02129,0.02095,0.02104,33607666
2026-01-28 02:30:00,0.02104,0.02106,0.02027,0.02062,87267608
2026-01-28 02:45:00,0.02062,0.02109,0.02054,0.02106,32061235
2026-01-28 03:00:00,0.02105,0.02145,0.02099,0.02125,60810253
2026-01-28 03:15:00,0.02125,0.02133,0.02103,0.0212,24566743
2026-01-28 03:30:00,0.0212,0.02153,0.02119,0.02152,27807732
2026-01-28 03:45:00,0.0215,0.02175,0.0214,0.02169,40717238
2026-01-28 04:00:00,0.02168,0.02186,0.02145,0.02153,85647500
2026-01-28 04:15:00,0.02153,0.02153,0.02114,0.02151,55860822
2026-01-28 04:30:00,0.02151,0.02167,0.02116,0.02125,52684186
2026-01-28 04:45:00,0.02126,0.02168,0.02122,0.02168,30694562
2026-01-28 05:00:00,0.02167,0.02202,0.0216,0.02183,75697312
2026-01-28 05:15:00,0.02183,0.02203,0.02165,0.02192,47756764
2026-01-28 05:30:00,0.02192,0.02206,0.02174,0.02182,55090977
2026-01-28 05:45:00,0.02183,0.02203,0.02178,0.02196,39654693
2026-01-28 06:00:00,0.02196,0.02198,0.02171,0.02193,43406356
2026-01-28 06:15:00,0.02193,0.02253,0.02191,0.02221,122057768
2026-01-28 06:30:00,0.02221,0.02241,0.02187,0.02193,98036256
2026-01-28 06:45:00,0.02193,0.0223,0.02175,0.02203,86153083
2026-01-28 07:00:00,0.02203,0.02219,0.02181,0.02188,52913252
2026-01-28 07:15:00,0.02189,0.02192,0.02123,0.02134,100885565
2026-01-28 07:30:00,0.02134,0.02143,0.02102,0.02111,77130110
2026-01-28 07:45:00,0.02111,0.02133,0.0211,0.02124,41003227
2026-01-28 08:00:00,0.02124,0.02131,0.02093,0.02099,59351067
2026-01-28 08:15:00,0.02099,0.02107,0.02061,0.02067,74949433
2026-01-28 08:30:00,0.02068,0.02073,0.0205,0.02067,63629340
2026-01-28 08:45:00,0.02067,0.0207,0.02043,0.02049,38949458
2026-01-28 09:00:00,0.02048,0.02084,0.02041,0.02082,67741888
2026-01-28 09:15:00,0.02082,0.02082,0.02053,0.02067,34361182
2026-01-28 09:30:00,0.02067,0.02077,0.02056,0.02067,23301235
2026-01-28 09:45:00,0.02067,0.02088,0.02061,0.02084,29316226
2026-01-28 10:00:00,0.02084,0.02088,0.02066,0.0207,38737630
2026-01-28 10:15:00,0.02069,0.02078,0.02044,0.02051,41793958
2026-01-28 10:30:00,0.02052,0.02068,0.02049,0.02053,20280889
2026-01-28 10:45:00,0.02052,0.02063,0.02044,0.02052,20791833
2026-01-28 11:00:00,0.02053,0.02059,0.02042,0.02051,22788509
2026-01-28 11:15:00,0.02052,0.02073,0.02021,0.02037,63597984
2026-01-28 11:30:00,0.02037,0.02056,0.02034,0.02049,29343847
2026-01-28 11:45:00,0.02049,0.02051,0.0204,0.02045,20616613
2026-01-28 12:00:00,0.02045,0.02052,0.02025,0.02028,26485429
2026-01-28 12:15:00,0.02029,0.02043,0.02026,0.0204,20766786
2026-01-28 12:30:00,0.02039,0.02044,0.02027,0.02032,18151896
2026-01-28 12:45:00,0.02031,0.0206,0.02024,0.02058,25025500
2026-01-28 13:00:00,0.02057,0.02087,0.02056,0.02073,61299945
2026-01-28 13:15:00,0.02072,0.02093,0.02055,0.0206,32549666
2026-01-28 13:30:00,0.02058,0.02069,0.02028,0.02043,41223425
2026-01-28 13:45:00,0.02043,0.02048,0.02031,0.02038,18660800
2026-01-28 14:00:00,0.02038,0.02069,0.02037,0.02059,39614597
2026-01-28 14:15:00,0.02058,0.02064,0.02044,0.02046,20377209
2026-01-28 14:30:00,0.02046,0.02068,0.02045,0.02064,24928679
2026-01-28 14:45:00,0.02063,0.0214,0.02054,0.02105,81462879
2026-01-28 15:00:00,0.02104,0.0216,0.02101,0.02127,165191827
2026-01-28 15:15:00,0.02125,0.02134,0.02081,0.0211,91498575
2026-01-28 15:30:00,0.0211,0.02115,0.02075,0.02081,43975550
2026-01-28 15:45:00,0.02081,0.02091,0.02071,0.02073,24840108
2026-01-28 16:00:00,0.02073,0.02076,0.02041,0.02048,55589377
2026-01-28 16:15:00,0.02048,0.0209,0.02047,0.02088,33000604
2026-01-28 16:30:00,0.02088,0.02111,0.02062,0.02108,33933350
2026-01-28 16:45:00,0.02108,0.02118,0.02089,0.02092,53983640
2026-01-28 17:00:00,0.02093,0.0213,0.02086,0.02113,44722832
2026-01-28 17:15:00,0.02113,0.02126,0.02093,0.02098,18160528
2026-01-28 17:30:00,0.02097,0.021,0.02085,0.02087,16908458
2026-01-28 17:45:00,0.02088,0.02101,0.02083,0.02097,19375351
2026-01-28 18:00:00,0.02097,0.02117,0.02082,0.02109,17395262
2026-01-28 18:15:00,0.02108,0.02111,0.0209,0.02091,15352420
2026-01-28 18:30:00,0.02092,0.02092,0.02078,0.02083,11183732
2026-01-28 18:45:00,0.02082,0.02092,0.0208,0.0209,6183111
2026-01-28 19:00:00,0.02089,0.02097,0.02061,0.02064,43628381
2026-01-28 19:15:00,0.02064,0.02072,0.02057,0.02057,16276378
2026-01-28 19:30:00,0.02057,0.02061,0.02042,0.02046,37216129
2026-01-28 19:45:00,0.02046,0.02064,0.02045,0.02055,12983308
2026-01-28 20:00:00,0.02055,0.02076,0.02053,0.02065,12680828
2026-01-28 20:15:00,0.02065,0.02065,0.02043,0.02049,24386381
2026-01-28 20:30:00,0.02049,0.02053,0.02007,0.02009,63907880
2026-01-28 20:45:00,0.02009,0.02011,0.01986,0.01991,51712861
2026-01-28 21:00:00,0.01992,0.01997,0.01968,0.01981,59628815
2026-01-28 21:15:00,0.01981,0.01989,0.0195,0.01953,40546841
2026-01-28 21:30:00,0.01953,0.01956,0.0193,0.0194,38791849
2026-01-28 21:45:00,0.0194,0.0194,0.01929,0.01935,17788174
2026-01-28 22:00:00,0.01936,0.01937,0.0191,0.01914,25822246
2026-01-28 22:15:00,0.01914,0.01933,0.01909,0.01925,18938349
2026-01-28 22:30:00,0.01924,0.01944,0.01924,0.01935,24548503
2026-01-28 22:45:00,0.01935,0.01948,0.01931,0.01944,9884796
2026-01-28 23:00:00,0.01943,0.01946,0.01928,0.0193,18321082
2026-01-28 23:15:00,0.0193,0.01942,0.01924,0.01933,18612562
2026-01-28 23:30:00,0.01933,0.01935,0.01923,0.01933,11706491
2026-01-28 23:45:00,0.01933,0.01941,0.0193,0.01939,9551205
2026-01-29 00:00:00,0.01939,0.01943,0.0192,0.01922,23986859
2026-01-29 00:15:00,0.01922,0.01945,0.01922,0.01929,20839721
2026-01-29 00:30:00,0.01929,0.01944,0.01916,0.01929,24634374
2026-01-29 00:45:00,0.01929,0.0194,0.01913,0.01922,17107420
2026-01-29 01:00:00,0.01922,0.01935,0.01918,0.01928,15384865
2026-01-29 01:15:00,0.01928,0.01933,0.01918,0.01928,11661501
2026-01-29 01:30:00,0.01928,0.01944,0.01926,0.0194,12448986
2026-01-29 01:45:00,0.0194,0.01946,0.01933,0.01941,8615781
2026-01-29 02:00:00,0.01941,0.01949,0.01931,0.01949,18574462
2026-01-29 02:15:00,0.01949,0.01996,0.01948,0.01985,63575189
2026-01-29 02:30:00,0.01985,0.01985,0.01962,0.01971,46229432
2026-01-29 02:45:00,0.0197,0.01971,0.01925,0.01944,50517264
2026-01-29 03:00:00,0.01944,0.01963,0.01929,0.01938,29702677
2026-01-29 03:15:00,0.01938,0.01949,0.0193,0.01931,15742332
2026-01-29 03:30:00,0.01932,0.01945,0.0193,0.01943,14870043
2026-01-29 03:45:00,0.01944,0.01949,0.01928,0.01932,10768854
2026-01-29 04:00:00,0.01932,0.01946,0.01924,0.01945,16212725
2026-01-29 04:15:00,0.01945,0.01964,0.01945,0.01961,19079901
2026-01-29 04:30:00,0.0196,0.01974,0.01939,0.01948,19219943
2026-01-29 04:45:00,0.01947,0.01958,0.01939,0.0194,7654004
2026-01-29 05:00:00,0.0194,0.01948,0.01925,0.01927,13222973
2026-01-29 05:15:00,0.01927,0.01927,0.01871,0.01884,107510692
2026-01-29 05:30:00,0.01883,0.01897,0.01881,0.01889,15895342
2026-01-29 05:45:00,0.01889,0.01899,0.01886,0.01886,11650638
2026-01-29 06:00:00,0.01887,0.01896,0.01885,0.01896,18216301
2026-01-29 06:15:00,0.01896,0.01924,0.01894,0.01916,36505927
2026-01-29 06:30:00,0.01916,0.01979,0.01916,0.01974,43153998
2026-01-29 06:45:00,0.01974,0.01988,0.01958,0.01967,36616993
2026-01-29 07:00:00,0.01967,0.01972,0.0193,0.0194,40083524
2026-01-29 07:15:00,0.0194,0.01961,0.01932,0.01934,22913908
2026-01-29 07:30:00,0.01935,0.01944,0.0192,0.01927,16371615
2026-01-29 07:45:00,0.01928,0.0193,0.01915,0.01923,12024697
2026-01-29 08:00:00,0.01922,0.01927,0.01913,0.0192,16204425
2026-01-29 08:15:00,0.0192,0.01944,0.01915,0.01924,23537060
2026-01-29 08:30:00,0.01923,0.01927,0.01901,0.01913,24140306
2026-01-29 08:45:00,0.01914,0.01938,0.01906,0.01931,23326056
2026-01-29 09:00:00,0.01931,0.01982,0.0193,0.01968,40229664
2026-01-29 09:15:00,0.01968,0.01984,0.01956,0.01959,24485387
2026-01-29 09:30:00,0.01958,0.01969,0.01955,0.01965,13390679
2026-01-29 09:45:00,0.01964,0.0198,0.01955,0.01967,18466653
2026-01-29 10:00:00,0.01966,0.02073,0.01964,0.0204,105641791
2026-01-29 10:15:00,0.0204,0.02042,0.01993,0.02006,56574294
2026-01-29 10:30:00,0.02007,0.02056,0.02003,0.02041,75805715
2026-01-29 10:45:00,0.02042,0.02081,0.02022,0.02071,38409617
2026-01-29 11:00:00,0.02071,0.02087,0.02037,0.02048,52222747
2026-01-29 11:15:00,0.02049,0.02061,0.02028,0.02034,27362802
2026-01-29 11:30:00,0.02034,0.02035,0.01986,0.02002,50818654
2026-01-29 11:45:00,0.02001,0.02006,0.01987,0.01991,21654432
2026-01-29 12:00:00,0.01991,0.02034,0.01986,0.02031,30906891
2026-01-29 12:15:00,0.02031,0.02048,0.01996,0.02,39567962
2026-01-29 12:30:00,0.01999,0.02018,0.01978,0.01996,32723899
2026-01-29 12:45:00,0.01996,0.0203,0.01995,0.02009,35659386
2026-01-29 13:00:00,0.02008,0.0201,0.02001,0.02004,15731710
2026-01-29 13:15:00,0.02005,0.02019,0.01991,0.01995,24662441
2026-01-29 13:30:00,0.01996,0.01996,0.01979,0.01984,18368828
2026-01-29 13:45:00,0.01985,0.0202,0.01977,0.02019,25463510
2026-01-29 14:00:00,0.02018,0.02042,0.02001,0.02024,37636986
2026-01-29 14:15:00,0.02024,0.02095,0.0202,0.02072,68074611
2026-01-29 14:30:00,0.02072,0.02088,0.0203,0.02037,52369183
2026-01-29 14:45:00,0.02037,0.02049,0.02018,0.02025,26515541
2026-01-29 15:00:00,0.02025,0.02032,0.01993,0.01996,72775986
2026-01-29 15:15:00,0.01996,0.02068,0.01995,0.02049,64334967
2026-01-29 15:30:00,0.02049,0.02061,0.02013,0.02017,53568354
2026-01-29 15:45:00,0.02017,0.02039,0.01937,0.01943,110634017
2026-01-29 16:00:00,0.01944,0.01951,0.01914,0.01923,57942189
2026-01-29 16:15:00,0.01924,0.01936,0.01917,0.01927,31391710
2026-01-29 16:30:00,0.01926,0.01975,0.01915,0.01974,35874193
2026-01-29 16:45:00,0.01974,0.01992,0.01962,0.01986,44105231
2026-01-29 17:00:00,0.01986,0.02013,0.01983,0.01991,41520797
2026-01-29 17:15:00,0.01992,0.02049,0.01981,0.02029,54634049
2026-01-29 17:30:00,0.0203,0.02031,0.01991,0.01999,29760245
2026-01-29 17:45:00,0.01999,0.02008,0.01973,0.01973,24107042
2026-01-29 18:00:00,0.01975,0.02004,0.01972,0.01978,29931753
2026-01-29 18:15:00,0.01977,0.01986,0.01956,0.01983,20496922
2026-01-29 18:30:00,0.01982,0.02017,0.01977,0.01999,25662529
2026-01-29 18:45:00,0.01998,0.02012,0.01961,0.01985,20467334
2026-01-29 19:00:00,0.01985,0.01993,0.0196,0.01964,20421894
2026-01-29 19:15:00,0.01965,0.01968,0.0194,0.01943,27337085
2026-01-29 19:30:00,0.01944,0.01971,0.01943,0.01964,17758517
2026-01-29 19:45:00,0.01963,0.01979,0.01962,0.01969,13090293
2026-01-29 20:00:00,0.0197,0.02011,0.01959,0.01962,29692806
2026-01-29 20:15:00,0.01962,0.01967,0.01947,0.01947,18182774
2026-01-29 20:30:00,0.01947,0.01974,0.01943,0.01959,13651729
2026-01-29 20:45:00,0.01959,0.01986,0.01956,0.01977,19822178
2026-01-29 21:00:00,0.01977,0.01998,0.01966,0.0198,17820190
2026-01-29 21:15:00,0.0198,0.02014,0.01973,0.01997,30764055
2026-01-29 21:30:00,0.01998,0.02028,0.01997,0.02023,30129094
2026-01-29 21:45:00,0.02022,0.02056,0.02022,0.02042,49042836
2026-01-29 22:00:00,0.02043,0.02045,0.02005,0.02011,43652813
2026-01-29 22:15:00,0.02012,0.02044,0.02002,0.02029,21328008
2026-01-29 22:30:00,0.0203,0.02039,0.02011,0.02021,13518315
2026-01-29 22:45:00,0.02022,0.02059,0.0202,0.02058,15328055
2026-01-29 23:00:00,0.02058,0.02093,0.02044,0.02067,75229559
2026-01-29 23:15:00,0.02067,0.02121,0.02067,0.02107,84811209
2026-01-29 23:30:00,0.02108,0.0212,0.02081,0.02104,40315516
2026-01-29 23:45:00,0.02105,0.0213,0.02097,0.02103,44468018
2026-01-30 00:00:00,0.02103,0.02131,0.02062,0.02067,73263086
2026-01-30 00:15:00,0.02068,0.02084,0.02062,0.02074,27944062
2026-01-30 00:30:00,0.02075,0.0214,0.02068,0.02133,57432211
2026-01-30 00:45:00,0.02133,0.02158,0.02113,0.02132,67712261
2026-01-30 01:00:00,0.02132,0.02155,0.02107,0.02114,50390434
2026-01-30 01:15:00,0.02115,0.02171,0.02114,0.02169,64677287
2026-01-30 01:30:00,0.02169,0.02176,0.02073,0.02112,107907779
2026-01-30 01:45:00,0.02111,0.02168,0.02094,0.02168,90243288
2026-01-30 02:00:00,0.02168,0.02168,0.02113,0.0213,68435730
2026-01-30 02:15:00,0.02131,0.02146,0.02086,0.02112,66425949
2026-01-30 02:30:00,0.02111,0.02135,0.02088,0.02097,51629355
2026-01-30 02:45:00,0.02097,0.02105,0.02049,0.02072,60510871
2026-01-30 03:00:00,0.02073,0.02131,0.02069,0.02129,48469220
2026-01-30 03:15:00,0.02128,0.02132,0.02082,0.02099,49868161
2026-01-30 03:30:00,0.02098,0.02118,0.0209,0.02103,29423558
2026-01-30 03:45:00,0.02103,0.0213,0.02092,0.02105,29718711
2026-01-30 04:00:00,0.02105,0.0216,0.02104,0.02157,52778259
2026-01-30 04:15:00,0.02156,0.02196,0.02137,0.02191,77334381
2026-01-30 04:30:00,0.0219,0.02206,0.02175,0.02193,67380896
2026-01-30 04:45:00,0.02192,0.0224,0.02188,0.02229,85202762
2026-01-30 05:00:00,0.02229,0.02263,0.02207,0.02223,153789147
2026-01-30 05:15:00,0.02222,0.02235,0.02183,0.02197,113182395
2026-01-30 05:30:00,0.02198,0.02227,0.02168,0.02222,79998447
2026-01-30 05:45:00,0.02221,0.02237,0.02178,0.02191,72883941
2026-01-30 06:00:00,0.0219,0.02209,0.02179,0.02209,35504096
2026-01-30 06:15:00,0.02208,0.02219,0.02135,0.02149,103368266
2026-01-30 06:30:00,0.02148,0.02185,0.02144,0.02172,66727957
2026-01-30 06:45:00,0.02171,0.02194,0.02163,0.02171,39465092
2026-01-30 07:00:00,0.02171,0.02237,0.02171,0.02225,69991099
2026-01-30 07:15:00,0.02226,0.02257,0.02219,0.02242,78748748
2026-01-30 07:30:00,0.02243,0.02269,0.02217,0.02226,105769079
2026-01-30 07:45:00,0.02225,0.02251,0.02203,0.02242,64363153
2026-01-30 08:00:00,0.02242,0.02257,0.02211,0.02226,83020059
2026-01-30 08:15:00,0.02226,0.0224,0.02206,0.02208,42582235
2026-01-30 08:30:00,0.02209,0.02209,0.02168,0.02174,78791812
2026-01-30 08:45:00,0.02173,0.02174,0.02118,0.02127,104324362
2026-01-30 09:00:00,0.02127,0.02158,0.02066,0.02086,140310262
2026-01-30 09:15:00,0.02087,0.0211,0.02078,0.02105,62005191
2026-01-30 09:30:00,0.02106,0.02172,0.02106,0.02146,93066703
2026-01-30 09:45:00,0.02146,0.0216,0.02123,0.0213,40595147
2026-01-30 10:00:00,0.0213,0.02156,0.02113,0.02153,43425931
2026-01-30 10:15:00,0.02153,0.02164,0.02137,0.02148,36937968
2026-01-30 10:30:00,0.02148,0.02154,0.02084,0.02087,67268792
2026-01-30 10:45:00,0.02087,0.02098,0.02067,0.02073,71195705
2026-01-30 11:00:00,0.02074,0.02107,0.02073,0.02099,36122300
2026-01-30 11:15:00,0.021,0.02105,0.02076,0.02078,18943265
2026-01-30 11:30:00,0.02078,0.02094,0.02075,0.02076,27993614
2026-01-30 11:45:00,0.02077,0.02117,0.02062,0.02117,67011332
2026-01-30 12:00:00,0.02118,0.02142,0.02103,0.02122,51266665
2026-01-30 12:15:00,0.02122,0.02157,0.02117,0.02133,38651818
2026-01-30 12:30:00,0.02133,0.02137,0.02094,0.02101,38365377
2026-01-30 12:45:00,0.02102,0.02108,0.0208,0.02082,44014522
2026-01-30 13:00:00,0.02083,0.02089,0.0205,0.0206,54680329
2026-01-30 13:15:00,0.0206,0.0207,0.02,0.02021,84467890
2026-01-30 13:30:00,0.02021,0.02034,0.02,0.02008,56562279
2026-01-30 13:45:00,0.02007,0.0202,0.01996,0.02016,34421153
2026-01-30 14:00:00,0.02015,0.02025,0.02002,0.02013,32046682
2026-01-30 14:15:00,0.02013,0.02029,0.02,0.02012,28075836
2026-01-30 14:30:00,0.02011,0.02055,0.0201,0.0205,38677397
2026-01-30 14:45:00,0.0205,0.02056,0.02023,0.02044,31943041
2026-01-30 15:00:00,0.02044,0.02057,0.02022,0.02047,36813945
2026-01-30 15:15:00,0.02046,0.02072,0.02022,0.02027,56705607
2026-01-30 15:30:00,0.02027,0.02092,0.02025,0.02087,45961378
2026-01-30 15:45:00,0.02087,0.02143,0.02082,0.02129,141446607
2026-01-30 16:00:00,0.02129,0.02129,0.0207,0.02077,47729601
2026-01-30 16:15:00,0.02076,0.0209,0.02063,0.02074,43039667
2026-01-30 16:30:00,0.02075,0.02148,0.02063,0.02142,72781245
2026-01-30 16:45:00,0.02142,0.0216,0.02122,0.02129,59991778
2026-01-30 17:00:00,0.02128,0.0213,0.02085,0.02085,42624622
2026-01-30 17:15:00,0.02086,0.02139,0.02081,0.02123,39593880
2026-01-30 17:30:00,0.02122,0.02122,0.02083,0.02088,24961431
2026-01-30 17:45:00,0.02089,0.02105,0.0207,0.02097,30037947
2026-01-30 18:00:00,0.02097,0.02098,0.02061,0.02071,29435469
2026-01-30 18:15:00,0.02072,0.0209,0.02046,0.02084,54762213
2026-01-30 18:30:00,0.02084,0.0212,0.02072,0.02109,34342817
2026-01-30 18:45:00,0.02109,0.02129,0.021,0.02104,39019019
2026-01-30 19:00:00,0.02104,0.0212,0.02091,0.02111,31349021
2026-01-30 19:15:00,0.02112,0.02161,0.02107,0.02137,33501366
2026-01-30 19:30:00,0.02137,0.0216,0.02121,0.02149,25349677
2026-01-30 19:45:00,0.0215,0.02152,0.02117,0.02123,18014371
2026-01-30 20:00:00,0.02122,0.02122,0.02089,0.02103,27211236
2026-01-30 20:15:00,0.02102,0.02123,0.02086,0.02092,29122152
2026-01-30 20:30:00,0.02092,0.02112,0.0207,0.02081,33907135
2026-01-30 20:45:00,0.0208,0.02108,0.02075,0.02087,30229418
2026-01-30 21:00:00,0.02087,0.02097,0.02081,0.02086,18250575
2026-01-30 21:15:00,0.02087,0.02094,0.0207,0.02074,21942519
2026-01-30 21:30:00,0.02075,0.02079,0.02057,0.02065,13137331
2026-01-30 21:45:00,0.02065,0.02074,0.0206,0.02065,14995741
2026-01-30 22:00:00,0.02065,0.02079,0.02055,0.02057,14191161
2026-01-30 22:15:00,0.02056,0.02062,0.02016,0.02027,50619621
2026-01-30 22:30:00,0.02028,0.02043,0.02024,0.02038,19621079
2026-01-30 22:45:00,0.02039,0.02047,0.02035,0.02047,11195080
2026-01-30 23:00:00,0.02047,0.02055,0.0203,0.02039,18177297
2026-01-30 23:15:00,0.0204,0.02046,0.0202,0.02027,12716254
2026-01-30 23:30:00,0.02028,0.02033,0.02014,0.02022,13688659
2026-01-30 23:45:00,0.02022,0.02036,0.02017,0.02033,10215689
2026-01-31 00:00:00,0.02033,0.02034,0.01988,0.01996,39667870
2026-01-31 00:15:00,0.01995,0.01999,0.01983,0.01988,29507128
2026-01-31 00:30:00,0.01988,0.01994,0.01984,0.01988,14985223
2026-01-31 00:45:00,0.01988,0.01991,0.01925,0.01933,81183047
2026-01-31 01:00:00,0.01933,0.01935,0.01891,0.01899,83721459
2026-01-31 01:15:00,0.019,0.01915,0.01896,0.0191,28119380
2026-01-31 01:30:00,0.0191,0.01914,0.01878,0.01896,39437715
2026-01-31 01:45:00,0.01897,0.01904,0.01866,0.01896,64697796
2026-01-31 02:00:00,0.01895,0.01914,0.01892,0.01903,35567843
2026-01-31 02:15:00,0.01902,0.01906,0.01894,0.01894,13676094
2026-01-31 02:30:00,0.01894,0.0192,0.01893,0.01909,18684579
2026-01-31 02:45:00,0.01909,0.01923,0.01907,0.01914,22844324
2026-01-31 03:00:00,0.01914,0.01934,0.01901,0.01933,34253333
2026-01-31 03:15:00,0.01932,0.01942,0.01924,0.01934,23946369
2026-01-31 03:30:00,0.01934,0.01939,0.01915,0.01923,17606046
2026-01-31 03:45:00,0.01923,0.01936,0.0192,0.0192,13674164
2026-01-31 04:00:00,0.0192,0.01929,0.01908,0.01927,17075066
2026-01-31 04:15:00,0.01928,0.01942,0.01916,0.01939,15733921
2026-01-31 04:30:00,0.0194,0.01943,0.01922,0.01927,15580835
2026-01-31 04:45:00,0.01926,0.01941,0.01918,0.01937,11463912
2026-01-31 05:00:00,0.01938,0.0194,0.01912,0.01916,22954613
2026-01-31 05:15:00,0.01916,0.01922,0.01906,0.01918,12357909
2026-01-31 05:30:00,0.01918,0.01923,0.0191,0.01912,9869962
2026-01-31 05:45:00,0.01913,0.01925,0.01911,0.01921,15467309
2026-01-31 06:00:00,0.01921,0.01929,0.01911,0.01917,18501110
2026-01-31 06:15:00,0.01917,0.01918,0.01895,0.01901,17852141
2026-01-31 06:30:00,0.01901,0.01907,0.01835,0.01844,110913863
2026-01-31 06:45:00,0.01844,0.01867,0.01841,0.01865,33752316
2026-01-31 07:00:00,0.01866,0.01877,0.01857,0.0187,31655430
2026-01-31 07:15:00,0.01869,0.01873,0.01847,0.01857,21407477
2026-01-31 07:30:00,0.01857,0.01859,0.01844,0.01858,26580666
2026-01-31 07:45:00,0.01858,0.01891,0.01858,0.01888,29286108
2026-01-31 08:00:00,0.01888,0.01903,0.01874,0.01892,30822710
2026-01-31 08:15:00,0.01892,0.01898,0.0187,0.01892,31937789
2026-01-31 08:30:00,0.01891,0.01892,0.01851,0.01859,65265999
2026-01-31 08:45:00,0.01859,0.01872,0.01843,0.01872,31000225
2026-01-31 09:00:00,0.01872,0.0189,0.01864,0.01865,22733309
2026-01-31 09:15:00,0.01866,0.0188,0.01862,0.01869,15829540
2026-01-31 09:30:00,0.01868,0.01886,0.01868,0.01878,14905385
2026-01-31 09:45:00,0.01877,0.01879,0.01862,0.01868,14155570
2026-01-31 10:00:00,0.01869,0.01869,0.0185,0.01853,19065440
2026-01-31 10:15:00,0.01853,0.01886,0.01853,0.01882,21345434
2026-01-31 10:30:00,0.01883,0.01889,0.01874,0.01878,12534978
2026-01-31 10:45:00,0.01879,0.01924,0.01878,0.01904,52961608
2026-01-31 11:00:00,0.01904,0.01921,0.01896,0.01918,23427582
2026-01-31 11:15:00,0.01919,0.01942,0.01917,0.01935,36524463
2026-01-31 11:30:00,0.01935,0.01961,0.0192,0.01956,33571585
2026-01-31 11:45:00,0.01957,0.0196,0.01929,0.01939,31318895
2026-01-31 12:00:00,0.01939,0.01959,0.01922,0.01936,33542058
2026-01-31 12:15:00,0.01935,0.01941,0.01911,0.01929,27139958
2026-01-31 12:30:00,0.01929,0.01965,0.01909,0.01961,35098550
2026-01-31 12:45:00,0.01962,0.01963,0.01939,0.01947,23261821
2026-01-31 13:00:00,0.01948,0.01981,0.01947,0.01965,27196522
2026-01-31 13:15:00,0.01965,0.01975,0.01961,0.01972,21999295
2026-01-31 13:30:00,0.01972,0.01979,0.01936,0.01942,33841739
2026-01-31 13:45:00,0.01943,0.01956,0.01929,0.01931,31820353
2026-01-31 14:00:00,0.01933,0.01951,0.01912,0.0192,31214163
2026-01-31 14:15:00,0.01919,0.01926,0.01848,0.01876,107407211
2026-01-31 14:30:00,0.01875,0.01911,0.0187,0.01884,74165023
2026-01-31 14:45:00,0.01885,0.01905,0.01872,0.01884,42801539
2026-01-31 15:00:00,0.01883,0.01901,0.01864,0.01874,37550246
2026-01-31 15:15:00,0.01874,0.01879,0.01852,0.01853,30107687
2026-01-31 15:30:00,0.01852,0.01856,0.01825,0.01834,52305360
2026-01-31 15:45:00,0.01834,0.01852,0.01813,0.01827,41315318
2026-01-31 16:00:00,0.01827,0.01831,0.0177,0.0178,116520633
2026-01-31 16:15:00,0.0178,0.01832,0.01777,0.01803,64287727
2026-01-31 16:30:00,0.01803,0.01817,0.0179,0.0181,25627532
2026-01-31 16:45:00,0.01811,0.01835,0.01793,0.01794,56114586
2026-01-31 17:00:00,0.01794,0.01799,0.01702,0.0176,143089294
2026-01-31 17:15:00,0.01761,0.01779,0.01743,0.01758,67574770
2026-01-31 17:30:00,0.01757,0.01762,0.01722,0.01742,67826846
2026-01-31 17:45:00,0.01741,0.0175,0.01709,0.01711,51768190
2026-01-31 18:00:00,0.01712,0.01732,0.01698,0.01708,99211524
2026-01-31 18:15:00,0.01709,0.01714,0.01688,0.01712,56339504
2026-01-31 18:30:00,0.01712,0.01719,0.01612,0.01686,175955378
2026-01-31 18:45:00,0.01687,0.01729,0.01676,0.01697,125558997
2026-01-31 19:00:00,0.01697,0.01709,0.01677,0.01696,66375788
2026-01-31 19:15:00,0.01695,0.01714,0.01685,0.01714,60941240
2026-01-31 19:30:00,0.01715,0.01725,0.01687,0.01696,57270302
2026-01-31 19:45:00,0.01696,0.01714,0.0169,0.01702,36553143
2026-01-31 20:00:00,0.01702,0.01709,0.01672,0.01678,39330861
2026-01-31 20:15:00,0.01677,0.01709,0.01672,0.01685,36049860
2026-01-31 20:30:00,0.01685,0.01694,0.01669,0.0169,20607530
2026-01-31 20:45:00,0.0169,0.01694,0.0168,0.01686,14729380
2026-01-31 21:00:00,0.01685,0.01695,0.0167,0.01687,37524432
2026-01-31 21:15:00,0.01687,0.01727,0.01681,0.01721,45937971
2026-01-31 21:30:00,0.01721,0.0176,0.01709,0.01756,58965043
2026-01-31 21:45:00,0.01755,0.01795,0.01754,0.01786,50001945
2026-01-31 22:00:00,0.01786,0.01804,0.01782,0.01792,49497179
2026-01-31 22:15:00,0.01791,0.018,0.01765,0.01785,27667143
2026-01-31 22:30:00,0.01785,0.01789,0.01767,0.01776,11237997
2026-01-31 22:45:00,0.01776,0.01792,0.01772,0.01779,10525919
2026-01-31 23:00:00,0.01778,0.01783,0.01753,0.01759,25340123
2026-01-31 23:15:00,0.01759,0.01783,0.01756,0.01765,34618235
2026-01-31 23:30:00,0.01766,0.01776,0.01759,0.01768,12845754
2026-01-31 23:45:00,0.01768,0.01769,0.01738,0.01741,26673499
2026-02-01 00:00:00,0.01741,0.01761,0.01738,0.01756,38731962
2026-02-01 00:15:00,0.01756,0.01783,0.01752,0.01758,27130261
2026-02-01 00:30:00,0.01757,0.01778,0.01753,0.01766,17180288
2026-02-01 00:45:00,0.01765,0.01769,0.01755,0.01759,11583293
2026-02-01 01:00:00,0.0176,0.01766,0.01726,0.01733,28798997
2026-02-01 01:15:00,0.01733,0.01742,0.01721,0.01741,15800236
2026-02-01 01:30:00,0.01741,0.01755,0.01733,0.01751,16722600
2026-02-01 01:45:00,0.01751,0.01773,0.01746,0.01761,12143167
2026-02-01 02:00:00,0.01762,0.01774,0.0174,0.01764,46976440
2026-02-01 02:15:00,0.01764,0.01766,0.01742,0.01744,11603923
2026-02-01 02:30:00,0.01744,0.01755,0.01734,0.01752,9344065
2026-02-01 02:45:00,0.01752,0.01754,0.01728,0.01731,12632959
2026-02-01 03:00:00,0.01731,0.01752,0.01726,0.01747,17214989
2026-02-01 03:15:00,0.01748,0.01757,0.0173,0.01734,12790994
2026-02-01 03:30:00,0.01735,0.01753,0.01729,0.01751,8584074
2026-02-01 03:45:00,0.0175,0.01752,0.01738,0.01745,8801628
2026-02-01 04:00:00,0.01746,0.01746,0.01726,0.01734,10452294
2026-02-01 04:15:00,0.01734,0.01749,0.01733,0.01734,7483805
2026-02-01 04:30:00,0.01735,0.01744,0.01728,0.01731,9536740
2026-02-01 04:45:00,0.01731,0.01749,0.01731,0.01733,12013684
2026-02-01 05:00:00,0.01732,0.01753,0.01729,0.01739,15300290
2026-02-01 05:15:00,0.0174,0.01751,0.01735,0.01748,8416409
2026-02-01 05:30:00,0.01747,0.01764,0.01744,0.01748,16877641
2026-02-01 05:45:00,0.01748,0.01758,0.01745,0.01754,9594270
2026-02-01 06:00:00,0.01754,0.01785,0.01754,0.01785,15077255
2026-02-01 06:15:00,0.01785,0.01786,0.0175,0.01753,21295188
2026-02-01 06:30:00,0.01752,0.01771,0.01738,0.01744,14625839
2026-02-01 06:45:00,0.01743,0.01759,0.01729,0.01758,19017220
2026-02-01 07:00:00,0.01758,0.01773,0.01744,0.01754,23784993
2026-02-01 07:15:00,0.01755,0.01771,0.01755,0.01769,11956328
2026-02-01 07:30:00,0.01769,0.01779,0.01756,0.01772,16635889
2026-02-01 07:45:00,0.01772,0.01794,0.0177,0.01772,22325049
2026-02-01 08:00:00,0.01772,0.01807,0.01772,0.01793,30949593
2026-02-01 08:15:00,0.01792,0.01812,0.01785,0.01804,21238845
2026-02-01 08:30:00,0.01805,0.01806,0.01788,0.01792,19983879
2026-02-01 08:45:00,0.01792,0.01822,0.01778,0.01818,27763404
2026-02-01 09:00:00,0.01818,0.01823,0.01793,0.01794,23852085
2026-02-01 09:15:00,0.01794,0.01825,0.01786,0.01816,27445885
2026-02-01 09:30:00,0.01816,0.01864,0.01812,0.01829,50878463
2026-02-01 09:45:00,0.01828,0.01858,0.01822,0.01837,33973662
2026-02-01 10:00:00,0.01836,0.0187,0.01826,0.01867,23741088
2026-02-01 10:15:00,0.01866,0.01874,0.01842,0.01845,30538240
2026-02-01 10:30:00,0.01846,0.0185,0.01788,0.018,48739500
2026-02-01 10:45:00,0.01801,0.01849,0.01793,0.0184,43313158
2026-02-01 11:00:00,0.01841,0.0185,0.01815,0.01835,29239891
2026-02-01 11:15:00,0.01835,0.01837,0.01809,0.01812,15531945
2026-02-01 11:30:00,0.01812,0.01838,0.01811,0.01834,11500624
2026-02-01 11:45:00,0.01834,0.0184,0.01822,0.01833,17077293
2026-02-01 12:00:00,0.01832,0.01868,0.01832,0.01864,38104055
2026-02-01 12:15:00,0.01865,0.01866,0.01834,0.0185,34253627
2026-02-01 12:30:00,0.01849,0.01856,0.01824,0.01834,16690311
2026-02-01 12:45:00,0.01835,0.01856,0.01834,0.01835,13696841
2026-02-01 13:00:00,0.01835,0.0187,0.01834,0.01856,21397560
2026-02-01 13:15:00,0.01855,0.01855,0.01819,0.0182,19744874
2026-02-01 13:30:00,0.0182,0.01821,0.01806,0.01813,17338034
2026-02-01 13:45:00,0.01812,0.01829,0.01794,0.01802,21776251
2026-02-01 14:00:00,0.01802,0.01843,0.01798,0.0183,21885981
2026-02-01 14:15:00,0.0183,0.0184,0.01804,0.01807,23141347
2026-02-01 14:30:00,0.01808,0.01808,0.01785,0.01796,33070738
2026-02-01 14:45:00,0.01797,0.0183,0.01788,0.01797,27953352
2026-02-01 15:00:00,0.01797,0.01798,0.01772,0.01778,26346566
2026-02-01 15:15:00,0.01778,0.0178,0.01754,0.01755,32033822
2026-02-01 15:30:00,0.01754,0.0176,0.01721,0.01724,66402548
2026-02-01 15:45:00,0.01725,0.01778,0.01723,0.01766,39219529
2026-02-01 16:00:00,0.01767,0.01803,0.01762,0.01792,43662150
2026-02-01 16:15:00,0.01791,0.01814,0.01768,0.01799,33563339
2026-02-01 16:30:00,0.01798,0.0181,0.01785,0.01798,28771715
2026-02-01 16:45:00,0.01798,0.01806,0.01789,0.01792,16855800
2026-02-01 17:00:00,0.01792,0.01837,0.01792,0.0183,37032721
2026-02-01 17:15:00,0.01829,0.01848,0.01813,0.01818,39178626
2026-02-01 17:30:00,0.01818,0.01832,0.018,0.01804,32915869
2026-02-01 17:45:00,0.01804,0.01813,0.01787,0.01795,19606848
2026-02-01 18:00:00,0.01795,0.01831,0.01795,0.01808,39020790
2026-02-01 18:15:00,0.01808,0.01811,0.01787,0.01798,27449053
2026-02-01 18:30:00,0.01798,0.01799,0.01772,0.01773,18105095
2026-02-01 18:45:00,0.01772,0.01778,0.01761,0.01768,22244250
2026-02-01 19:00:00,0.01769,0.01777,0.01763,0.01771,16139262
2026-02-01 19:15:00,0.01772,0.01785,0.01765,0.0178,14308880
2026-02-01 19:30:00,0.0178,0.01789,0.01775,0.01788,15296037
2026-02-01 19:45:00,0.01788,0.01789,0.01765,0.01778,27274674
2026-02-01 20:00:00,0.01778,0.01779,0.01752,0.01765,27555790
2026-02-01 20:15:00,0.01764,0.01771,0.01748,0.01751,15321220
2026-02-01 20:30:00,0.01751,0.01782,0.01751,0.01773,23699039
2026-02-01 20:45:00,0.01772,0.01772,0.01751,0.01763,9285827
2026-02-01 21:00:00,0.01763,0.01791,0.01762,0.01783,21748262
2026-02-01 21:15:00,0.01782,0.01788,0.01768,0.01774,10694487
2026-02-01 21:30:00,0.01774,0.01801,0.01771,0.01786,13818164
2026-02-01 21:45:00,0.01785,0.01802,0.01773,0.01781,20517416
2026-02-01 22:00:00,0.0178,0.01806,0.0177,0.01795,30821681
2026-02-01 22:15:00,0.01796,0.01796,0.01751,0.01772,22169086
2026-02-01 22:30:00,0.01772,0.01787,0.01766,0.01768,13178987
2026-02-01 22:45:00,0.01769,0.01769,0.01748,0.01753,14999343
2026-02-01 23:00:00,0.01752,0.01755,0.01687,0.01725,87330733
2026-02-01 23:15:00,0.01726,0.01785,0.01713,0.01779,53393374
2026-02-01 23:30:00,0.01779,0.01805,0.01768,0.01776,28656010
2026-02-01 23:45:00,0.01776,0.01781,0.01761,0.01765,17680252
2026-02-02 00:00:00,0.01764,0.01784,0.01741,0.0177,42632643
2026-02-02 00:15:00,0.0177,0.01793,0.01769,0.01786,16305868
2026-02-02 00:30:00,0.01785,0.01807,0.01777,0.01802,27490787
2026-02-02 00:45:00,0.01802,0.0181,0.01779,0.01797,30688430
2026-02-02 01:00:00,0.01796,0.01801,0.01771,0.01778,29957559
2026-02-02 01:15:00,0.01778,0.01828,0.01771,0.01818,37054200
2026-02-02 01:30:00,0.01819,0.01819,0.018,0.01811,13226758
2026-02-02 01:45:00,0.01812,0.01813,0.01787,0.01794,11132298
2026-02-02 02:00:00,0.01795,0.01795,0.01769,0.01772,13441547
2026-02-02 02:15:00,0.01772,0.01786,0.01757,0.01758,12503757
2026-02-02 02:30:00,0.01758,0.01767,0.01755,0.01757,15968771
2026-02-02 02:45:00,0.01758,0.01763,0.01737,0.01738,27631374
2026-02-02 03:00:00,0.01739,0.01742,0.01708,0.01715,36929225
2026-02-02 03:15:00,0.01714,0.01718,0.01688,0.01691,54295303
2026-02-02 03:30:00,0.01692,0.01701,0.01659,0.017,81643077
2026-02-02 03:45:00,0.017,0.01748,0.017,0.01737,40226774
2026-02-02 04:00:00,0.01737,0.01739,0.0171,0.01714,19944362
2026-02-02 04:15:00,0.01714,0.01755,0.0171,0.01747,20391178
2026-02-02 04:30:00,0.01747,0.01771,0.01745,0.01752,22085160
2026-02-02 04:45:00,0.01751,0.01753,0.01738,0.01742,9431926
2026-02-02 05:00:00,0.01742,0.01746,0.01713,0.01715,27240116
2026-02-02 05:15:00,0.01714,0.01718,0.01689,0.01703,24999861
2026-02-02 05:30:00,0.01703,0.01711,0.01685,0.01704,16218054
2026-02-02 05:45:00,0.01704,0.01723,0.01701,0.01714,13574378
2026-02-02 06:00:00,0.01714,0.01725,0.01705,0.01711,18563170
2026-02-02 06:15:00,0.01711,0.01724,0.01698,0.0171,21500433
2026-02-02 06:30:00,0.01709,0.0177,0.01692,0.01742,61078561
2026-02-02 06:45:00,0.01742,0.01773,0.01738,0.01753,45043060
2026-02-02 07:00:00,0.01753,0.01771,0.0175,0.01758,29371125
2026-02-02 07:15:00,0.01757,0.01762,0.01743,0.01749,10862694
2026-02-02 07:30:00,0.0175,0.01755,0.01741,0.01751,11396619
2026-02-02 07:45:00,0.01751,0.01765,0.01749,0.01757,13650035
2026-02-02 08:00:00,0.01757,0.01763,0.01749,0.01755,17871111
2026-02-02 08:15:00,0.01755,0.01759,0.01745,0.0175,12896630
2026-02-02 08:30:00,0.01751,0.01762,0.01747,0.01749,10527131
2026-02-02 08:45:00,0.01748,0.0175,0.01737,0.01738,11351023
2026-02-02 09:00:00,0.01737,0.01737,0.01713,0.01715,21323402
2026-02-02 09:15:00,0.01715,0.01735,0.01708,0.01733,20920267
2026-02-02 09:30:00,0.01733,0.01735,0.01713,0.01723,24260143
2026-02-02 09:45:00,0.01722,0.01737,0.01717,0.01721,22614178
2026-02-02 10:00:00,0.0172,0.01723,0.01707,0.01708,14008330
2026-02-02 10:15:00,0.01709,0.01712,0.01693,0.017,26686347
2026-02-02 10:30:00,0.017,0.01708,0.01689,0.01692,18079843
2026-02-02 10:45:00,0.01691,0.01698,0.01688,0.01691,11922694
2026-02-02 11:00:00,0.01692,0.01697,0.01674,0.01679,28800346
2026-02-02 11:15:00,0.01678,0.01681,0.01671,0.01675,16597501
2026-02-02 11:30:00,0.01675,0.01698,0.01674,0.01678,33427495
2026-02-02 11:45:00,0.01678,0.01687,0.01669,0.01671,21030158
2026-02-02 12:00:00,0.01672,0.01675,0.01656,0.01662,21948997
2026-02-02 12:15:00,0.01663,0.01669,0.01628,0.01634,43937386
2026-02-02 12:30:00,0.01633,0.01651,0.01626,0.01641,34737847
2026-02-02 12:45:00,0.01642,0.0165,0.01636,0.01636,20123643
2026-02-02 13:00:00,0.01635,0.01636,0.01627,0.01633,16495537
2026-02-02 13:15:00,0.01632,0.01646,0.01624,0.0164,16538558
2026-02-02 13:30:00,0.01641,0.01643,0.01631,0.0164,10899658
2026-02-02 13:45:00,0.0164,0.01653,0.01636,0.01639,28069490
2026-02-02 14:00:00,0.01639,0.01639,0.0161,0.01615,31164633
2026-02-02 14:15:00,0.01616,0.01648,0.01609,0.0164,29196353
2026-02-02 14:30:00,0.0164,0.01685,0.0164,0.01671,61456786
2026-02-02 14:45:00,0.01671,0.01679,0.01654,0.01656,32225044
2026-02-02 15:00:00,0.01657,0.01667,0.01642,0.01652,24588735
2026-02-02 15:15:00,0.01651,0.01711,0.01646,0.01703,63166755
2026-02-02 15:30:00,0.01703,0.01769,0.01697,0.01724,131240839
2026-02-02 15:45:00,0.01724,0.01761,0.01718,0.01727,74061097
2026-02-02 16:00:00,0.01727,0.01754,0.01718,0.0174,36535998
2026-02-02 16:15:00,0.0174,0.01768,0.01727,0.01738,50284367
2026-02-02 16:30:00,0.01738,0.01739,0.01694,0.01694,40781159
2026-02-02 16:45:00,0.01696,0.01715,0.01688,0.01706,28700823
2026-02-02 17:00:00,0.01706,0.01741,0.017,0.01735,42932196
2026-02-02 17:15:00,0.01736,0.01737,0.01705,0.01706,17016419
2026-02-02 17:30:00,0.01706,0.01724,0.01696,0.01704,22507547
2026-02-02 17:45:00,0.01704,0.01705,0.01682,0.01689,22051167
2026-02-02 18:00:00,0.01689,0.01702,0.01685,0.0169,26943611
2026-02-02 18:15:00,0.0169,0.01691,0.01677,0.01681,8565544
2026-02-02 18:30:00,0.01682,0.017,0.01682,0.0169,13573571
2026-02-02 18:45:00,0.01691,0.01695,0.01685,0.0169,9799191
2026-02-02 19:00:00,0.01691,0.01695,0.01681,0.0169,13059881
2026-02-02 19:15:00,0.0169,0.0169,0.01683,0.01685,5751072
2026-02-02 19:30:00,0.01686,0.01688,0.0168,0.01686,10261161
2026-02-02 19:45:00,0.01687,0.01704,0.01684,0.0169,19008841
2026-02-02 20:00:00,0.01689,0.01713,0.01686,0.01708,19034259
2026-02-02 20:15:00,0.01708,0.01711,0.01699,0.017,6849244
2026-02-02 20:30:00,0.017,0.01701,0.01675,0.01677,21700230
2026-02-02 20:45:00,0.01677,0.01678,0.01656,0.01662,40935971
2026-02-02 21:00:00,0.01663,0.01676,0.01659,0.01661,18211102
2026-02-02 21:15:00,0.01661,0.01665,0.01645,0.01647,21208981
2026-02-02 21:30:00,0.01648,0.01664,0.01647,0.01657,20743796
2026-02-02 21:45:00,0.01658,0.01675,0.01658,0.01668,15962061
2026-02-02 22:00:00,0.01669,0.01698,0.01669,0.01687,42677183
2026-02-02 22:15:00,0.01687,0.01704,0.0168,0.01696,24265506
2026-02-02 22:30:00,0.01696,0.017,0.01692,0.01697,7374282
2026-02-02 22:45:00,0.01697,0.01723,0.01697,0.0172,31093856
2026-02-02 23:00:00,0.01721,0.01722,0.01694,0.01694,14683009
2026-02-02 23:15:00,0.01695,0.01697,0.01684,0.01686,5926272
2026-02-02 23:30:00,0.01687,0.01688,0.01677,0.01682,9668407
2026-02-02 23:45:00,0.01683,0.01684,0.01676,0.01679,7031607
2026-02-03 00:00:00,0.01678,0.01682,0.01661,0.01669,17694984
2026-02-03 00:15:00,0.01669,0.01681,0.01667,0.01675,14120040
2026-02-03 00:30:00,0.01675,0.01679,0.01669,0.0167,13374466
2026-02-03 00:45:00,0.01671,0.01673,0.01651,0.01665,19511359
2026-02-03 01:00:00,0.01666,0.01671,0.01659,0.01665,6255426
2026-02-03 01:15:00,0.01666,0.01669,0.01654,0.01664,11219040
2026-02-03 01:30:00,0.01663,0.01665,0.01655,0.01655,8776167
2026-02-03 01:45:00,0.01656,0.01667,0.01655,0.01663,5503959
2026-02-03 02:00:00,0.01663,0.01663,0.01648,0.01648,11447791
2026-02-03 02:15:00,0.01648,0.01656,0.01636,0.01637,14171905
2026-02-03 02:30:00,0.01637,0.01637,0.01614,0.01619,30034517
2026-02-03 02:45:00,0.01619,0.0162,0.01592,0.01593,43887286
2026-02-03 03:00:00,0.01593,0.01601,0.01579,0.0159,44367742
2026-02-03 03:15:00,0.01591,0.0161,0.0159,0.01606,20730415
2026-02-03 03:30:00,0.01606,0.01651,0.01603,0.01649,37628275
2026-02-03 03:45:00,0.01649,0.01655,0.01632,0.01635,24151288
2026-02-03 04:00:00,0.01636,0.01646,0.0163,0.01641,14150169
2026-02-03 04:15:00,0.01642,0.01644,0.01625,0.01627,11829904
2026-02-03 04:30:00,0.01626,0.01649,0.01622,0.01647,19289416
2026-02-03 04:45:00,0.01648,0.0166,0.01642,0.01648,21418497
2026-02-03 05:00:00,0.01647,0.01651,0.01631,0.01633,11924023
2026-02-03 05:15:00,0.01634,0.01637,0.01625,0.01629,15461045
2026-02-03 05:30:00,0.01629,0.0163,0.01609,0.01614,22909251
2026-02-03 05:45:00,0.01614,0.01623,0.01605,0.0161,17295034
2026-02-03 06:00:00,0.0161,0.01612,0.01595,0.016,20293941
2026-02-03 06:15:00,0.01601,0.01631,0.01599,0.01627,19314130
2026-02-03 06:30:00,0.01626,0.01636,0.01618,0.0162,18538909
2026-02-03 06:45:00,0.0162,0.01633,0.01618,0.01622,11881876
2026-02-03 07:00:00,0.01623,0.01632,0.0161,0.01627,14173484
2026-02-03 07:15:00,0.01628,0.01636,0.0162,0.01632,18870083
2026-02-03 07:30:00,0.01632,0.01716,0.01627,0.01711,100746583
2026-02-03 07:45:00,0.0171,0.01727,0.01698,0.01706,69540700
2026-02-03 08:00:00,0.01706,0.01766,0.01703,0.01751,88641603
2026-02-03 08:15:00,0.01751,0.01781,0.01733,0.01753,66183555
2026-02-03 08:30:00,0.01752,0.01796,0.01737,0.01784,70644396
2026-02-03 08:45:00,0.01784,0.01799,0.01772,0.01784,48507530
2026-02-03 09:00:00,0.01785,0.01808,0.0177,0.01771,51710431
2026-02-03 09:15:00,0.01771,0.01785,0.01744,0.01755,59945169
2026-02-03 09:30:00,0.01755,0.01779,0.01748,0.01773,29183397
2026-02-03 09:45:00,0.01773,0.01783,0.01765,0.01771,22408528
2026-02-03 10:00:00,0.01771,0.01782,0.01753,0.01762,26021758
2026-02-03 10:15:00,0.01761,0.01791,0.01758,0.01789,31344477
2026-02-03 10:30:00,0.0179,0.01803,0.01767,0.01787,34375257
2026-02-03 10:45:00,0.01786,0.01791,0.0177,0.01779,14313541
2026-02-03 11:00:00,0.01778,0.01799,0.01765,0.01771,31773039
2026-02-03 11:15:00,0.0177,0.0178,0.0175,0.01761,28181145
2026-02-03 11:30:00,0.01761,0.0178,0.01741,0.01772,30948078
2026-02-03 11:45:00,0.01771,0.01788,0.0176,0.01761,22029082
2026-02-03 12:00:00,0.01762,0.01799,0.0176,0.01787,27999208
2026-02-03 12:15:00,0.01786,0.01805,0.01782,0.01802,19674349
2026-02-03 12:30:00,0.01801,0.01825,0.01771,0.01782,63501365
2026-02-03 12:45:00,0.01781,0.01792,0.01762,0.01764,20741253
2026-02-03 13:00:00,0.01763,0.0178,0.01754,0.01779,26410903
2026-02-03 13:15:00,0.01779,0.01804,0.01772,0.01798,23232500
2026-02-03 13:30:00,0.01798,0.01817,0.01794,0.01808,36990243
2026-02-03 13:45:00,0.01808,0.01808,0.01784,0.01795,17713146
2026-02-03 14:00:00,0.01795,0.01797,0.01771,0.01776,21674630
2026-02-03 14:15:00,0.01777,0.01794,0.01764,0.01779,30429778
2026-02-03 14:30:00,0.01778,0.01781,0.01743,0.01749,32989652
2026-02-03 14:45:00,0.01749,0.01762,0.01727,0.01729,36828123
2026-02-03 15:00:00,0.01728,0.01744,0.01708,0.01709,69143533
2026-02-03 15:15:00,0.01709,0.0176,0.01707,0.01742,51723273
2026-02-03 15:30:00,0.01742,0.01754,0.01726,0.01726,30872056
2026-02-03 15:45:00,0.01727,0.01753,0.01723,0.01739,30721423
2026-02-03 16:00:00,0.01738,0.01738,0.01703,0.01705,27855826
2026-02-03 16:15:00,0.01704,0.01705,0.01681,0.01689,48415239
2026-02-03 16:30:00,0.01689,0.01695,0.01675,0.01679,33256961
2026-02-03 16:45:00,0.01679,0.01691,0.01671,0.01675,29523455
2026-02-03 17:00:00,0.01675,0.01679,0.0165,0.01653,69552046
2026-02-03 17:15:00,0.01654,0.01683,0.01646,0.01649,56055515
2026-02-03 17:30:00,0.01649,0.01651,0.01633,0.01637,26023979
2026-02-03 17:45:00,0.01636,0.01645,0.01633,0.01634,20524844
2026-02-03 18:00:00,0.01634,0.01639,0.01617,0.01618,31821067
2026-02-03 18:15:00,0.01617,0.01628,0.01609,0.01618,56321673
2026-02-03 18:30:00,0.01619,0.01641,0.01615,0.0163,40425357
2026-02-03 18:45:00,0.0163,0.0165,0.01619,0.01625,43354952
2026-02-03 19:00:00,0.01625,0.01683,0.01622,0.01682,42641196
2026-02-03 19:15:00,0.01681,0.01703,0.01672,0.01687,49281110
2026-02-03 19:30:00,0.01687,0.01713,0.01681,0.01709,43085145
2026-02-03 19:45:00,0.01709,0.01711,0.01677,0.01683,27551296
2026-02-03 20:00:00,0.01683,0.01687,0.01662,0.01667,22738886
2026-02-03 20:15:00,0.01666,0.01702,0.01663,0.01696,31204113
2026-02-03 20:30:00,0.01695,0.01739,0.01695,0.01716,57060505
2026-02-03 20:45:00,0.01717,0.01725,0.01708,0.01722,20741098
2026-02-03 21:00:00,0.01723,0.01735,0.01717,0.01725,22020012
2026-02-03 21:15:00,0.01725,0.01726,0.01691,0.01696,18311043
2026-02-03 21:30:00,0.01696,0.01696,0.01676,0.0168,15788628
2026-02-03 21:45:00,0.01681,0.01683,0.01669,0.0167,14287590
2026-02-03 22:00:00,0.0167,0.01673,0.01657,0.0166,18429410
2026-02-03 22:15:00,0.01661,0.01669,0.0165,0.01666,19152096
2026-02-03 22:30:00,0.01667,0.01673,0.01659,0.01662,13163839
2026-02-03 22:45:00,0.01662,0.01662,0.01639,0.01643,14983742
2026-02-03 23:00:00,0.01643,0.01643,0.01628,0.01636,21179317
2026-02-03 23:15:00,0.01637,0.01642,0.01629,0.01631,9537867
2026-02-03 23:30:00,0.01632,0.01637,0.01628,0.01634,11797879
2026-02-03 23:45:00,0.01635,0.01639,0.01621,0.01638,19771301
2026-02-04 00:00:00,0.01637,0.01643,0.01612,0.01614,20120095
2026-02-04 00:15:00,0.01614,0.01633,0.01614,0.0163,18033017
2026-02-04 00:30:00,0.0163,0.01663,0.0163,0.01656,16872134
2026-02-04 00:45:00,0.01657,0.01664,0.01642,0.01646,8964509
2026-02-04 01:00:00,0.01646,0.01678,0.01643,0.01678,17202863
2026-02-04 01:15:00,0.01677,0.01677,0.01666,0.01668,10659617
2026-02-04 01:30:00,0.01668,0.01681,0.01667,0.01676,9575715
2026-02-04 01:45:00,0.01677,0.01679,0.01665,0.01671,12973748
2026-02-04 02:00:00,0.0167,0.01671,0.01654,0.01656,11954829
2026-02-04 02:15:00,0.01657,0.01663,0.01644,0.01646,12675320
2026-02-04 02:30:00,0.01646,0.01646,0.01623,0.01632,16438382
2026-02-04 02:45:00,0.01632,0.01636,0.01619,0.01623,14369513
2026-02-04 03:00:00,0.01624,0.01643,0.01614,0.01634,20537533
2026-02-04 03:15:00,0.01635,0.01638,0.01621,0.01624,12655388
2026-02-04 03:30:00,0.01624,0.0165,0.01623,0.01638,14877649
2026-02-04 03:45:00,0.01638,0.01644,0.01638,0.01639,4875216
2026-02-04 04:00:00,0.01639,0.01647,0.01634,0.01643,8828411
2026-02-04 04:15:00,0.01645,0.01665,0.0164,0.01644,16847942
2026-02-04 04:30:00,0.01644,0.01649,0.0164,0.01643,6551993
2026-02-04 04:45:00,0.01643,0.01646,0.01641,0.01644,4878008
2026-02-04 05:00:00,0.01644,0.01652,0.0164,0.01648,5477698
2026-02-04 05:15:00,0.01649,0.01667,0.01641,0.01656,27791237
2026-02-04 05:30:00,0.01656,0.01668,0.01646,0.01663,12036148
2026-02-04 05:45:00,0.01662,0.01674,0.01636,0.01648,23720808
2026-02-04 06:00:00,0.01647,0.01665,0.01646,0.01662,21580986
2026-02-04 06:15:00,0.01662,0.01674,0.01657,0.01661,17184199
2026-02-04 06:30:00,0.01661,0.01681,0.01658,0.01679,10473382
2026-02-04 06:45:00,0.01679,0.01689,0.01662,0.01684,22215698
2026-02-04 07:00:00,0.01683,0.01684,0.01669,0.01679,19950637
2026-02-04 07:15:00,0.01678,0.01679,0.01658,0.01675,13953486
2026-02-04 07:30:00,0.01674,0.01687,0.01669,0.01684,13653438
2026-02-04 07:45:00,0.01684,0.01684,0.01672,0.01676,11821142
2026-02-04 08:00:00,0.01676,0.01697,0.01675,0.01695,20927277
2026-02-04 08:15:00,0.01695,0.01696,0.0167,0.01678,16599259
2026-02-04 08:30:00,0.01678,0.01687,0.01672,0.01681,18388530
2026-02-04 08:45:00,0.01681,0.01683,0.01671,0.0168,6334776
2026-02-04 09:00:00,0.01681,0.01696,0.01677,0.01693,12767324
2026-02-04 09:15:00,0.01693,0.01699,0.01685,0.01687,8384664
2026-02-04 09:30:00,0.01687,0.0169,0.01668,0.01671,12769092
2026-02-04 09:45:00,0.01671,0.01676,0.01661,0.01664,6117329
2026-02-04 10:00:00,0.01664,0.01674,0.01655,0.01663,10224934
2026-02-04 10:15:00,0.01664,0.0167,0.01661,0.01661,6592843
2026-02-04 10:30:00,0.01661,0.01678,0.0166,0.0167,9337469
2026-02-04 10:45:00,0.0167,0.01677,0.01668,0.01669,4204487
2026-02-04 11:00:00,0.01669,0.01669,0.01636,0.01639,34771553
2026-02-04 11:15:00,0.01639,0.01652,0.01635,0.01651,11918889
2026-02-04 11:30:00,0.0165,0.01667,0.01648,0.01655,13907897
2026-02-04 11:45:00,0.01656,0.01657,0.01639,0.01641,12891016
2026-02-04 12:00:00,0.01641,0.01648,0.01638,0.01643,9369654
2026-02-04 12:15:00,0.01642,0.01651,0.01633,0.01634,18674336
2026-02-04 12:30:00,0.01634,0.01655,0.01634,0.0165,12337549
2026-02-04 12:45:00,0.0165,0.01659,0.01645,0.01657,5168129
2026-02-04 13:00:00,0.01657,0.01658,0.01647,0.01647,5631425
2026-02-04 13:15:00,0.01647,0.01649,0.01635,0.01637,12446623
2026-02-04 13:30:00,0.01638,0.01641,0.01623,0.01625,19745897
2026-02-04 13:45:00,0.01626,0.01628,0.01603,0.01604,30026834
2026-02-04 14:00:00,0.01603,0.01617,0.01597,0.01609,41087708
2026-02-04 14:15:00,0.01609,0.01613,0.01602,0.01608,15551953
2026-02-04 14:30:00,0.01608,0.01637,0.01581,0.01634,79721225
2026-02-04 14:45:00,0.01634,0.01642,0.01616,0.01629,45136427
2026-02-04 15:00:00,0.01629,0.01655,0.01623,0.01642,52591173
2026-02-04 15:15:00,0.01642,0.01642,0.01608,0.01618,37540616
2026-02-04 15:30:00,0.01617,0.01624,0.01592,0.01611,42157833
2026-02-04 15:45:00,0.01611,0.01614,0.01595,0.01598,18940059
2026-02-04 16:00:00,0.01598,0.01604,0.01582,0.01593,38452390
2026-02-04 16:15:00,0.01593,0.01598,0.0156,0.01594,80883114
2026-02-04 16:30:00,0.01594,0.01594,0.01569,0.01571,23559170
2026-02-04 16:45:00,0.01571,0.01589,0.01563,0.0158,26942959
2026-02-04 17:00:00,0.01579,0.01582,0.01554,0.01572,41623216
2026-02-04 17:15:00,0.01572,0.01582,0.01557,0.01566,20353083
2026-02-04 17:30:00,0.01566,0.01591,0.01565,0.01589,37332680
2026-02-04 17:45:00,0.01588,0.01594,0.01575,0.01587,20950298
2026-02-04 18:00:00,0.01588,0.01594,0.0156,0.01568,29942138
2026-02-04 18:15:00,0.01567,0.01588,0.01557,0.01581,26648096
2026-02-04 18:30:00,0.01582,0.01603,0.01575,0.01598,36942460
2026-02-04 18:45:00,0.01598,0.01598,0.01568,0.01572,22239068
2026-02-04 19:00:00,0.01572,0.01582,0.01567,0.01569,16063870
2026-02-04 19:15:00,0.0157,0.01579,0.01561,0.01568,14147257
2026-02-04 19:30:00,0.01568,0.01601,0.01566,0.01597,32993431
2026-02-04 19:45:00,0.01597,0.01617,0.01597,0.01614,33118815
2026-02-04 20:00:00,0.01615,0.01624,0.01608,0.01611,32014030
2026-02-04 20:15:00,0.01612,0.01627,0.01608,0.0161,13885694
2026-02-04 20:30:00,0.0161,0.0161,0.01592,0.01593,12392078
2026-02-04 20:45:00,0.01593,0.01602,0.0159,0.01595,8442816
2026-02-04 21:00:00,0.01595,0.01598,0.01576,0.01584,16119906
2026-02-04 21:15:00,0.01584,0.01585,0.01568,0.01572,11674813
2026-02-04 21:30:00,0.01572,0.01578,0.01564,0.01568,14361351
2026-02-04 21:45:00,0.01568,0.01569,0.01557,0.01565,12551257
2026-02-04 22:00:00,0.01566,0.01569,0.01535,0.01546,26007107
2026-02-04 22:15:00,0.01547,0.01581,0.01546,0.01579,19012265
2026-02-04 22:30:00,0.01577,0.01582,0.01538,0.01544,20789523
2026-02-04 22:45:00,0.01543,0.01553,0.01531,0.01532,19704796
2026-02-04 23:00:00,0.01531,0.01537,0.01524,0.01531,22164871
2026-02-04 23:15:00,0.01532,0.01554,0.0153,0.01545,19189891
2026-02-04 23:30:00,0.01546,0.0155,0.01534,0.01538,18376048
2026-02-04 23:45:00,0.01538,0.01539,0.01521,0.01527,11105845
2026-02-05 00:00:00,0.01527,0.01533,0.01496,0.015,63942068
2026-02-05 00:15:00,0.01501,0.01511,0.01499,0.01508,16432706
2026-02-05 00:30:00,0.01508,0.01508,0.01493,0.015,27945281
2026-02-05 00:45:00,0.01501,0.01506,0.01495,0.01499,10717159
2026-02-05 01:00:00,0.015,0.01532,0.01497,0.01521,30995107
2026-02-05 01:15:00,0.01521,0.0154,0.01499,0.01539,38644058
2026-02-05 01:30:00,0.0154,0.01552,0.01529,0.01541,37136395
2026-02-05 01:45:00,0.01541,0.01546,0.01531,0.01534,16174674
2026-02-05 02:00:00,0.01533,0.01535,0.01511,0.01513,15647184
2026-02-05 02:15:00,0.01514,0.01533,0.0151,0.01524,18995574
2026-02-05 02:30:00,0.01525,0.01535,0.0152,0.01524,18404825
2026-02-05 02:45:00,0.01523,0.01525,0.01509,0.01513,17780971
2026-02-05 03:00:00,0.01514,0.01522,0.01506,0.01509,15414360
2026-02-05 03:15:00,0.0151,0.01521,0.01502,0.01515,15518842
2026-02-05 03:30:00,0.01515,0.01516,0.01494,0.01498,21350629
2026-02-05 03:45:00,0.01498,0.01503,0.01495,0.01498,10133149
2026-02-05 04:00:00,0.01499,0.01511,0.01491,0.01496,21503150
2026-02-05 04:15:00,0.01497,0.01499,0.0148,0.01487,38537720
2026-02-05 04:30:00,0.01487,0.01499,0.01478,0.01492,19682056
2026-02-05 04:45:00,0.01493,0.01493,0.01481,0.01487,9750836
2026-02-05 05:00:00,0.01487,0.01507,0.01486,0.01502,10786078
2026-02-05 05:15:00,0.01502,0.01508,0.01486,0.01496,26258585
2026-02-05 05:30:00,0.01496,0.01516,0.01493,0.0151,18022933
2026-02-05 05:45:00,0.0151,0.0151,0.01486,0.01487,18592027
2026-02-05 06:00:00,0.01488,0.01491,0.01472,0.01473,20612652
2026-02-05 06:15:00,0.01473,0.0148,0.01466,0.01467,15266435
2026-02-05 06:30:00,0.01468,0.01472,0.01461,0.01464,36802769
2026-02-05 06:45:00,0.01464,0.01471,0.01457,0.0147,17280336
2026-02-05 07:00:00,0.01469,0.01508,0.01466,0.01499,53393167
2026-02-05 07:15:00,0.01498,0.01503,0.01486,0.01496,18777879
2026-02-05 07:30:00,0.01495,0.015,0.01486,0.01492,11460591
2026-02-05 07:45:00,0.01492,0.01519,0.0149,0.01508,68186660
2026-02-05 08:00:00,0.01509,0.01546,0.01507,0.01539,56808595
2026-02-05 08:15:00,0.01539,0.01563,0.01532,0.01554,44223289
2026-02-05 08:30:00,0.01553,0.01561,0.01537,0.0154,34866803
2026-02-05 08:45:00,0.0154,0.01541,0.0153,0.01531,12251793
2026-02-05 09:00:00,0.01531,0.01549,0.01528,0.01529,23091813
2026-02-05 09:15:00,0.0153,0.01537,0.01512,0.01521,23980532
2026-02-05 09:30:00,0.01521,0.01536,0.01514,0.01519,19226660
2026-02-05 09:45:00,0.0152,0.01522,0.01513,0.01515,10284132
2026-02-05 10:00:00,0.01514,0.01518,0.01502,0.01508,21770341
2026-02-05 10:15:00,0.01508,0.01519,0.01507,0.01512,11609161
2026-02-05 10:30:00,0.01512,0.01513,0.01502,0.01507,7300035
2026-02-05 10:45:00,0.01507,0.01509,0.01489,0.01498,34157006
2026-02-05 11:00:00,0.01498,0.01504,0.01489,0.01491,18781549
2026-02-05 11:15:00,0.01491,0.01498,0.01466,0.01472,43819775
2026-02-05 11:30:00,0.01473,0.01505,0.01472,0.01491,27679690
2026-02-05 11:45:00,0.01491,0.01494,0.01476,0.0148,12263695
2026-02-05 12:00:00,0.01481,0.01499,0.01479,0.01493,20478509
2026-02-05 12:15:00,0.01492,0.0151,0.01482,0.01501,54900015
2026-02-05 12:30:00,0.01502,0.01509,0.0149,0.01494,21983500
2026-02-05 12:45:00,0.01493,0.01498,0.01479,0.0149,27364011
2026-02-05 13:00:00,0.01491,0.01495,0.01476,0.01477,24439672
2026-02-05 13:15:00,0.01478,0.0148,0.01449,0.01454,44440941
2026-02-05 13:30:00,0.01454,0.01465,0.01438,0.01443,38498440
2026-02-05 13:45:00,0.01443,0.01455,0.01433,0.01445,31048297
2026-02-05 14:00:00,0.01446,0.01471,0.01446,0.01458,29508859
2026-02-05 14:15:00,0.01459,0.01479,0.01458,0.01476,24386176
2026-02-05 14:30:00,0.01476,0.01497,0.01469,0.01488,37079753
2026-02-05 14:45:00,0.01487,0.01496,0.01462,0.01465,20957395
2026-02-05 15:00:00,0.01465,0.01472,0.01416,0.01424,67940357
2026-02-05 15:15:00,0.01424,0.0145,0.01408,0.01426,84175547
2026-02-05 15:30:00,0.01425,0.01449,0.01413,0.01439,79755351
2026-02-05 15:45:00,0.0144,0.01458,0.01424,0.01425,48029214
2026-02-05 16:00:00,0.01425,0.01427,0.01388,0.01394,65231287
2026-02-05 16:15:00,0.01394,0.01434,0.01392,0.01422,68827026
2026-02-05 16:30:00,0.01422,0.01435,0.0141,0.01414,34080594
2026-02-05 16:45:00,0.01414,0.01428,0.01404,0.01408,31611027
2026-02-05 17:00:00,0.01409,0.01418,0.01376,0.01381,51753437
2026-02-05 17:15:00,0.0138,0.01401,0.01356,0.01394,62453287
2026-02-05 17:30:00,0.01393,0.01396,0.01368,0.01388,39413868
2026-02-05 17:45:00,0.01388,0.01394,0.01371,0.01374,15275789
2026-02-05 18:00:00,0.01373,0.0139,0.01372,0.0138,26233550
2026-02-05 18:15:00,0.01379,0.01383,0.0136,0.01377,24156028
2026-02-05 18:30:00,0.01378,0.01385,0.01365,0.01372,25787185
2026-02-05 18:45:00,0.01372,0.01394,0.01367,0.01385,17787650
2026-02-05 19:00:00,0.01384,0.01386,0.01364,0.01365,20787000
2026-02-05 19:15:00,0.01365,0.01371,0.01353,0.01363,24551590
2026-02-05 19:30:00,0.01362,0.0137,0.01354,0.01355,17450259
2026-02-05 19:45:00,0.01355,0.01357,0.01341,0.01349,25100433
2026-02-05 20:00:00,0.01349,0.01352,0.01337,0.01337,39257438
2026-02-05 20:15:00,0.01337,0.01338,0.01274,0.01296,120129453
2026-02-05 20:30:00,0.01295,0.01335,0.01291,0.01315,66987398
2026-02-05 20:45:00,0.01316,0.01316,0.01279,0.01298,59015883
2026-02-05 21:00:00,0.01298,0.01327,0.01293,0.01296,84286705
2026-02-05 21:15:00,0.01297,0.01325,0.01277,0.01321,54609628
2026-02-05 21:30:00,0.01322,0.01325,0.01295,0.01303,40937606
2026-02-05 21:45:00,0.01302,0.01307,0.01284,0.01291,30989505
2026-02-05 22:00:00,0.01291,0.01307,0.0128,0.01298,40241253
2026-02-05 22:15:00,0.01298,0.01316,0.01272,0.01312,58349002
2026-02-05 22:30:00,0.01312,0.01321,0.013,0.01306,27392048
2026-02-05 22:45:00,0.01305,0.01314,0.01295,0.01296,18328912
2026-02-05 23:00:00,0.01296,0.01337,0.01296,0.01336,41826002
2026-02-05 23:15:00,0.01335,0.01336,0.01314,0.01325,17214088
2026-02-05 23:30:00,0.01325,0.01328,0.01299,0.01307,25296066
2026-02-05 23:45:00,0.01307,0.01312,0.01296,0.01304,25023450
2026-02-06 00:00:00,0.01304,0.01313,0.012,0.01213,156139938
2026-02-06 00:15:00,0.01212,0.01255,0.01167,0.01225,311954747
2026-02-06 00:30:00,0.01226,0.01312,0.01222,0.01303,95894999
2026-02-06 00:45:00,0.01302,0.01327,0.01296,0.01306,52537048
2026-02-06 01:00:00,0.01305,0.01361,0.01299,0.01353,67821757
2026-02-06 01:15:00,0.01353,0.0138,0.01344,0.01363,57079018
2026-02-06 01:30:00,0.01362,0.01366,0.01342,0.01358,46571782
2026-02-06 01:45:00,0.01357,0.01373,0.01351,0.01368,36043580
2026-02-06 02:00:00,0.01369,0.0138,0.01354,0.01358,25287970
2026-02-06 02:15:00,0.01357,0.01366,0.01338,0.01345,27790000
2026-02-06 02:30:00,0.01346,0.01357,0.0134,0.01351,24842130
2026-02-06 02:45:00,0.01352,0.01354,0.01332,0.01339,14068539
2026-02-06 03:00:00,0.0134,0.01348,0.01327,0.01329,18334686
2026-02-06 03:15:00,0.01329,0.01338,0.01326,0.01335,15268293
2026-02-06 03:30:00,0.01334,0.01345,0.01333,0.01343,13810775
2026-02-06 03:45:00,0.01343,0.01354,0.01338,0.0135,13595449
2026-02-06 04:00:00,0.0135,0.01351,0.01336,0.01343,14541662
2026-02-06 04:15:00,0.01343,0.01351,0.01342,0.01347,15993056
2026-02-06 04:30:00,0.01347,0.01353,0.01338,0.01347,15563222
2026-02-06 04:45:00,0.01347,0.01352,0.01343,0.01349,18421065
2026-02-06 05:00:00,0.01349,0.0137,0.01347,0.01365,23646199
2026-02-06 05:15:00,0.01364,0.01366,0.01356,0.0136,8692984
2026-02-06 05:30:00,0.0136,0.01374,0.01359,0.01372,14067219
2026-02-06 05:45:00,0.01372,0.01381,0.01366,0.01376,29220941
2026-02-06 06:00:00,0.01377,0.01389,0.01375,0.0138,17326215
2026-02-06 06:15:00,0.01379,0.01381,0.01367,0.01377,18415201
2026-02-06 06:30:00,0.01376,0.01377,0.01356,0.01362,17817289
2026-02-06 06:45:00,0.01362,0.0137,0.01355,0.01355,15092444
2026-02-06 07:00:00,0.01356,0.01357,0.01339,0.01345,15325064
2026-02-06 07:15:00,0.01345,0.01367,0.0134,0.01366,21396970
2026-02-06 07:30:00,0.01366,0.01401,0.01365,0.01397,42268452
2026-02-06 07:45:00,0.01397,0.01403,0.01379,0.01386,26917984
2026-02-06 08:00:00,0.01385,0.01418,0.01383,0.01403,38989090
2026-02-06 08:15:00,0.01403,0.01425,0.01398,0.01407,40728282
2026-02-06 08:30:00,0.01408,0.01417,0.01383,0.01389,44377771
2026-02-06 08:45:00,0.01389,0.014,0.01384,0.01389,19147194
2026-02-06 09:00:00,0.01389,0.0139,0.01372,0.01377,20258368
2026-02-06 09:15:00,0.01377,0.01397,0.01372,0.01394,22718048
2026-02-06 09:30:00,0.01395,0.01407,0.01391,0.01397,23778849
2026-02-06 09:45:00,0.01396,0.01402,0.01387,0.01393,13532920
2026-02-06 10:00:00,0.01392,0.01397,0.01382,0.01389,17914699
2026-02-06 10:15:00,0.01389,0.01405,0.01386,0.01398,15786847
2026-02-06 10:30:00,0.01398,0.01407,0.01394,0.014,10586135
2026-02-06 10:45:00,0.01399,0.01401,0.01394,0.01401,8002592
2026-02-06 11:00:00,0.01401,0.01421,0.01395,0.01414,18249257
2026-02-06 11:15:00,0.01414,0.01418,0.01399,0.01401,8347502
2026-02-06 11:30:00,0.01401,0.01412,0.014,0.01406,14114111
2026-02-06 11:45:00,0.01405,0.01414,0.01402,0.01412,9750660
2026-02-06 12:00:00,0.01411,0.01411,0.01397,0.01399,16161738
2026-02-06 12:15:00,0.014,0.01403,0.01396,0.01399,6416229
2026-02-06 12:30:00,0.01398,0.01398,0.01389,0.0139,10639804
2026-02-06 12:45:00,0.0139,0.01393,0.01384,0.01391,11363478
2026-02-06 13:00:00,0.01392,0.01403,0.01389,0.01402,19132897
2026-02-06 13:15:00,0.01401,0.01403,0.01382,0.01385,19408593
2026-02-06 13:30:00,0.01386,0.0139,0.01375,0.01379,25742731
2026-02-06 13:45:00,0.01378,0.01386,0.0137,0.0138,16900911
2026-02-06 14:00:00,0.01379,0.01386,0.01377,0.01383,12662445
2026-02-06 14:15:00,0.01383,0.01384,0.01372,0.01384,11603259
2026-02-06 14:30:00,0.01383,0.01418,0.01382,0.01415,45267099
2026-02-06 14:45:00,0.01415,0.01424,0.01401,0.0141,34468232
2026-02-06 15:00:00,0.0141,0.01411,0.01391,0.01392,20910986
2026-02-06 15:15:00,0.01392,0.01402,0.01389,0.01396,12257146
2026-02-06 15:30:00,0.01396,0.01403,0.0139,0.01401,16474246
2026-02-06 15:45:00,0.01401,0.01403,0.01389,0.01392,12052499
2026-02-06 16:00:00,0.01392,0.01413,0.01384,0.01412,18056540
2026-02-06 16:15:00,0.01411,0.01417,0.01406,0.01415,15878090
2026-02-06 16:30:00,0.01414,0.01434,0.01409,0.01431,28664462
2026-02-06 16:45:00,0.01431,0.0144,0.01423,0.01428,23551315
2026-02-06 17:00:00,0.01428,0.01433,0.01421,0.01428,18935083
2026-02-06 17:15:00,0.01428,0.01438,0.01423,0.01437,21315946
2026-02-06 17:30:00,0.01437,0.01448,0.01428,0.0144,17905533
2026-02-06 17:45:00,0.0144,0.01446,0.01425,0.01426,15228097
2026-02-06 18:00:00,0.01427,0.01428,0.01398,0.01402,34374992
2026-02-06 18:15:00,0.01402,0.01404,0.0139,0.01398,16284580
2026-02-06 18:30:00,0.01399,0.01412,0.01396,0.01406,12428252
2026-02-06 18:45:00,0.01406,0.0141,0.01395,0.01399,11723171
2026-02-06 19:00:00,0.014,0.01402,0.0139,0.01393,9571510
2026-02-06 19:15:00,0.01392,0.01408,0.01387,0.01397,15480666
2026-02-06 19:30:00,0.01397,0.01403,0.01392,0.01395,8714102
2026-02-06 19:45:00,0.01395,0.01411,0.01395,0.01408,9865847
2026-02-06 20:00:00,0.01408,0.01409,0.01393,0.01396,8769228
2026-02-06 20:15:00,0.01396,0.01404,0.01385,0.01401,17054457
2026-02-06 20:30:00,0.01402,0.01416,0.01399,0.01404,18798682
2026-02-06 20:45:00,0.01405,0.01408,0.01397,0.01403,8116473
2026-02-06 21:00:00,0.01403,0.01404,0.0139,0.01397,12041716
2026-02-06 21:15:00,0.01398,0.01405,0.01396,0.01401,7057135
2026-02-06 21:30:00,0.01402,0.01402,0.01392,0.01393,5086661
2026-02-06 21:45:00,0.01393,0.01395,0.01389,0.01389,4650367
2026-02-06 22:00:00,0.0139,0.01401,0.01386,0.01392,14550813
2026-02-06 22:15:00,0.01392,0.01402,0.0139,0.01399,4763176
2026-02-06 22:30:00,0.01399,0.01413,0.01398,0.01408,8576315
2026-02-06 22:45:00,0.01409,0.01419,0.01404,0.01417,7143784
2026-02-06 23:00:00,0.01417,0.01436,0.01417,0.01418,13128167
2026-02-06 23:15:00,0.01418,0.01419,0.01406,0.01412,9089614
2026-02-06 23:30:00,0.01411,0.01418,0.01401,0.01401,7332315
2026-02-06 23:45:00,0.01402,0.01402,0.01395,0.014,9630514
2026-02-07 00:00:00,0.01401,0.01402,0.01388,0.01396,17063418
2026-02-07 00:15:00,0.01397,0.01401,0.01382,0.01382,12673691
2026-02-07 00:30:00,0.01382,0.01383,0.01371,0.01372,20149462
2026-02-07 00:45:00,0.01372,0.01387,0.01371,0.01379,14422787
2026-02-07 01:00:00,0.01379,0.01379,0.01364,0.01367,16735152
2026-02-07 01:15:00,0.01367,0.01376,0.01367,0.01368,9477167
2026-02-07 01:30:00,0.01368,0.01374,0.01361,0.01371,16837971
2026-02-07 01:45:00,0.01371,0.01386,0.0137,0.01377,8540095
2026-02-07 02:00:00,0.01377,0.01381,0.01373,0.0138,7023128
2026-02-07 02:15:00,0.0138,0.01404,0.0138,0.01395,20921888
2026-02-07 02:30:00,0.01395,0.01396,0.01382,0.01383,9291326
2026-02-07 02:45:00,0.01383,0.01387,0.01378,0.01386,5465795
2026-02-07 03:00:00,0.01386,0.01401,0.01385,0.01396,12813405
2026-02-07 03:15:00,0.01396,0.01406,0.01391,0.01402,7782855
2026-02-07 03:30:00,0.01402,0.01404,0.01396,0.01401,8302112
2026-02-07 03:45:00,0.01401,0.01411,0.01397,0.01404,21759528
2026-02-07 04:00:00,0.01404,0.0141,0.01394,0.01404,23990151
2026-02-07 04:15:00,0.01404,0.01414,0.01398,0.01398,11026201
2026-02-07 04:30:00,0.014,0.01404,0.01389,0.01389,7390477
2026-02-07 04:45:00,0.01389,0.01392,0.01386,0.01389,7588817
2026-02-07 05:00:00,0.0139,0.01399,0.01389,0.01395,7224513
2026-02-07 05:15:00,0.01395,0.014,0.01386,0.01388,9009498
2026-02-07 05:30:00,0.01388,0.01393,0.01384,0.01386,10162399
2026-02-07 05:45:00,0.01387,0.01394,0.01378,0.01384,7913053
2026-02-07 06:00:00,0.01384,0.01393,0.01379,0.01386,14622359
2026-02-07 06:15:00,0.01387,0.01388,0.01378,0.01384,4563701
2026-02-07 06:30:00,0.01384,0.01388,0.01378,0.01379,5772269
2026-02-07 06:45:00,0.01379,0.01381,0.01356,0.01356,17814687
2026-02-07 07:00:00,0.01356,0.01364,0.01343,0.01344,32705101
2026-02-07 07:15:00,0.01343,0.01359,0.01331,0.01357,28818966
2026-02-07 07:30:00,0.01358,0.01365,0.01343,0.01357,20726182
2026-02-07 07:45:00,0.01358,0.01366,0.01346,0.0135,26586474
2026-02-07 08:00:00,0.01351,0.01356,0.01345,0.01348,17521350
2026-02-07 08:15:00,0.01348,0.01357,0.01345,0.01353,11000289
2026-02-07 08:30:00,0.01353,0.01359,0.01349,0.01353,11650795
2026-02-07 08:45:00,0.01353,0.01361,0.01353,0.01355,3842532
2026-02-07 09:00:00,0.01355,0.01361,0.01351,0.01354,10587175
2026-02-07 09:15:00,0.01354,0.01354,0.0134,0.0134,11343185
2026-02-07 09:30:00,0.0134,0.01345,0.01333,0.01339,16671450
2026-02-07 09:45:00,0.01338,0.01339,0.01333,0.01335,7894379
2026-02-07 10:00:00,0.01335,0.0135,0.01334,0.01339,13758695
2026-02-07 10:15:00,0.01338,0.01345,0.01337,0.01342,4487740
2026-02-07 10:30:00,0.01342,0.01344,0.01327,0.01334,11233626
2026-02-07 10:45:00,0.01335,0.01342,0.0133,0.01339,6116887
2026-02-07 11:00:00,0.01339,0.01341,0.01331,0.01332,6680229
2026-02-07 11:15:00,0.01332,0.01335,0.01326,0.01327,10771261
2026-02-07 11:30:00,0.01328,0.01338,0.01328,0.01336,6519143
2026-02-07 11:45:00,0.01336,0.0134,0.01333,0.01335,6496053
2026-02-07 12:00:00,0.01335,0.01353,0.01333,0.01351,20113246
2026-02-07 12:15:00,0.01351,0.01381,0.01347,0.01366,35204547
2026-02-07 12:30:00,0.01366,0.01378,0.01363,0.01364,22639440
2026-02-07 12:45:00,0.01364,0.01368,0.01354,0.01355,10884791
2026-02-07 13:00:00,0.01356,0.01358,0.01337,0.01339,21668945
2026-02-07 13:15:00,0.0134,0.01341,0.01333,0.01339,12314335
2026-02-07 13:30:00,0.01339,0.0134,0.01326,0.01327,12497575
2026-02-07 13:45:00,0.01326,0.01335,0.01325,0.0133,7566423
2026-02-07 14:00:00,0.01331,0.01332,0.0132,0.01321,11472288
2026-02-07 14:15:00,0.01321,0.01329,0.01317,0.01323,10880737
2026-02-07 14:30:00,0.01323,0.01325,0.01311,0.01321,15415633
2026-02-07 14:45:00,0.01321,0.01323,0.01309,0.0132,15371675
2026-02-07 15:00:00,0.0132,0.01333,0.01317,0.01328,16144457
2026-02-07 15:15:00,0.01327,0.01338,0.01324,0.01337,10872155
2026-02-07 15:30:00,0.01338,0.01345,0.01333,0.01335,12758207
2026-02-07 15:45:00,0.01336,0.01336,0.01325,0.01331,8906657
2026-02-07 16:00:00,0.01331,0.01373,0.01329,0.01361,212602051
2026-02-07 16:15:00,0.01362,0.01378,0.01341,0.01354,102724867
2026-02-07 16:30:00,0.01355,0.01357,0.01345,0.01347,19476207
2026-02-07 16:45:00,0.01348,0.01348,0.01339,0.0134,6619177
2026-02-07 17:00:00,0.01341,0.01344,0.01333,0.01334,13299542
2026-02-07 17:15:00,0.01334,0.01342,0.01332,0.01341,7684707
2026-02-07 17:30:00,0.01341,0.01348,0.01335,0.01342,9270495
2026-02-07 17:45:00,0.01342,0.01344,0.01333,0.01335,5032393
2026-02-07 18:00:00,0.01335,0.01338,0.01332,0.01332,9378732
2026-02-07 18:15:00,0.01332,0.01344,0.01332,0.01342,5650619
2026-02-07 18:30:00,0.01343,0.01354,0.01339,0.01343,8561960
2026-02-07 18:45:00,0.01343,0.01344,0.01331,0.01331,15671929
2026-02-07 19:00:00,0.01331,0.01332,0.01323,0.01323,12079636
2026-02-07 19:15:00,0.01323,0.0133,0.01323,0.01326,8352078
2026-02-07 19:30:00,0.01326,0.01327,0.01321,0.01322,6929257
2026-02-07 19:45:00,0.01322,0.01324,0.01312,0.01313,9495500
2026-02-07 20:00:00,0.01314,0.01326,0.01313,0.0132,16532468
2026-02-07 20:15:00,0.0132,0.01327,0.0132,0.01323,6712331
2026-02-07 20:30:00,0.01323,0.01332,0.01323,0.01327,5570724
2026-02-07 20:45:00,0.01326,0.01338,0.01326,0.01335,8825935
2026-02-07 21:00:00,0.01335,0.01337,0.01323,0.01324,9409259
2026-02-07 21:15:00,0.01323,0.01326,0.01321,0.01323,6894666
2026-02-07 21:30:00,0.01323,0.01327,0.01316,0.01316,6412302
2026-02-07 21:45:00,0.01316,0.01318,0.01311,0.01315,6433272
2026-02-07 22:00:00,0.01315,0.01315,0.01302,0.01307,26776224
2026-02-07 22:15:00,0.01308,0.01309,0.01299,0.01302,8498155
2026-02-07 22:30:00,0.01302,0.01307,0.01296,0.01301,15331491
2026-02-07 22:45:00,0.013,0.01301,0.01293,0.01293,7240946
2026-02-07 23:00:00,0.01293,0.01299,0.01287,0.01298,41673193
2026-02-07 23:15:00,0.01297,0.01299,0.01291,0.01295,13201026
2026-02-07 23:30:00,0.01295,0.01299,0.01294,0.01295,6891608
2026-02-07 23:45:00,0.01296,0.01296,0.01292,0.01293,7411686
2026-02-08 00:00:00,0.01294,0.01298,0.01287,0.01289,17200473
2026-02-08 00:15:00,0.01289,0.0129,0.0128,0.01283,16469016
2026-02-08 00:30:00,0.01283,0.01287,0.01277,0.01281,13367227
2026-02-08 00:45:00,0.0128,0.01286,0.01279,0.01281,8652166
2026-02-08 01:00:00,0.01281,0.01286,0.01274,0.01283,25459951
2026-02-08 01:15:00,0.01283,0.01284,0.0127,0.01271,14647208
2026-02-08 01:30:00,0.01272,0.01275,0.01265,0.01272,27857360
2026-02-08 01:45:00,0.01271,0.01274,0.01266,0.0127,13570760
2026-02-08 02:00:00,0.0127,0.01271,0.01264,0.01266,37721135
2026-02-08 02:15:00,0.01267,0.01273,0.01265,0.01269,8158244
2026-02-08 02:30:00,0.0127,0.01273,0.01265,0.01265,9358919
2026-02-08 02:45:00,0.01265,0.01273,0.01264,0.01271,7394419
2026-02-08 03:00:00,0.01271,0.01274,0.01264,0.01266,10583077
2026-02-08 03:15:00,0.01266,0.01268,0.01261,0.01261,7842595
2026-02-08 03:30:00,0.01261,0.01276,0.01259,0.01272,17086784
2026-02-08 03:45:00,0.01273,0.01289,0.01269,0.01276,30879960
2026-02-08 04:00:00,0.01276,0.01279,0.01273,0.01275,10270925
2026-02-08 04:15:00,0.01275,0.01282,0.01268,0.01279,10628892
2026-02-08 04:30:00,0.01278,0.01283,0.01273,0.01281,8917990
2026-02-08 04:45:00,0.0128,0.01286,0.01279,0.01283,5375961
2026-02-08 05:00:00,0.01283,0.01284,0.01271,0.01282,10987795
2026-02-08 05:15:00,0.01282,0.01286,0.01273,0.01274,13631284
2026-02-08 05:30:00,0.01274,0.01276,0.01269,0.01274,6607919
2026-02-08 05:45:00,0.01274,0.01277,0.01272,0.01272,4135867
2026-02-08 06:00:00,0.01272,0.01274,0.01259,0.01264,11077494
2026-02-08 06:15:00,0.01264,0.01266,0.01261,0.01264,4408527
2026-02-08 06:30:00,0.01265,0.01265,0.01251,0.01254,13863164
2026-02-08 06:45:00,0.01254,0.01256,0.01243,0.01247,17045857
2026-02-08 07:00:00,0.01247,0.01251,0.01242,0.0125,13645196
2026-02-08 07:15:00,0.0125,0.01254,0.01244,0.01245,9708201
2026-02-08 07:30:00,0.01245,0.01246,0.01239,0.01241,11790796
2026-02-08 07:45:00,0.01241,0.01258,0.01238,0.01258,17035043
2026-02-08 08:00:00,0.01257,0.01262,0.01253,0.01258,16413320
2026-02-08 08:15:00,0.01259,0.01272,0.01255,0.01268,16019703
2026-02-08 08:30:00,0.01268,0.01278,0.01261,0.01268,28801343
2026-02-08 08:45:00,0.01267,0.01271,0.01264,0.0127,11207127
2026-02-08 09:00:00,0.0127,0.01279,0.01269,0.01273,17470737
2026-02-08 09:15:00,0.01273,0.01274,0.01262,0.01262,12151195
2026-02-08 09:30:00,0.01263,0.01266,0.01249,0.01253,18169113
2026-02-08 09:45:00,0.01253,0.01259,0.01251,0.01253,8597892
2026-02-08 10:00:00,0.01254,0.01258,0.01244,0.01246,21502914
2026-02-08 10:15:00,0.01246,0.0125,0.01229,0.01232,27198613
2026-02-08 10:30:00,0.01232,0.01244,0.01231,0.01241,13736944
2026-02-08 10:45:00,0.01241,0.01242,0.01233,0.01237,10035397
2026-02-08 11:00:00,0.01237,0.01253,0.01235,0.01253,18381523
2026-02-08 11:15:00,0.01253,0.0126,0.01248,0.01251,18070789
2026-02-08 11:30:00,0.01252,0.01259,0.01249,0.01254,10242883
2026-02-08 11:45:00,0.01253,0.01263,0.01251,0.0126,20357959
2026-02-08 12:00:00,0.0126,0.01261,0.01244,0.01244,11922595
2026-02-08 12:15:00,0.01245,0.01249,0.01239,0.01243,14473309
2026-02-08 12:30:00,0.01244,0.01244,0.01233,0.01234,19495846
2026-02-08 12:45:00,0.01235,0.01256,0.01234,0.01255,26966480
2026-02-08 13:00:00,0.01255,0.01261,0.01251,0.01259,22729055
2026-02-08 13:15:00,0.01259,0.01259,0.01252,0.01258,17127471
2026-02-08 13:30:00,0.01258,0.01261,0.01255,0.01256,11034536
2026-02-08 13:45:00,0.01256,0.01271,0.01255,0.01266,20817019
2026-02-08 14:00:00,0.01265,0.01295,0.01261,0.01293,47923413
2026-02-08 14:15:00,0.01292,0.01296,0.01275,0.01295,41497546
2026-02-08 14:30:00,0.01295,0.01371,0.01295,0.01361,183443137
2026-02-08 14:45:00,0.01361,0.01426,0.01361,0.01368,243850935
2026-02-08 15:00:00,0.01367,0.01367,0.01335,0.01362,106762365
2026-02-08 15:15:00,0.01362,0.01365,0.01331,0.01342,42959321
2026-02-08 15:30:00,0.01341,0.01344,0.01324,0.01332,29621615
2026-02-08 15:45:00,0.01332,0.01334,0.01322,0.01323,23504181
2026-02-08 16:00:00,0.01323,0.01345,0.01306,0.01323,68930726
2026-02-08 16:15:00,0.01324,0.01333,0.01315,0.01323,19250138
2026-02-08 16:30:00,0.01322,0.01322,0.01295,0.01301,39506162
2026-02-08 16:45:00,0.01301,0.01302,0.0128,0.01288,30119071
2026-02-08 17:00:00,0.01288,0.01347,0.01287,0.0134,61983044
2026-02-08 17:15:00,0.01339,0.01356,0.01317,0.01322,49637917
2026-02-08 17:30:00,0.01323,0.01336,0.01316,0.01334,25528422
2026-02-08 17:45:00,0.01333,0.01338,0.01325,0.01333,18269031
2026-02-08 18:00:00,0.01333,0.01379,0.01331,0.01371,64337812
2026-02-08 18:15:00,0.0137,0.01377,0.01345,0.01355,49677993
2026-02-08 18:30:00,0.01356,0.01406,0.01356,0.01404,67305966
2026-02-08 18:45:00,0.01403,0.01442,0.01391,0.01423,178876257
2026-02-08 19:00:00,0.01423,0.01468,0.01406,0.01409,230573873
2026-02-08 19:15:00,0.01409,0.01444,0.01405,0.01431,75188015
2026-02-08 19:30:00,0.01431,0.01466,0.01426,0.01448,61107852
2026-02-08 19:45:00,0.01449,0.01449,0.01419,0.01428,62563355
2026-02-08 20:00:00,0.01429,0.01434,0.0141,0.01418,56123589
2026-02-08 20:15:00,0.01418,0.01448,0.01411,0.01413,68620327
2026-02-08 20:30:00,0.01413,0.01436,0.0141,0.0143,31920585
2026-02-08 20:45:00,0.01429,0.01434,0.01416,0.01421,23650097
2026-02-08 21:00:00,0.01421,0.01451,0.01419,0.01431,47776236
2026-02-08 21:15:00,0.01431,0.01434,0.01414,0.01423,28854284
2026-02-08 21:30:00,0.01424,0.01446,0.01414,0.01417,42607415
2026-02-08 21:45:00,0.01417,0.01447,0.01411,0.0144,38415706
2026-02-08 22:00:00,0.0144,0.01456,0.0143,0.01452,55038433
2026-02-08 22:15:00,0.01452,0.01457,0.01434,0.01449,27417525
2026-02-08 22:30:00,0.01449,0.01463,0.01441,0.0146,25071448
2026-02-08 22:45:00,0.0146,0.0148,0.0145,0.01462,44005333
2026-02-08 23:00:00,0.01462,0.01507,0.01458,0.01463,93265176
2026-02-08 23:15:00,0.01464,0.01481,0.01449,0.01459,70235822
2026-02-08 23:30:00,0.01458,0.01467,0.01446,0.01455,48269778
2026-02-08 23:45:00,0.01455,0.0147,0.01436,0.01442,44234986
2026-02-09 00:00:00,0.01442,0.01446,0.01412,0.01418,72806080
2026-02-09 00:15:00,0.01417,0.01422,0.01391,0.01399,52711177
2026-02-09 00:30:00,0.01399,0.01414,0.01393,0.01409,37772660
2026-02-09 00:45:00,0.0141,0.01431,0.01404,0.01429,32640426
2026-02-09 01:00:00,0.01428,0.01444,0.01377,0.01414,143627819
2026-02-09 01:15:00,0.01415,0.0142,0.01406,0.01406,34161835
2026-02-09 01:30:00,0.01407,0.01409,0.01395,0.01398,27235807
2026-02-09 01:45:00,0.01397,0.01406,0.01388,0.01402,24060730
2026-02-09 02:00:00,0.01401,0.01413,0.01392,0.01412,25340831
2026-02-09 02:15:00,0.01412,0.01412,0.01399,0.01403,19029801
2026-02-09 02:30:00,0.01402,0.01413,0.01399,0.01405,22994302
2026-02-09 02:45:00,0.01406,0.01422,0.01395,0.01399,51329262
2026-02-09 03:00:00,0.01399,0.01408,0.01398,0.01407,16508820
2026-02-09 03:15:00,0.01408,0.01408,0.01395,0.01396,13901848
2026-02-09 03:30:00,0.01397,0.01403,0.01391,0.01396,16768504
2026-02-09 03:45:00,0.01397,0.01403,0.01386,0.01391,19219646
2026-02-09 04:00:00,0.01391,0.01392,0.01381,0.01388,19776216
2026-02-09 04:15:00,0.01389,0.014,0.01378,0.01399,17736087
2026-02-09 04:30:00,0.01399,0.01404,0.0139,0.01397,28994988
2026-02-09 04:45:00,0.01397,0.01402,0.01387,0.01397,9606323
2026-02-09 05:00:00,0.01397,0.01401,0.0138,0.01387,31279675
2026-02-09 05:15:00,0.01388,0.01392,0.01378,0.01387,17974169
2026-02-09 05:30:00,0.01387,0.01388,0.01375,0.01385,12852030
2026-02-09 05:45:00,0.01385,0.01386,0.01377,0.01384,9930606
2026-02-09 06:00:00,0.01383,0.01384,0.01366,0.01375,40334219
2026-02-09 06:15:00,0.01376,0.0138,0.01367,0.0138,21583732
2026-02-09 06:30:00,0.01379,0.01389,0.01377,0.01381,17903876
2026-02-09 06:45:00,0.01382,0.01385,0.01367,0.0137,20302739
2026-02-09 07:00:00,0.0137,0.0138,0.01367,0.01377,24600720
2026-02-09 07:15:00,0.01377,0.01403,0.01377,0.01393,37491693
2026-02-09 07:30:00,0.01393,0.01402,0.01386,0.0139,31907988
2026-02-09 07:45:00,0.0139,0.01392,0.01377,0.01381,35091977
2026-02-09 08:00:00,0.01381,0.01406,0.01378,0.01397,42569577
2026-02-09 08:15:00,0.01396,0.014,0.0138,0.01389,28192556
2026-02-09 08:30:00,0.01388,0.01388,0.0137,0.01373,29657835
2026-02-09 08:45:00,0.01373,0.01382,0.01369,0.01372,19689706
2026-02-09 09:00:00,0.01373,0.01374,0.01353,0.01354,33695797
2026-02-09 09:15:00,0.01355,0.01359,0.01342,0.01347,44979535
2026-02-09 09:30:00,0.01349,0.01354,0.01335,0.01346,31142704
2026-02-09 09:45:00,0.01346,0.01355,0.01343,0.01352,22108087
2026-02-09 10:00:00,0.01352,0.01363,0.01348,0.01353,22857146
2026-02-09 10:15:00,0.01352,0.01354,0.01331,0.01331,31281433
2026-02-09 10:30:00,0.01331,0.01334,0.01321,0.01328,33994511
2026-02-09 10:45:00,0.01328,0.01335,0.01323,0.01333,16822374
2026-02-09 11:00:00,0.01333,0.01348,0.01333,0.01334,38074249
2026-02-09 11:15:00,0.01334,0.01344,0.01329,0.0134,19868592
2026-02-09 11:30:00,0.0134,0.01348,0.01338,0.01339,13412393
2026-02-09 11:45:00,0.0134,0.01341,0.01325,0.0133,15188747
2026-02-09 12:00:00,0.01329,0.01342,0.01329,0.0134,23450553
2026-02-09 12:15:00,0.0134,0.01349,0.01338,0.01345,15346207
2026-02-09 12:30:00,0.01344,0.01349,0.0134,0.01348,15538842
2026-02-09 12:45:00,0.01348,0.0135,0.01342,0.01349,9671782
2026-02-09 13:00:00,0.01349,0.01349,0.01335,0.01346,18769247
2026-02-09 13:15:00,0.01346,0.01362,0.01341,0.01353,27798259
2026-02-09 13:30:00,0.01352,0.01354,0.01331,0.01333,25186920
2026-02-09 13:45:00,0.01333,0.01335,0.01315,0.01322,36570026
2026-02-09 14:00:00,0.01322,0.01329,0.01311,0.01316,44898962
2026-02-09 14:15:00,0.01315,0.01321,0.01309,0.01317,18820676
2026-02-09 14:30:00,0.01317,0.01353,0.01312,0.01343,51729365
2026-02-09 14:45:00,0.01344,0.01358,0.01343,0.01355,30745136
2026-02-09 15:00:00,0.01354,0.01367,0.01344,0.01346,42805155
2026-02-09 15:15:00,0.01346,0.01354,0.01336,0.01341,16068547
2026-02-09 15:30:00,0.01341,0.01378,0.01338,0.01377,35987532
2026-02-09 15:45:00,0.01377,0.01378,0.0136,0.01366,34910452
2026-02-09 16:00:00,0.01367,0.01367,0.01334,0.01339,41488799
2026-02-09 16:15:00,0.0134,0.01344,0.01331,0.01343,35274856
2026-02-09 16:30:00,0.01342,0.01346,0.01329,0.01341,22687720
2026-02-09 16:45:00,0.01341,0.01353,0.01336,0.01343,21915357
2026-02-09 17:00:00,0.01342,0.01353,0.01336,0.01338,24164370
2026-02-09 17:15:00,0.01337,0.01349,0.01337,0.01343,11449963
2026-02-09 17:30:00,0.01343,0.01366,0.01338,0.01362,25843616
2026-02-09 17:45:00,0.01361,0.01365,0.01343,0.01348,26111718
2026-02-09 18:00:00,0.01348,0.01351,0.01338,0.01339,23740700
2026-02-09 18:15:00,0.0134,0.01342,0.01328,0.01332,17442091
2026-02-09 18:30:00,0.01332,0.01343,0.01326,0.01333,20464541
2026-02-09 18:45:00,0.01333,0.01341,0.01331,0.0134,11514706
2026-02-09 19:00:00,0.01339,0.01345,0.01335,0.01337,12967368
2026-02-09 19:15:00,0.01338,0.01342,0.01336,0.01339,6756069
2026-02-09 19:30:00,0.01338,0.01349,0.01338,0.01344,12199606
2026-02-09 19:45:00,0.01344,0.01346,0.01336,0.01338,8428726
2026-02-09 20:00:00,0.01339,0.01344,0.0133,0.01338,13440550
2026-02-09 20:15:00,0.01338,0.01338,0.01312,0.01317,27387161
2026-02-09 20:30:00,0.01317,0.01334,0.01315,0.01328,18895208
2026-02-09 20:45:00,0.01328,0.01338,0.01327,0.01333,13649612
2026-02-09 21:00:00,0.01334,0.01334,0.01323,0.01325,14347203
2026-02-09 21:15:00,0.01325,0.01329,0.0132,0.01325,9457387
2026-02-09 21:30:00,0.01325,0.01327,0.01311,0.01319,21411844
2026-02-09 21:45:00,0.01319,0.01341,0.01316,0.01338,24233157
2026-02-09 22:00:00,0.01338,0.01343,0.01335,0.01343,11920048
2026-02-09 22:15:00,0.01343,0.01347,0.01335,0.0134,14228693
2026-02-09 22:30:00,0.0134,0.01347,0.01339,0.01343,6122678
2026-02-09 22:45:00,0.01343,0.01351,0.01342,0.01348,7886477
2026-02-09 23:00:00,0.01348,0.01358,0.01346,0.01349,8913771
2026-02-09 23:15:00,0.0135,0.01359,0.01348,0.01351,11825703
2026-02-09 23:30:00,0.01351,0.0136,0.01347,0.0135,9654813
2026-02-09 23:45:00,0.01351,0.01351,0.01338,0.01343,16104832
2026-02-10 00:00:00,0.01343,0.01353,0.01338,0.01353,15991346
2026-02-10 00:15:00,0.01353,0.01358,0.01342,0.01342,10173360
2026-02-10 00:30:00,0.01342,0.01346,0.01337,0.01339,9504026
2026-02-10 00:45:00,0.01339,0.01349,0.01339,0.01345,12726994
2026-02-10 01:00:00,0.01344,0.01365,0.01343,0.01362,16600782
2026-02-10 01:15:00,0.01362,0.01363,0.01349,0.01352,7666556
2026-02-10 01:30:00,0.01352,0.01372,0.01352,0.01363,27068675
2026-02-10 01:45:00,0.01364,0.01369,0.01362,0.01367,10068218
2026-02-10 02:00:00,0.01366,0.01376,0.01356,0.01374,15993433
2026-02-10 02:15:00,0.01374,0.01377,0.01358,0.01362,8434224
2026-02-10 02:30:00,0.01362,0.01369,0.01361,0.01364,7069776
2026-02-10 02:45:00,0.01364,0.01372,0.0136,0.01361,11530327
2026-02-10 03:00:00,0.01362,0.01363,0.0134,0.01342,16218522
2026-02-10 03:15:00,0.01342,0.01344,0.01324,0.01327,19739741
2026-02-10 03:30:00,0.01327,0.01327,0.01318,0.01322,15025837
2026-02-10 03:45:00,0.01322,0.01328,0.0132,0.01326,13113069
2026-02-10 04:00:00,0.01325,0.01338,0.01324,0.01337,10146088
2026-02-10 04:15:00,0.01337,0.01343,0.01336,0.01343,11279678
2026-02-10 04:30:00,0.01343,0.01344,0.0133,0.01335,9123535
2026-02-10 04:45:00,0.01335,0.01342,0.01335,0.01338,5868673
2026-02-10 05:00:00,0.01338,0.01349,0.01338,0.01348,9822115
2026-02-10 05:15:00,0.01347,0.01349,0.01332,0.01335,7759831
2026-02-10 05:30:00,0.01335,0.01339,0.01327,0.01327,9847441
2026-02-10 05:45:00,0.01327,0.01328,0.01319,0.01323,6631201
2026-02-10 06:00:00,0.01323,0.0133,0.01321,0.01325,10951812
2026-02-10 06:15:00,0.01326,0.01328,0.01316,0.01324,13352897
2026-02-10 06:30:00,0.01324,0.01326,0.01303,0.01309,20622041
2026-02-10 06:45:00,0.01309,0.01311,0.0129,0.01305,31997739
2026-02-10 07:00:00,0.01306,0.01321,0.01305,0.01315,17214507
2026-02-10 07:15:00,0.01315,0.01318,0.01308,0.01315,8831199
2026-02-10 07:30:00,0.01315,0.01318,0.01305,0.0131,27939039
2026-02-10 07:45:00,0.01311,0.01315,0.01304,0.01313,10131561
2026-02-10 08:00:00,0.01313,0.01314,0.01304,0.01306,14162491
2026-02-10 08:15:00,0.01306,0.01311,0.01301,0.01307,12286926
2026-02-10 08:30:00,0.01307,0.01308,0.01299,0.01307,10288657
2026-02-10 08:45:00,0.01308,0.0132,0.01306,0.01317,16407937
2026-02-10 09:00:00,0.01317,0.01321,0.01307,0.0131,17368000
2026-02-10 09:15:00,0.01311,0.01321,0.01306,0.01312,11990329
2026-02-10 09:30:00,0.01311,0.01315,0.01307,0.01315,8905540
2026-02-10 09:45:00,0.01314,0.01317,0.01305,0.01306,8554499
2026-02-10 10:00:00,0.01307,0.01308,0.01304,0.01306,7990471
2026-02-10 10:15:00,0.01306,0.01318,0.01303,0.01311,10300238
2026-02-10 10:30:00,0.01311,0.01314,0.01302,0.01302,7665249
2026-02-10 10:45:00,0.01302,0.01305,0.01295,0.01298,10607870
2026-02-10 11:00:00,0.01298,0.01298,0.01287,0.01291,15190535
2026-02-10 11:15:00,0.01291,0.01297,0.01289,0.01293,7242752
2026-02-10 11:30:00,0.01293,0.01296,0.01282,0.01288,13785092
2026-02-10 11:45:00,0.01287,0.01289,0.0128,0.01282,12323003
2026-02-10 12:00:00,0.01282,0.01291,0.0128,0.01282,16033190
2026-02-10 12:15:00,0.01282,0.01291,0.01277,0.01286,14218853
2026-02-10 12:30:00,0.01286,0.01292,0.01282,0.01285,7833757
2026-02-10 12:45:00,0.01285,0.0129,0.01285,0.01287,4375215
2026-02-10 13:00:00,0.01287,0.01287,0.01278,0.01283,15914935
2026-02-10 13:15:00,0.01283,0.0129,0.01281,0.01289,8312882
2026-02-10 13:30:00,0.01289,0.01295,0.01284,0.01286,26225930
2026-02-10 13:45:00,0.01285,0.01297,0.01283,0.01292,9506601
2026-02-10 14:00:00,0.01293,0.01303,0.01291,0.01291,23189666
2026-02-10 14:15:00,0.01292,0.01302,0.01291,0.01295,10736123
2026-02-10 14:30:00,0.01295,0.01303,0.01282,0.01291,20175986
2026-02-10 14:45:00,0.01291,0.01299,0.01282,0.01297,13114598
2026-02-10 15:00:00,0.01297,0.01314,0.01292,0.01304,16814699
2026-02-10 15:15:00,0.01303,0.01315,0.013,0.0131,22754421
2026-02-10 15:30:00,0.0131,0.01319,0.01308,0.01311,18130164
2026-02-10 15:45:00,0.01312,0.01312,0.01299,0.01303,11680769
2026-02-10 16:00:00,0.01302,0.01312,0.01293,0.0131,30386180
2026-02-10 16:15:00,0.0131,0.01313,0.01297,0.01298,11443575
2026-02-10 16:30:00,0.01298,0.01299,0.0129,0.01292,10682504
2026-02-10 16:45:00,0.01293,0.01294,0.0128,0.01285,17169798
2026-02-10 17:00:00,0.01284,0.01286,0.01273,0.01276,25361603
2026-02-10 17:15:00,0.01277,0.01286,0.01276,0.01277,14874572
2026-02-10 17:30:00,0.01276,0.01285,0.01273,0.01284,16729182
2026-02-10 17:45:00,0.01284,0.01284,0.01266,0.0128,38204751
2026-02-10 18:00:00,0.01281,0.01284,0.01263,0.01265,22456439
2026-02-10 18:15:00,0.01265,0.01275,0.0126,0.01262,24551574
2026-02-10 18:30:00,0.01262,0.01267,0.01258,0.01263,18407891
2026-02-10 18:45:00,0.01264,0.01265,0.01252,0.0126,15758785
2026-02-10 19:00:00,0.0126,0.01269,0.01259,0.01263,14713147
2026-02-10 19:15:00,0.01262,0.01267,0.01254,0.01257,11529084
2026-02-10 19:30:00,0.01258,0.01276,0.01257,0.01271,15317177
2026-02-10 19:45:00,0.01271,0.01277,0.0127,0.01276,8157036
2026-02-10 20:00:00,0.01276,0.01278,0.01269,0.01277,9933678
2026-02-10 20:15:00,0.01276,0.0129,0.01276,0.01285,19203563
2026-02-10 20:30:00,0.01284,0.01292,0.01278,0.0129,15930778
2026-02-10 20:45:00,0.0129,0.01292,0.01285,0.01286,7854154
2026-02-10 21:00:00,0.01285,0.01289,0.01277,0.01279,11787796
2026-02-10 21:15:00,0.01278,0.01282,0.01274,0.01275,9329504
2026-02-10 21:30:00,0.01274,0.01283,0.01269,0.0128,17816435
2026-02-10 21:45:00,0.0128,0.01288,0.01276,0.01278,16854957
2026-02-10 22:00:00,0.01278,0.0128,0.01273,0.01273,9757901
2026-02-10 22:15:00,0.01274,0.01275,0.01266,0.01273,10255450
2026-02-10 22:30:00,0.01274,0.01295,0.01273,0.01295,15631666
2026-02-10 22:45:00,0.01295,0.01296,0.0128,0.01286,7130480
2026-02-10 23:00:00,0.01285,0.01291,0.0128,0.01289,11061710
2026-02-10 23:15:00,0.01289,0.01291,0.01284,0.01284,6388707
2026-02-10 23:30:00,0.01285,0.01285,0.01277,0.01281,12022968
2026-02-10 23:45:00,0.01282,0.01285,0.01276,0.01277,9101384
2026-02-11 00:00:00,0.01277,0.01288,0.01274,0.01283,11766651
2026-02-11 00:15:00,0.01284,0.01289,0.01279,0.01288,11196973
2026-02-11 00:30:00,0.01287,0.0129,0.01277,0.0128,6713319
2026-02-11 00:45:00,0.0128,0.01292,0.01279,0.01291,7086478
2026-02-11 01:00:00,0.01291,0.01306,0.01285,0.01299,41754004
2026-02-11 01:15:00,0.01298,0.01301,0.01292,0.01294,8856879
2026-02-11 01:30:00,0.01294,0.01298,0.0129,0.01295,14540394
2026-02-11 01:45:00,0.01295,0.01297,0.01289,0.01293,3509078
2026-02-11 02:00:00,0.01293,0.01305,0.01293,0.01304,11116993
2026-02-11 02:15:00,0.01304,0.01315,0.01303,0.01311,12549582
2026-02-11 02:30:00,0.01311,0.0136,0.01308,0.01341,89689139
2026-02-11 02:45:00,0.01341,0.01342,0.01323,0.01324,23670408
2026-02-11 03:00:00,0.01325,0.01331,0.01313,0.01316,25983774
2026-02-11 03:15:00,0.01316,0.01317,0.01298,0.01306,25031937
2026-02-11 03:30:00,0.01306,0.0131,0.01302,0.01304,7338738
2026-02-11 03:45:00,0.01303,0.01304,0.01294,0.013,10367169
2026-02-11 04:00:00,0.013,0.01312,0.01299,0.01304,12319322
2026-02-11 04:15:00,0.01304,0.01309,0.01297,0.01302,17308474
2026-02-11 04:30:00,0.01303,0.01307,0.01293,0.01297,12077369
2026-02-11 04:45:00,0.01296,0.01304,0.01294,0.01295,9303250
2026-02-11 05:00:00,0.01296,0.01308,0.01294,0.01295,13175767
2026-02-11 05:15:00,0.01296,0.013,0.01282,0.01284,21534851
2026-02-11 05:30:00,0.01284,0.01288,0.01276,0.01278,14200209
2026-02-11 05:45:00,0.01279,0.01285,0.01276,0.01279,9246434
2026-02-11 06:00:00,0.01279,0.01282,0.01267,0.01268,17040990
2026-02-11 06:15:00,0.01268,0.0127,0.0126,0.01269,18762271
2026-02-11 06:30:00,0.01268,0.01271,0.01251,0.01253,21182862
2026-02-11 06:45:00,0.01254,0.01254,0.01245,0.01253,20482217
2026-02-11 07:00:00,0.01253,0.01254,0.01238,0.01244,29230452
2026-02-11 07:15:00,0.01244,0.01252,0.01242,0.01251,9495109
2026-02-11 07:30:00,0.01251,0.0127,0.0125,0.01269,18065002
2026-02-11 07:45:00,0.01269,0.01274,0.01265,0.01266,11792690
2026-02-11 08:00:00,0.01266,0.0127,0.01262,0.01266,13532869
2026-02-11 08:15:00,0.01265,0.01265,0.01253,0.01262,10532196
2026-02-11 08:30:00,0.01262,0.01267,0.01259,0.01261,11663854
2026-02-11 08:45:00,0.01261,0.01266,0.0125,0.01258,21027538
2026-02-11 09:00:00,0.01258,0.01266,0.01253,0.01259,13202812
2026-02-11 09:15:00,0.01259,0.01271,0.01254,0.01268,11179520
2026-02-11 09:30:00,0.01268,0.01275,0.01263,0.01264,10489002
2026-02-11 09:45:00,0.01265,0.01285,0.01258,0.01285,16596164
2026-02-11 10:00:00,0.01285,0.01285,0.0127,0.01273,20602601
2026-02-11 10:15:00,0.01273,0.01278,0.01268,0.01273,7036762
2026-02-11 10:30:00,0.01273,0.01274,0.01256,0.01257,9894024
2026-02-11 10:45:00,0.01258,0.01261,0.01247,0.01255,14794801
2026-02-11 11:00:00,0.01255,0.01258,0.01249,0.01249,8671424
2026-02-11 11:15:00,0.01249,0.01261,0.01249,0.0126,8685650
2026-02-11 11:30:00,0.0126,0.0127,0.01258,0.01267,7738228
2026-02-11 11:45:00,0.01267,0.01277,0.01266,0.01274,5485417
2026-02-11 12:00:00,0.01274,0.01279,0.01268,0.01271,11684917
2026-02-11 12:15:00,0.0127,0.01283,0.0127,0.01279,6167615
2026-02-11 12:30:00,0.01279,0.01281,0.01274,0.01274,9391151
2026-02-11 12:45:00,0.01275,0.01281,0.01268,0.01281,7492611
2026-02-11 13:00:00,0.01281,0.01294,0.0128,0.01288,20455732
2026-02-11 13:15:00,0.01288,0.01294,0.01283,0.01286,10986185
2026-02-11 13:30:00,0.01286,0.01303,0.01285,0.01288,24091825
2026-02-11 13:45:00,0.01288,0.01298,0.01282,0.01297,18803599
2026-02-11 14:00:00,0.01297,0.01304,0.01289,0.01299,28949292
2026-02-11 14:15:00,0.013,0.01308,0.01291,0.01294,21535106
2026-02-11 14:30:00,0.01294,0.01299,0.01279,0.01286,21409697
2026-02-11 14:45:00,0.01286,0.0129,0.01273,0.01276,16803256
2026-02-11 15:00:00,0.01275,0.01286,0.01254,0.01261,36764032
2026-02-11 15:15:00,0.01261,0.01275,0.01253,0.01267,21372971
2026-02-11 15:30:00,0.01267,0.01278,0.01266,0.01272,16019109
2026-02-11 15:45:00,0.01272,0.01275,0.01262,0.01268,14250889
2026-02-11 16:00:00,0.01269,0.01272,0.01263,0.0127,15177818
2026-02-11 16:15:00,0.01271,0.01284,0.01265,0.01265,20427418
2026-02-11 16:30:00,0.01265,0.0127,0.0125,0.01253,13486963
2026-02-11 16:45:00,0.01252,0.01257,0.01242,0.01246,14050571
2026-02-11 17:00:00,0.01246,0.01255,0.01238,0.01248,18261437
2026-02-11 17:15:00,0.01248,0.0127,0.01246,0.01268,13976690
2026-02-11 17:30:00,0.01269,0.01282,0.01268,0.01271,14598009
2026-02-11 17:45:00,0.0127,0.01274,0.01263,0.01264,6796904
2026-02-11 18:00:00,0.01265,0.01268,0.01258,0.01267,7504037
2026-02-11 18:15:00,0.01268,0.01287,0.01268,0.01285,12768442
2026-02-11 18:30:00,0.01285,0.01287,0.0127,0.0128,12327221
2026-02-11 18:45:00,0.0128,0.01284,0.01276,0.01281,12700791
2026-02-11 19:00:00,0.01281,0.01306,0.01278,0.01302,17979248
2026-02-11 19:15:00,0.01302,0.01305,0.01288,0.0129,18013316
2026-02-11 19:30:00,0.0129,0.01304,0.0129,0.01298,19135303
2026-02-11 19:45:00,0.01298,0.01298,0.01284,0.0129,6447651
2026-02-11 20:00:00,0.01289,0.01301,0.01288,0.01296,11800980
2026-02-11 20:15:00,0.01295,0.01296,0.01277,0.01282,9971998
2026-02-11 20:30:00,0.01282,0.01287,0.0128,0.01285,5882539
2026-02-11 20:45:00,0.01286,0.01295,0.01284,0.01286,10350671
2026-02-11 21:00:00,0.01287,0.01291,0.01285,0.01287,6263584
2026-02-11 21:15:00,0.01286,0.01293,0.01278,0.0129,11197417
2026-02-11 21:30:00,0.01291,0.01293,0.0128,0.01283,7436530
2026-02-11 21:45:00,0.01283,0.01288,0.01281,0.01281,3399906
2026-02-11 22:00:00,0.01282,0.01286,0.01278,0.01284,9748804
2026-02-11 22:15:00,0.01283,0.01287,0.01271,0.01276,9899425
2026-02-11 22:30:00,0.01275,0.01278,0.01268,0.01269,6521148
2026-02-11 22:45:00,0.01269,0.0127,0.01263,0.01264,10836139
2026-02-11 23:00:00,0.01265,0.01267,0.01257,0.01264,14356080
2026-02-11 23:15:00,0.01263,0.01264,0.0124,0.01246,24421999
2026-02-11 23:30:00,0.01246,0.01251,0.0124,0.01249,13236086
2026-02-11 23:45:00,0.0125,0.0125,0.01242,0.01246,9013160
2026-02-12 00:00:00,0.01247,0.01259,0.01246,0.01256,16230594
2026-02-12 00:15:00,0.01256,0.01263,0.01254,0.01257,9434871
2026-02-12 00:30:00,0.01257,0.01267,0.01255,0.01266,10148872
2026-02-12 00:45:00,0.01266,0.01267,0.01257,0.01257,6738637
2026-02-12 01:00:00,0.01258,0.01267,0.01257,0.01267,10339835
2026-02-12 01:15:00,0.01267,0.01273,0.01265,0.01272,5822180
2026-02-12 01:30:00,0.01272,0.01282,0.0127,0.01277,10052056
2026-02-12 01:45:00,0.01277,0.01279,0.0127,0.01271,8001641
2026-02-12 02:00:00,0.01272,0.01273,0.01265,0.01267,7792537
2026-02-12 02:15:00,0.01268,0.01271,0.01266,0.01271,3656574
2026-02-12 02:30:00,0.0127,0.01282,0.0127,0.01281,6719383
2026-02-12 02:45:00,0.01282,0.01284,0.01276,0.01277,3981409
2026-02-12 03:00:00,0.01278,0.01283,0.01276,0.01277,7185256
2026-02-12 03:15:00,0.01277,0.01277,0.01271,0.01275,5489217
2026-02-12 03:30:00,0.01275,0.01289,0.01275,0.01284,5620800
2026-02-12 03:45:00,0.01285,0.01292,0.0128,0.01285,9938997
2026-02-12 04:00:00,0.01285,0.01285,0.01278,0.01279,7118341
2026-02-12 04:15:00,0.01279,0.01281,0.01273,0.0128,5081463
2026-02-12 04:30:00,0.01281,0.01286,0.01279,0.01285,5995266
2026-02-12 04:45:00,0.01285,0.01286,0.01275,0.01276,2744922
2026-02-12 05:00:00,0.01276,0.01277,0.01264,0.01264,8555520
2026-02-12 05:15:00,0.01264,0.01268,0.01259,0.01266,7183151
2026-02-12 05:30:00,0.01266,0.0127,0.01261,0.01265,6996005
2026-02-12 05:45:00,0.01265,0.01269,0.01259,0.01266,5642505
2026-02-12 06:00:00,0.01267,0.0127,0.01256,0.01262,11238868
2026-02-12 06:15:00,0.01263,0.01271,0.01261,0.01268,6243226
2026-02-12 06:30:00,0.01269,0.01287,0.01268,0.01285,19251035
2026-02-12 06:45:00,0.01285,0.01292,0.01275,0.01289,15859670
2026-02-12 07:00:00,0.01289,0.01301,0.01286,0.01297,25367862
2026-02-12 07:15:00,0.01297,0.01303,0.0129,0.01302,16060466
2026-02-12 07:30:00,0.01302,0.01308,0.01293,0.01297,21149614
2026-02-12 07:45:00,0.01296,0.0132,0.0129,0.01308,58602464
2026-02-12 08:00:00,0.01308,0.01311,0.01293,0.01297,25593200
2026-02-12 08:15:00,0.01297,0.01299,0.01266,0.01268,46924432
2026-02-12 08:30:00,0.01267,0.01267,0.01254,0.01264,44527068
2026-02-12 08:45:00,0.01264,0.0127,0.01261,0.01268,13440461
2026-02-12 09:00:00,0.01268,0.01273,0.01261,0.0127,16435479
2026-02-12 09:15:00,0.01271,0.01287,0.0127,0.0128,22029077
2026-02-12 09:30:00,0.01279,0.01292,0.01279,0.0129,15406443
2026-02-12 09:45:00,0.0129,0.01296,0.01286,0.01295,15294459
2026-02-12 10:00:00,0.01296,0.01299,0.01286,0.01293,15668925
2026-02-12 10:15:00,0.01293,0.01294,0.01283,0.01289,8651604
2026-02-12 10:30:00,0.01289,0.01294,0.01286,0.01293,13920747
2026-02-12 10:45:00,0.01293,0.013,0.01289,0.01296,12066108
2026-02-12 11:00:00,0.01297,0.01299,0.01291,0.01292,9636361
2026-02-12 11:15:00,0.01293,0.01307,0.01291,0.01306,9552235
2026-02-12 11:30:00,0.01306,0.01313,0.01299,0.01302,12625374
2026-02-12 11:45:00,0.01301,0.01307,0.013,0.01301,8888360
2026-02-12 12:00:00,0.01301,0.01302,0.01277,0.01284,23094802
2026-02-12 12:15:00,0.01284,0.01286,0.01274,0.01278,6840146
2026-02-12 12:30:00,0.01278,0.01284,0.01276,0.0128,13338289
2026-02-12 12:45:00,0.0128,0.01289,0.01277,0.01283,10958268
2026-02-12 13:00:00,0.01283,0.01285,0.01274,0.01278,16199790
2026-02-12 13:15:00,0.01278,0.01286,0.01277,0.01279,10471308
2026-02-12 13:30:00,0.0128,0.0129,0.01279,0.01283,12457869
2026-02-12 13:45:00,0.01283,0.01286,0.01279,0.01286,5703007
2026-02-12 14:00:00,0.01285,0.01286,0.01272,0.01273,7815892
2026-02-12 14:15:00,0.01273,0.01278,0.01268,0.01275,8467891
2026-02-12 14:30:00,0.01275,0.01289,0.01274,0.01281,11205160
2026-02-12 14:45:00,0.01282,0.01299,0.01279,0.01297,17807138
2026-02-12 15:00:00,0.01297,0.01311,0.0129,0.01302,28667761
2026-02-12 15:15:00,0.01302,0.01332,0.01297,0.01319,49148739
2026-02-12 15:30:00,0.01318,0.01324,0.01293,0.01301,24857152
2026-02-12 15:45:00,0.01301,0.01306,0.01296,0.01303,9135476
2026-02-12 16:00:00,0.01302,0.01303,0.01267,0.01272,62233845
2026-02-12 16:15:00,0.01272,0.01283,0.01255,0.01257,31366868
2026-02-12 16:30:00,0.01257,0.01266,0.01242,0.0126,35378137
2026-02-12 16:45:00,0.0126,0.01262,0.01245,0.01253,22186865
2026-02-12 17:00:00,0.01253,0.01257,0.01244,0.01252,16653122
2026-02-12 17:15:00,0.01252,0.01268,0.0125,0.01266,9279119
2026-02-12 17:30:00,0.01265,0.01278,0.01263,0.0127,14236572
2026-02-12 17:45:00,0.0127,0.01271,0.01261,0.01263,8741120
2026-02-12 18:00:00,0.01263,0.01278,0.01262,0.01275,9244377
2026-02-12 18:15:00,0.01274,0.01275,0.01257,0.01259,7929104
2026-02-12 18:30:00,0.01259,0.01262,0.0125,0.01257,8615153
2026-02-12 18:45:00,0.01258,0.01263,0.01252,0.01254,8884457
2026-02-12 19:00:00,0.01255,0.01268,0.01253,0.01266,9685623
2026-02-12 19:15:00,0.01267,0.01286,0.01266,0.01282,12508097
2026-02-12 19:30:00,0.01281,0.01294,0.01279,0.0128,16018798
2026-02-12 19:45:00,0.01281,0.01284,0.01272,0.01272,5528911
2026-02-12 20:00:00,0.01273,0.01277,0.01261,0.01264,9401219
2026-02-12 20:15:00,0.01265,0.01274,0.01263,0.01264,8216624
2026-02-12 20:30:00,0.01264,0.01265,0.01248,0.01249,14890686
2026-02-12 20:45:00,0.0125,0.01251,0.01245,0.0125,12511911
2026-02-12 21:00:00,0.0125,0.01265,0.01249,0.01261,15808697
2026-02-12 21:15:00,0.01261,0.01265,0.01254,0.01256,4713277
2026-02-12 21:30:00,0.01257,0.01268,0.01257,0.01265,6710122
2026-02-12 21:45:00,0.01265,0.01267,0.01259,0.0126,4028807
2026-02-12 22:00:00,0.0126,0.01266,0.01257,0.01261,8429689
2026-02-12 22:15:00,0.0126,0.0126,0.01251,0.0126,6983321
2026-02-12 22:30:00,0.0126,0.01263,0.01253,0.01261,11263622
2026-02-12 22:45:00,0.01262,0.01275,0.01261,0.01273,6573417
2026-02-12 23:00:00,0.01274,0.01285,0.01273,0.01281,8531697
2026-02-12 23:15:00,0.01281,0.01283,0.01274,0.01278,6870975
2026-02-12 23:30:00,0.01278,0.01279,0.0127,0.01274,5759393
2026-02-12 23:45:00,0.01274,0.01279,0.01272,0.01277,6389142
2026-02-13 00:00:00,0.01277,0.01285,0.01273,0.01285,13060039
2026-02-13 00:15:00,0.01285,0.01286,0.01275,0.01276,6722072
2026-02-13 00:30:00,0.01277,0.01277,0.01265,0.01265,6421723
2026-02-13 00:45:00,0.01265,0.01273,0.01261,0.01272,4533528
2026-02-13 01:00:00,0.01271,0.01279,0.01269,0.01275,4649985
2026-02-13 01:15:00,0.01274,0.01276,0.01267,0.01268,3402291
2026-02-13 01:30:00,0.01269,0.01273,0.01265,0.01271,8388033
2026-02-13 01:45:00,0.01271,0.01274,0.01261,0.01267,11517868
2026-02-13 02:00:00,0.01266,0.01271,0.01263,0.01267,7974253
2026-02-13 02:15:00,0.01266,0.01268,0.01256,0.01258,10152312
2026-02-13 02:30:00,0.01257,0.01259,0.01251,0.01257,13440771
2026-02-13 02:45:00,0.01257,0.01263,0.01256,0.01258,4613710
2026-02-13 03:00:00,0.01258,0.01261,0.01253,0.01253,6192769
2026-02-13 03:15:00,0.01254,0.01264,0.01252,0.01262,6153017
2026-02-13 03:30:00,0.01262,0.01268,0.0126,0.01266,7293784
2026-02-13 03:45:00,0.01265,0.01267,0.01256,0.01258,5626703
2026-02-13 04:00:00,0.01258,0.01259,0.01247,0.01249,11137369
2026-02-13 04:15:00,0.01248,0.01255,0.01246,0.01247,7455102
2026-02-13 04:30:00,0.01246,0.01247,0.01239,0.01241,16919114
2026-02-13 04:45:00,0.0124,0.01247,0.0124,0.01241,4697963
2026-02-13 05:00:00,0.01241,0.01245,0.01227,0.01235,27399151
2026-02-13 05:15:00,0.01235,0.0124,0.01225,0.01228,14152095
2026-02-13 05:30:00,0.01228,0.01234,0.01222,0.01231,11373062
2026-02-13 05:45:00,0.0123,0.01231,0.01223,0.01224,11554035
2026-02-13 06:00:00,0.01224,0.01235,0.01224,0.0123,11545188
2026-02-13 06:15:00,0.01229,0.01232,0.01221,0.01224,6994046
2026-02-13 06:30:00,0.01224,0.01225,0.01211,0.01224,17855157
2026-02-13 06:45:00,0.01224,0.01239,0.01223,0.01238,9254930
2026-02-13 07:00:00,0.01238,0.01246,0.01235,0.01246,11314415
2026-02-13 07:15:00,0.01245,0.01247,0.01242,0.01245,6963032
2026-02-13 07:30:00,0.01244,0.01245,0.01238,0.0124,6115996
2026-02-13 07:45:00,0.01241,0.01242,0.01233,0.01236,6359696
2026-02-13 08:00:00,0.01236,0.01237,0.01229,0.01233,7660172
2026-02-13 08:15:00,0.01233,0.0124,0.01228,0.01239,6134136
2026-02-13 08:30:00,0.0124,0.01255,0.0124,0.01253,16194462
2026-02-13 08:45:00,0.01252,0.01257,0.01247,0.01251,14373084
2026-02-13 09:00:00,0.01251,0.01252,0.01242,0.01244,8521173
2026-02-13 09:15:00,0.01243,0.01246,0.0124,0.01246,4867447
2026-02-13 09:30:00,0.01245,0.01247,0.01237,0.01241,9080249
2026-02-13 09:45:00,0.01241,0.01251,0.01241,0.01251,5342043
2026-02-13 10:00:00,0.01251,0.01251,0.01246,0.01248,8747864
2026-02-13 10:15:00,0.01247,0.0125,0.01245,0.01247,3808184
2026-02-13 10:30:00,0.01246,0.01251,0.01246,0.0125,2513835
2026-02-13 10:45:00,0.01249,0.01253,0.01246,0.01246,3358006
2026-02-13 11:00:00,0.01246,0.01249,0.01238,0.01238,12413848
2026-02-13 11:15:00,0.01238,0.01242,0.01235,0.01239,5096056
2026-02-13 11:30:00,0.0124,0.0124,0.01232,0.01235,7616077
2026-02-13 11:45:00,0.01235,0.01236,0.01231,0.01232,4494407
2026-02-13 12:00:00,0.01232,0.01233,0.01224,0.01225,11078835
2026-02-13 12:15:00,0.01225,0.01232,0.01224,0.01231,7765645
2026-02-13 12:30:00,0.01231,0.01231,0.01226,0.01227,5634865
2026-02-13 12:45:00,0.01227,0.01233,0.01226,0.01229,5272197
2026-02-13 13:00:00,0.01229,0.01235,0.01224,0.01228,16599014
2026-02-13 13:15:00,0.01228,0.0124,0.01228,0.01239,10578344
2026-02-13 13:30:00,0.01239,0.01246,0.01236,0.01239,17321906
2026-02-13 13:45:00,0.0124,0.01246,0.01233,0.01244,9872092
2026-02-13 14:00:00,0.01244,0.01244,0.01234,0.01236,10275027
2026-02-13 14:15:00,0.01236,0.01248,0.01236,0.01247,7407997
2026-02-13 14:30:00,0.01247,0.01259,0.01237,0.01247,23674479
2026-02-13 14:45:00,0.01248,0.01259,0.01247,0.01251,15106460
2026-02-13 15:00:00,0.01251,0.01284,0.01251,0.01279,33504893
2026-02-13 15:15:00,0.01279,0.01284,0.01268,0.01279,24482649
2026-02-13 15:30:00,0.0128,0.01284,0.01269,0.0127,19372184
2026-02-13 15:45:00,0.0127,0.01276,0.01253,0.0127,50207833
2026-02-13 16:00:00,0.0127,0.0128,0.01266,0.01271,20097247
2026-02-13 16:15:00,0.01272,0.01275,0.0126,0.01274,30528457
2026-02-13 16:30:00,0.01274,0.01284,0.01272,0.01282,15696026
2026-02-13 16:45:00,0.01282,0.01309,0.01278,0.01297,49733661
2026-02-13 17:00:00,0.01298,0.01306,0.01288,0.01294,31469775
2026-02-13 17:15:00,0.01294,0.013,0.01286,0.01294,31066655
2026-02-13 17:30:00,0.01294,0.013,0.01292,0.01295,12366177
2026-02-13 17:45:00,0.01294,0.01297,0.01287,0.01287,8543166
2026-02-13 18:00:00,0.01287,0.01289,0.01276,0.01277,21373069
2026-02-13 18:15:00,0.01276,0.01285,0.01274,0.01282,6969611
2026-02-13 18:30:00,0.01282,0.01288,0.01279,0.0128,8128586
2026-02-13 18:45:00,0.0128,0.01285,0.01275,0.01279,11167181
2026-02-13 19:00:00,0.01278,0.01281,0.01276,0.01278,8295516
2026-02-13 19:15:00,0.01278,0.01278,0.01268,0.01268,8654545
2026-02-13 19:30:00,0.01268,0.01276,0.01266,0.01268,15280402
2026-02-13 19:45:00,0.01269,0.01276,0.01269,0.01273,4914349
2026-02-13 20:00:00,0.01273,0.01279,0.01271,0.01275,5497940
2026-02-13 20:15:00,0.01276,0.0128,0.01275,0.01276,4292894
2026-02-13 20:30:00,0.01276,0.01278,0.01269,0.01273,7542969
2026-02-13 20:45:00,0.01272,0.01276,0.01271,0.01275,3961011
2026-02-13 21:00:00,0.01274,0.01283,0.01273,0.01283,8902374
2026-02-13 21:15:00,0.01283,0.01285,0.01272,0.01272,11549032
2026-02-13 21:30:00,0.01272,0.01274,0.01269,0.01272,5092138
2026-02-13 21:45:00,0.01272,0.01275,0.01269,0.01271,5101251
2026-02-13 22:00:00,0.01271,0.0128,0.0127,0.0127,5834485
2026-02-13 22:15:00,0.0127,0.01275,0.01269,0.0127,3295275
2026-02-13 22:30:00,0.01271,0.01273,0.01257,0.01268,20565127
2026-02-13 22:45:00,0.01268,0.01271,0.01265,0.01268,6698875
2026-02-13 23:00:00,0.01268,0.01269,0.0126,0.01261,7463012
2026-02-13 23:15:00,0.01261,0.01265,0.01255,0.01255,7811697
2026-02-13 23:30:00,0.01256,0.01259,0.01246,0.01247,16075915
2026-02-13 23:45:00,0.01247,0.0125,0.01241,0.01241,12576630
2026-02-14 00:00:00,0.01241,0.01247,0.01237,0.01247,20894370
2026-02-14 00:15:00,0.01248,0.0125,0.0124,0.01244,9479218
2026-02-14 00:30:00,0.01244,0.0125,0.01242,0.01249,6862937
2026-02-14 00:45:00,0.01249,0.01258,0.01248,0.01255,13046168
2026-02-14 01:00:00,0.01255,0.01262,0.01253,0.01257,11180391
2026-02-14 01:15:00,0.01257,0.01258,0.01252,0.01256,4443166
2026-02-14 01:30:00,0.01257,0.01257,0.01248,0.01248,3811847
2026-02-14 01:45:00,0.01248,0.01254,0.01247,0.01251,3659612
2026-02-14 02:00:00,0.01252,0.01256,0.01248,0.01253,12144806
2026-02-14 02:15:00,0.01252,0.01254,0.0125,0.0125,4071851
2026-02-14 02:30:00,0.01251,0.01252,0.01242,0.01245,7533929
2026-02-14 02:45:00,0.01245,0.01246,0.0124,0.01243,4937378
2026-02-14 03:00:00,0.01242,0.0125,0.01242,0.01246,7274535
2026-02-14 03:15:00,0.01245,0.01246,0.01236,0.0124,11203670
2026-02-14 03:30:00,0.0124,0.0125,0.0124,0.01248,6153071
2026-02-14 03:45:00,0.01248,0.01248,0.01243,0.01246,4844302
2026-02-14 04:00:00,0.01246,0.01247,0.0124,0.01243,5824719
2026-02-14 04:15:00,0.01243,0.01247,0.01239,0.01247,3895171
2026-02-14 04:30:00,0.01248,0.0125,0.01244,0.01249,6355243
2026-02-14 04:45:00,0.01249,0.0125,0.01243,0.01245,5504521
2026-02-14 05:00:00,0.01245,0.01247,0.0124,0.01246,4483927
2026-02-14 05:15:00,0.01246,0.01256,0.01246,0.01251,14421742
2026-02-14 05:30:00,0.01252,0.01256,0.01251,0.01254,5216108
2026-02-14 05:45:00,0.01254,0.01255,0.01244,0.01247,10986516
2026-02-14 06:00:00,0.01247,0.01247,0.01237,0.01242,14023492
2026-02-14 06:15:00,0.01241,0.01247,0.01237,0.0124,8012557
2026-02-14 06:30:00,0.01241,0.01247,0.01239,0.01244,13805143
2026-02-14 06:45:00,0.01245,0.0125,0.01242,0.01249,5438330
2026-02-14 07:00:00,0.01248,0.01255,0.01246,0.01251,5054732
2026-02-14 07:15:00,0.01251,0.01254,0.01246,0.01253,3243887
2026-02-14 07:30:00,0.01253,0.01266,0.01251,0.01262,16711626
2026-02-14 07:45:00,0.01261,0.01269,0.0125,0.01264,26219126
2026-02-14 08:00:00,0.01263,0.01267,0.01256,0.01258,20159436
2026-02-14 08:15:00,0.01259,0.01261,0.01255,0.01258,7130481
2026-02-14 08:30:00,0.01259,0.01262,0.01256,0.0126,6817238
2026-02-14 08:45:00,0.01261,0.01275,0.01257,0.01274,10249792
2026-02-14 09:00:00,0.01273,0.01285,0.01272,0.01279,20008894
2026-02-14 09:15:00,0.01279,0.01281,0.01269,0.01272,8464329
2026-02-14 09:30:00,0.01273,0.01276,0.01264,0.01268,8237793
2026-02-14 09:45:00,0.01268,0.01278,0.01268,0.0127,10352318
2026-02-14 10:00:00,0.0127,0.0127,0.01262,0.01268,7823997
2026-02-14 10:15:00,0.01267,0.01282,0.01266,0.01278,14316174
2026-02-14 10:30:00,0.01278,0.01283,0.01271,0.01283,10479386
2026-02-14 10:45:00,0.01283,0.01284,0.01277,0.01279,4252155
2026-02-14 11:00:00,0.01279,0.01284,0.01276,0.01278,14850873
2026-02-14 11:15:00,0.01278,0.01287,0.01274,0.0128,12389004
2026-02-14 11:30:00,0.01281,0.01282,0.01271,0.01281,36042759
2026-02-14 11:45:00,0.01282,0.01292,0.01277,0.01283,40274348
2026-02-14 12:00:00,0.01282,0.01311,0.01282,0.01303,48206462
2026-02-14 12:15:00,0.01303,0.01304,0.01295,0.01299,14404352
2026-02-14 12:30:00,0.01298,0.01302,0.01291,0.01296,13505491
2026-02-14 12:45:00,0.01297,0.01301,0.01287,0.01287,13743704
2026-02-14 13:00:00,0.01288,0.01294,0.01281,0.01282,13122031
2026-02-14 13:15:00,0.01282,0.01284,0.0126,0.01263,37237298
2026-02-14 13:30:00,0.01263,0.01272,0.01262,0.0127,13326478
2026-02-14 13:45:00,0.0127,0.01275,0.01264,0.01269,7427684
2026-02-14 14:00:00,0.01269,0.01274,0.01266,0.01273,9390159
2026-02-14 14:15:00,0.01274,0.01279,0.01273,0.01275,7125009
2026-02-14 14:30:00,0.01275,0.0129,0.01275,0.01285,10450218
2026-02-14 14:45:00,0.01285,0.01305,0.01285,0.01302,10922588
2026-02-14 15:00:00,0.01302,0.01353,0.013,0.01333,100213245
2026-02-14 15:15:00,0.01333,0.01341,0.01326,0.01328,44943892
2026-02-14 15:30:00,0.01329,0.01333,0.01313,0.01324,36380045
2026-02-14 15:45:00,0.01323,0.01327,0.01308,0.01316,30203494
2026-02-14 16:00:00,0.01316,0.01318,0.01301,0.01305,36018082
2026-02-14 16:15:00,0.01305,0.01308,0.01296,0.01298,18299481
2026-02-14 16:30:00,0.01298,0.01308,0.01293,0.01307,12497376
2026-02-14 16:45:00,0.01307,0.01322,0.01304,0.01318,13159047
2026-02-14 17:00:00,0.01318,0.01323,0.01311,0.01321,20771327
2026-02-14 17:15:00,0.0132,0.01333,0.01318,0.01327,10963426
2026-02-14 17:30:00,0.01327,0.01347,0.01322,0.0133,37234280
2026-02-14 17:45:00,0.01329,0.01329,0.01312,0.01314,14945328
2026-02-14 18:00:00,0.01315,0.0132,0.01313,0.01318,6636478
2026-02-14 18:15:00,0.01317,0.01324,0.01315,0.01318,8853878
2026-02-14 18:30:00,0.01317,0.01351,0.01316,0.01338,36259886
2026-02-14 18:45:00,0.01338,0.01341,0.01329,0.01331,7566435
2026-02-14 19:00:00,0.01332,0.01339,0.01329,0.01334,8224447
2026-02-14 19:15:00,0.01335,0.01341,0.01329,0.01339,8092065
2026-02-14 19:30:00,0.01339,0.01343,0.01333,0.01336,8075712
2026-02-14 19:45:00,0.01335,0.01344,0.01331,0.01337,10682671
2026-02-14 20:00:00,0.01338,0.01338,0.01319,0.01324,18944324
2026-02-14 20:15:00,0.01323,0.01326,0.01315,0.01315,7839315
2026-02-14 20:30:00,0.01315,0.01317,0.01308,0.01311,8141471
2026-02-14 20:45:00,0.01312,0.01322,0.01311,0.01321,5559383
2026-02-14 21:00:00,0.01322,0.01344,0.01321,0.0134,23721190
2026-02-14 21:15:00,0.01339,0.01345,0.01327,0.01329,10215016
2026-02-14 21:30:00,0.01329,0.01331,0.01318,0.01326,12010107
2026-02-14 21:45:00,0.01326,0.01342,0.01326,0.01339,10757007
2026-02-14 22:00:00,0.01339,0.01352,0.01335,0.01349,11392434
2026-02-14 22:15:00,0.01349,0.01351,0.01335,0.01337,8955133
2026-02-14 22:30:00,0.01337,0.01346,0.01336,0.0134,6140755
2026-02-14 22:45:00,0.0134,0.01343,0.01333,0.01336,4928204
2026-02-14 23:00:00,0.01334,0.0134,0.01331,0.0134,7356814
2026-02-14 23:15:00,0.0134,0.01341,0.01328,0.0133,11135363
2026-02-14 23:30:00,0.0133,0.01333,0.01324,0.01332,9409962
2026-02-14 23:45:00,0.01333,0.01334,0.0133,0.01331,5116787
2026-02-15 00:00:00,0.0133,0.01336,0.01324,0.01327,18323988
2026-02-15 00:15:00,0.01327,0.01333,0.01318,0.01321,11895043
2026-02-15 00:30:00,0.01321,0.01334,0.01318,0.01326,9161551
2026-02-15 00:45:00,0.01326,0.01341,0.01321,0.0134,7202240
2026-02-15 01:00:00,0.01339,0.01343,0.01335,0.01339,11320122
2026-02-15 01:15:00,0.01339,0.01341,0.01318,0.01321,10730822
2026-02-15 01:30:00,0.0132,0.01331,0.0132,0.01326,7267085
2026-02-15 01:45:00,0.01326,0.01331,0.01323,0.0133,10206478
2026-02-15 02:00:00,0.0133,0.01335,0.01324,0.01327,8853820
2026-02-15 02:15:00,0.01326,0.01328,0.0132,0.01323,4488802
2026-02-15 02:30:00,0.01323,0.01328,0.01313,0.01326,8637353
2026-02-15 02:45:00,0.01327,0.01332,0.01326,0.01331,3592946
2026-02-15 03:00:00,0.0133,0.01342,0.0133,0.01332,12515087
2026-02-15 03:15:00,0.01332,0.01347,0.01328,0.01329,15873063
2026-02-15 03:30:00,0.01328,0.01328,0.01304,0.01311,24231701
2026-02-15 03:45:00,0.01311,0.01331,0.01311,0.0133,9375044
2026-02-15 04:00:00,0.0133,0.01347,0.0133,0.01339,16902678
2026-02-15 04:15:00,0.0134,0.01343,0.01324,0.01324,7153694
2026-02-15 04:30:00,0.01325,0.01333,0.01324,0.01331,5051565
2026-02-15 04:45:00,0.0133,0.0133,0.01321,0.01322,5236399
2026-02-15 05:00:00,0.01322,0.01326,0.0132,0.01321,3974159
2026-02-15 05:15:00,0.01322,0.01326,0.01321,0.01325,4212877
2026-02-15 05:30:00,0.01324,0.01331,0.01321,0.01329,6053506
2026-02-15 05:45:00,0.0133,0.01334,0.01324,0.01325,6405349
2026-02-15 06:00:00,0.01325,0.01335,0.01324,0.01335,6523077
2026-02-15 06:15:00,0.01335,0.01342,0.01329,0.0133,6932575
2026-02-15 06:30:00,0.01331,0.01333,0.01325,0.01325,3985069
2026-02-15 06:45:00,0.01325,0.01332,0.01318,0.01331,7692577
2026-02-15 07:00:00,0.01332,0.01332,0.01324,0.01326,5328918
2026-02-15 07:15:00,0.01325,0.01329,0.01321,0.01324,5564899
2026-02-15 07:30:00,0.01325,0.01332,0.01323,0.0133,4285293
2026-02-15 07:45:00,0.0133,0.01338,0.01328,0.01333,6021117
2026-02-15 08:00:00,0.01334,0.01346,0.0133,0.01346,18084724
2026-02-15 08:15:00,0.01347,0.01348,0.01325,0.01326,19177847
2026-02-15 08:30:00,0.01326,0.01327,0.01303,0.01309,33586918
2026-02-15 08:45:00,0.01308,0.0132,0.01304,0.01319,12575749
2026-02-15 09:00:00,0.01318,0.01326,0.01315,0.01323,7845512
2026-02-15 09:15:00,0.01322,0.01322,0.01315,0.01315,3896776
2026-02-15 09:30:00,0.01316,0.01319,0.01307,0.01318,14261775
2026-02-15 09:45:00,0.01317,0.01319,0.01306,0.0131,7261053
2026-02-15 10:00:00,0.0131,0.01311,0.01292,0.013,22971334
2026-02-15 10:15:00,0.013,0.01307,0.01293,0.01301,8363308
2026-02-15 10:30:00,0.01302,0.01307,0.01296,0.01306,9158996
2026-02-15 10:45:00,0.01305,0.01307,0.01301,0.01305,4845083
2026-02-15 11:00:00,0.01305,0.01313,0.01303,0.01307,4916111
2026-02-15 11:15:00,0.01307,0.0131,0.01303,0.01308,3297206
2026-02-15 11:30:00,0.01308,0.01308,0.01302,0.01307,4362943
2026-02-15 11:45:00,0.01307,0.01309,0.01305,0.01307,3111201
2026-02-15 12:00:00,0.01306,0.01309,0.01296,0.013,9407629
2026-02-15 12:15:00,0.01299,0.01309,0.01297,0.01307,4967863
2026-02-15 12:30:00,0.01307,0.0131,0.01299,0.01304,3989736
2026-02-15 12:45:00,0.01304,0.01305,0.01267,0.01268,55630403
2026-02-15 13:00:00,0.01269,0.01283,0.01269,0.01278,27400092
2026-02-15 13:15:00,0.01278,0.01281,0.01268,0.01268,18017192
2026-02-15 13:30:00,0.01269,0.01272,0.0126,0.01266,30150362
2026-02-15 13:45:00,0.01266,0.01269,0.01252,0.01257,33412182
2026-02-15 14:00:00,0.01256,0.01261,0.01252,0.01257,19012016
2026-02-15 14:15:00,0.01258,0.01266,0.01257,0.01265,9172806
2026-02-15 14:30:00,0.01265,0.01274,0.01263,0.01271,6951139
2026-02-15 14:45:00,0.01271,0.01274,0.01266,0.01269,8044381
2026-02-15 15:00:00,0.01268,0.01273,0.01266,0.01271,6513947
2026-02-15 15:15:00,0.01271,0.01271,0.01263,0.01266,7395170
2026-02-15 15:30:00,0.01265,0.01268,0.01256,0.01259,9575114
2026-02-15 15:45:00,0.0126,0.01263,0.01254,0.01261,11041353
2026-02-15 16:00:00,0.01261,0.01261,0.01251,0.01253,18498175
2026-02-15 16:15:00,0.01253,0.01262,0.01252,0.01262,12463084
2026-02-15 16:30:00,0.01263,0.01263,0.01252,0.01255,5585281
2026-02-15 16:45:00,0.01255,0.01257,0.0125,0.01253,8523427
2026-02-15 17:00:00,0.01253,0.01256,0.01251,0.01253,7851491
2026-02-15 17:15:00,0.01253,0.01253,0.01246,0.01247,8544402
2026-02-15 17:30:00,0.01248,0.01249,0.0124,0.01242,17872607
2026-02-15 17:45:00,0.01242,0.01242,0.01224,0.01237,41068543
2026-02-15 18:00:00,0.01237,0.0124,0.01228,0.01233,22279419
2026-02-15 18:15:00,0.01233,0.01239,0.01232,0.01232,8605262
2026-02-15 18:30:00,0.01232,0.01238,0.01226,0.01237,14122403
2026-02-15 18:45:00,0.01238,0.01238,0.01224,0.01229,22578011
2026-02-15 19:00:00,0.01229,0.01233,0.01219,0.01224,26753861
2026-02-15 19:15:00,0.01225,0.01237,0.01222,0.01235,9326108
2026-02-15 19:30:00,0.01235,0.01235,0.01221,0.01222,9488415
2026-02-15 19:45:00,0.01223,0.01227,0.01214,0.01218,10274841
2026-02-15 20:00:00,0.01218,0.0122,0.01203,0.0122,38846663
2026-02-15 20:15:00,0.01218,0.01229,0.01211,0.01223,27243267
2026-02-15 20:30:00,0.01223,0.01225,0.01217,0.01223,9721980
2026-02-15 20:45:00,0.01222,0.01224,0.01215,0.01219,4390541
2026-02-15 21:00:00,0.01219,0.01229,0.01219,0.01226,7884315
2026-02-15 21:15:00,0.01226,0.01231,0.01224,0.01225,7941859
2026-02-15 21:30:00,0.01226,0.01228,0.01219,0.01224,8943836
2026-02-15 21:45:00,0.01223,0.01228,0.01221,0.01224,4698646
2026-02-15 22:00:00,0.01224,0.01227,0.0122,0.01222,6611950
2026-02-15 22:15:00,0.01223,0.0123,0.01221,0.01228,3362531
2026-02-15 22:30:00,0.01227,0.01231,0.01226,0.01231,3102188
2026-02-15 22:45:00,0.01231,0.01233,0.01227,0.0123,5622168
2026-02-15 23:00:00,0.0123,0.01231,0.01215,0.0122,12141560
2026-02-15 23:15:00,0.01221,0.01227,0.01218,0.01226,4015462
2026-02-15 23:30:00,0.01226,0.01232,0.01225,0.01231,6774509
2026-02-15 23:45:00,0.01231,0.01232,0.01226,0.01226,5969977
2026-02-16 00:00:00,0.01226,0.01236,0.01223,0.01234,16341471
2026-02-16 00:15:00,0.01234,0.01236,0.01225,0.01226,9036776
2026-02-16 00:30:00,0.01226,0.01231,0.01223,0.01226,7231698
2026-02-16 00:45:00,0.01225,0.01232,0.01224,0.01229,5385273
2026-02-16 01:00:00,0.01228,0.0124,0.01227,0.01233,8244735
2026-02-16 01:15:00,0.01233,0.0124,0.01226,0.01231,7366879
2026-02-16 01:30:00,0.01231,0.01235,0.01225,0.01228,7996088
2026-02-16 01:45:00,0.01228,0.01233,0.01228,0.01232,2323403
2026-02-16 02:00:00,0.01231,0.01232,0.01224,0.01229,6603369
2026-02-16 02:15:00,0.0123,0.01232,0.01222,0.01223,4040497
2026-02-16 02:30:00,0.01224,0.01227,0.01217,0.01219,10146216
2026-02-16 02:45:00,0.01218,0.01221,0.01212,0.01216,8828079
2026-02-16 03:00:00,0.01215,0.01219,0.01213,0.01218,9193712
2026-02-16 03:15:00,0.01217,0.01223,0.01216,0.01218,8222667
2026-02-16 03:30:00,0.01218,0.01222,0.01217,0.01219,2859958
2026-02-16 03:45:00,0.01219,0.01221,0.01217,0.0122,2461595
2026-02-16 04:00:00,0.01219,0.01223,0.01217,0.01221,4722796
2026-02-16 04:15:00,0.01221,0.01225,0.0122,0.01223,3385513
2026-02-16 04:30:00,0.01224,0.01225,0.0122,0.01225,3402029
2026-02-16 04:45:00,0.01225,0.01234,0.01223,0.01231,5591818
2026-02-16 05:00:00,0.01231,0.01235,0.01222,0.01223,6150775
2026-02-16 05:15:00,0.01224,0.01224,0.01214,0.01216,7625624
2026-02-16 05:30:00,0.01216,0.01221,0.01209,0.01212,11853553
2026-02-16 05:45:00,0.01213,0.01216,0.01212,0.01214,3811587
2026-02-16 06:00:00,0.01213,0.0122,0.01211,0.01217,8292263
2026-02-16 06:15:00,0.01217,0.0122,0.01212,0.01218,5172295
2026-02-16 06:30:00,0.01217,0.01231,0.01217,0.01229,6868640
2026-02-16 06:45:00,0.01229,0.01229,0.01216,0.01219,7496681
2026-02-16 07:00:00,0.01218,0.01218,0.0121,0.01216,17626695
2026-02-16 07:15:00,0.01216,0.01218,0.01209,0.01209,7679503
2026-02-16 07:30:00,0.01209,0.01216,0.01208,0.01209,11341847
2026-02-16 07:45:00,0.0121,0.01214,0.0121,0.01211,5032659
2026-02-16 08:00:00,0.01211,0.01225,0.01209,0.01223,15144808
2026-02-16 08:15:00,0.01223,0.01229,0.01218,0.01223,21165707
2026-02-16 08:30:00,0.01224,0.01225,0.01219,0.01221,6304376
2026-02-16 08:45:00,0.0122,0.01221,0.01213,0.01218,14869999
2026-02-16 09:00:00,0.01218,0.01225,0.01216,0.01219,8615231
2026-02-16 09:15:00,0.01219,0.01226,0.01217,0.01226,15034311
2026-02-16 09:30:00,0.01225,0.01235,0.01222,0.0123,12178880
2026-02-16 09:45:00,0.01231,0.01237,0.01228,0.01234,7090084
2026-02-16 10:00:00,0.01234,0.01238,0.01231,0.01233,7795478
2026-02-16 10:15:00,0.01233,0.01234,0.01224,0.01227,17436298
2026-02-16 10:30:00,0.01227,0.01233,0.01222,0.01223,5364405
2026-02-16 10:45:00,0.01223,0.01224,0.01218,0.0122,17373568
2026-02-16 11:00:00,0.01219,0.01221,0.01203,0.01206,28529263
2026-02-16 11:15:00,0.01205,0.01209,0.01193,0.01207,34333244
2026-02-16 11:30:00,0.01207,0.01211,0.01204,0.01207,9229250
2026-02-16 11:45:00,0.01206,0.01215,0.01205,0.01212,6387112
2026-02-16 12:00:00,0.01211,0.01218,0.0121,0.01216,8138607
2026-02-16 12:15:00,0.01215,0.01231,0.01208,0.01227,22795625
2026-02-16 12:30:00,0.01227,0.01231,0.0122,0.01229,12864877
2026-02-16 12:45:00,0.0123,0.01242,0.01228,0.01242,25317406
2026-02-16 13:00:00,0.01242,0.01257,0.01241,0.01248,33986915
2026-02-16 13:15:00,0.01249,0.01252,0.01227,0.01235,31819736
2026-02-16 13:30:00,0.01235,0.01238,0.0122,0.01225,26372256
2026-02-16 13:45:00,0.01226,0.01228,0.01212,0.01216,18718294
2026-02-16 14:00:00,0.01216,0.01227,0.01215,0.01223,13926176
2026-02-16 14:15:00,0.01223,0.01231,0.01214,0.01216,14633839
2026-02-16 14:30:00,0.01216,0.01233,0.01216,0.01225,8209360
2026-02-16 14:45:00,0.01225,0.01233,0.01221,0.01225,10378601
2026-02-16 15:00:00,0.01225,0.01233,0.01223,0.01224,11014172
2026-02-16 15:15:00,0.01224,0.01225,0.01212,0.01212,16484310
2026-02-16 15:30:00,0.01212,0.01213,0.01191,0.01201,53780283
2026-02-16 15:45:00,0.012,0.01203,0.01196,0.01201,9012515
2026-02-16 16:00:00,0.01201,0.01219,0.012,0.01215,12686392
2026-02-16 16:15:00,0.01216,0.01216,0.01205,0.01212,13275909
2026-02-16 16:30:00,0.01211,0.01212,0.01198,0.01206,11154708
2026-02-16 16:45:00,0.01207,0.01208,0.01201,0.01206,9861090
2026-02-16 17:00:00,0.01205,0.01209,0.01201,0.01204,8944896
2026-02-16 17:15:00,0.01204,0.01207,0.01195,0.01206,7344651
2026-02-16 17:30:00,0.01206,0.0121,0.01203,0.01209,5567779
2026-02-16 17:45:00,0.01208,0.01208,0.01201,0.01204,4334774
2026-02-16 18:00:00,0.01203,0.01213,0.01203,0.01212,7358939
2026-02-16 18:15:00,0.01212,0.01216,0.01209,0.01211,7766769
2026-02-16 18:30:00,0.0121,0.01215,0.01209,0.01212,5070329
2026-02-16 18:45:00,0.01211,0.01216,0.01208,0.01211,4262968
2026-02-16 19:00:00,0.01211,0.01214,0.01209,0.01212,6286057
2026-02-16 19:15:00,0.01212,0.01212,0.01203,0.0121,15656871
2026-02-16 19:30:00,0.0121,0.01217,0.01209,0.01216,5228987
2026-02-16 19:45:00,0.01216,0.01219,0.01212,0.01215,10703049
2026-02-16 20:00:00,0.01215,0.01216,0.01208,0.01211,10603640
2026-02-16 20:15:00,0.01211,0.01218,0.01207,0.01218,5037149
2026-02-16 20:30:00,0.01218,0.01228,0.01217,0.01226,7625619
2026-02-16 20:45:00,0.01226,0.01238,0.01224,0.01237,9220022
2026-02-16 21:00:00,0.01237,0.01248,0.01233,0.0124,22772119
2026-02-16 21:15:00,0.0124,0.01245,0.01238,0.01242,15424958
2026-02-16 21:30:00,0.01242,0.01244,0.01235,0.01238,8345259
2026-02-16 21:45:00,0.01239,0.01255,0.01236,0.01251,18061474
2026-02-16 22:00:00,0.01251,0.01251,0.01241,0.01244,14964033
2026-02-16 22:15:00,0.01244,0.01245,0.01235,0.01236,10895293
2026-02-16 22:30:00,0.01236,0.01239,0.01233,0.01236,4396898
2026-02-16 22:45:00,0.01236,0.0124,0.0123,0.01237,5355705
2026-02-16 23:00:00,0.01237,0.01244,0.01236,0.01241,3700479
2026-02-16 23:15:00,0.01242,0.01247,0.01239,0.01242,4328584
2026-02-16 23:30:00,0.01242,0.01242,0.01235,0.01239,3663136
2026-02-16 23:45:00,0.01239,0.01246,0.01238,0.01245,3636791
2026-02-17 00:00:00,0.01245,0.01246,0.01239,0.01245,8236326
2026-02-17 00:15:00,0.01246,0.01247,0.01239,0.01246,6421727
2026-02-17 00:30:00,0.01245,0.01246,0.01241,0.01246,2816969
2026-02-17 00:45:00,0.01246,0.01255,0.0124,0.01241,9185395
2026-02-17 01:00:00,0.01241,0.01246,0.01236,0.01239,6411556
2026-02-17 01:15:00,0.01239,0.01247,0.01238,0.01247,4149567
2026-02-17 01:30:00,0.01247,0.01248,0.01242,0.01244,5074021
2026-02-17 01:45:00,0.01245,0.01246,0.01241,0.01243,4465238
2026-02-17 02:00:00,0.01243,0.01252,0.01234,0.01249,10133432
2026-02-17 02:15:00,0.0125,0.01252,0.01244,0.01249,8284110
2026-02-17 02:30:00,0.0125,0.01264,0.0125,0.01263,15770588
2026-02-17 02:45:00,0.01263,0.01266,0.01253,0.01255,19515177
2026-02-17 03:00:00,0.01256,0.01256,0.01245,0.01251,8213439
2026-02-17 03:15:00,0.0125,0.01253,0.01246,0.0125,5175812
2026-02-17 03:30:00,0.01249,0.0125,0.01243,0.01244,8573113
2026-02-17 03:45:00,0.01243,0.01248,0.01242,0.01244,2416882
2026-02-17 04:00:00,0.01244,0.01246,0.01238,0.01243,4290852
2026-02-17 04:15:00,0.01244,0.01256,0.01242,0.01253,4341553
2026-02-17 04:30:00,0.01252,0.01252,0.01242,0.01249,5668920
2026-02-17 04:45:00,0.01248,0.01254,0.01246,0.01246,6494774
2026-02-17 05:00:00,0.01247,0.01248,0.01242,0.01242,5722429
2026-02-17 05:15:00,0.01243,0.01244,0.01233,0.01234,8358624
2026-02-17 05:30:00,0.01234,0.0124,0.01225,0.01234,15108390
2026-02-17 05:45:00,0.01235,0.01245,0.01234,0.01244,4941614
2026-02-17 06:00:00,0.01243,0.01259,0.01243,0.01251,11511724
2026-02-17 06:15:00,0.01251,0.01256,0.01248,0.01255,2670849
2026-02-17 06:30:00,0.01254,0.01262,0.01253,0.01258,9419917
2026-02-17 06:45:00,0.01258,0.01265,0.01253,0.01256,15448254
2026-02-17 07:00:00,0.01257,0.01259,0.01251,0.01254,10176882
2026-02-17 07:15:00,0.01254,0.01262,0.01254,0.01261,5430668
2026-02-17 07:30:00,0.01261,0.01272,0.01257,0.0127,11017864
2026-02-17 07:45:00,0.01269,0.01271,0.01259,0.01261,6819314
2026-02-17 08:00:00,0.01261,0.01284,0.01257,0.01284,34393993
2026-02-17 08:15:00,0.01283,0.01284,0.01262,0.01275,30915988
2026-02-17 08:30:00,0.01274,0.01283,0.01262,0.01277,17852065
2026-02-17 08:45:00,0.01276,0.01283,0.01272,0.0128,13253752
2026-02-17 09:00:00,0.0128,0.01286,0.01274,0.01283,19167179
2026-02-17 09:15:00,0.01283,0.0129,0.01276,0.01276,24298725
2026-02-17 09:30:00,0.01277,0.01286,0.01276,0.01282,14515317
2026-02-17 09:45:00,0.01282,0.01295,0.01282,0.01286,17613897
2026-02-17 10:00:00,0.01286,0.01286,0.01271,0.01273,16618862
2026-02-17 10:15:00,0.01273,0.01275,0.01266,0.0127,11445696
2026-02-17 10:30:00,0.0127,0.01277,0.01262,0.01267,12821303
2026-02-17 10:45:00,0.01267,0.01272,0.0126,0.01261,10631487
2026-02-17 11:00:00,0.01262,0.0127,0.01243,0.01256,32162732
2026-02-17 11:15:00,0.01257,0.01263,0.01254,0.01263,6842409
2026-02-17 11:30:00,0.01262,0.0127,0.01259,0.0127,5614477
2026-02-17 11:45:00,0.01269,0.01278,0.01263,0.01272,14716019
2026-02-17 12:00:00,0.01272,0.01276,0.01261,0.01266,18918032
2026-02-17 12:15:00,0.01265,0.01272,0.01259,0.0127,11659006
2026-02-17 12:30:00,0.01269,0.01278,0.01269,0.01272,6193075
2026-02-17 12:45:00,0.01272,0.01273,0.01253,0.01255,10325624
2026-02-17 13:00:00,0.01254,0.01261,0.01247,0.01258,14862182
2026-02-17 13:15:00,0.01258,0.01264,0.01254,0.01255,6467389
2026-02-17 13:30:00,0.01255,0.01258,0.01248,0.01251,6725722
2026-02-17 13:45:00,0.0125,0.01265,0.01249,0.01256,11175639
2026-02-17 14:00:00,0.01256,0.01268,0.01255,0.01257,11779937
2026-02-17 14:15:00,0.01255,0.01257,0.01251,0.01252,6903218
2026-02-17 14:30:00,0.01252,0.01267,0.01246,0.01248,15936588
2026-02-17 14:45:00,0.01249,0.01252,0.01237,0.01241,29166155
2026-02-17 15:00:00,0.01242,0.01246,0.01237,0.01242,16637128
2026-02-17 15:15:00,0.01241,0.01252,0.01235,0.01237,16314891
2026-02-17 15:30:00,0.01238,0.01247,0.01231,0.01246,19805146
2026-02-17 15:45:00,0.01246,0.01261,0.01245,0.01259,16839672
2026-02-17 16:00:00,0.01259,0.01282,0.01255,0.01256,54380140
2026-02-17 16:15:00,0.01256,0.01261,0.01247,0.01248,14019391
2026-02-17 16:30:00,0.01249,0.01271,0.01247,0.01266,16503093
2026-02-17 16:45:00,0.01266,0.01269,0.01255,0.01257,7498161
2026-02-17 17:00:00,0.01257,0.01261,0.01244,0.01249,14816584
2026-02-17 17:15:00,0.01249,0.01257,0.01248,0.01254,7804137
2026-02-17 17:30:00,0.01254,0.01257,0.01239,0.0124,11835871
2026-02-17 17:45:00,0.0124,0.01249,0.01237,0.01248,10462521
2026-02-17 18:00:00,0.01248,0.01254,0.01244,0.01251,11112265
2026-02-17 18:15:00,0.0125,0.01266,0.01246,0.01264,7850643
2026-02-17 18:30:00,0.01264,0.01277,0.01262,0.01275,15118319
2026-02-17 18:45:00,0.01275,0.01279,0.01269,0.01274,13766294
2026-02-17 19:00:00,0.01274,0.01286,0.01273,0.01282,19021107
2026-02-17 19:15:00,0.01282,0.01288,0.01277,0.0128,11988966
2026-02-17 19:30:00,0.0128,0.01283,0.01274,0.0128,11086401
2026-02-17 19:45:00,0.01281,0.01283,0.01274,0.01278,5223450
2026-02-17 20:00:00,0.01277,0.0128,0.01271,0.01274,9376206
2026-02-17 20:15:00,0.01274,0.01277,0.0127,0.01274,4852475
2026-02-17 20:30:00,0.01273,0.01273,0.01266,0.01271,5748809
2026-02-17 20:45:00,0.01271,0.01276,0.0127,0.01273,6519677
2026-02-17 21:00:00,0.01272,0.01282,0.0127,0.01278,7272578
2026-02-17 21:15:00,0.01279,0.01283,0.01267,0.01269,7337348
2026-02-17 21:30:00,0.01269,0.01271,0.01265,0.0127,4499013
2026-02-17 21:45:00,0.01271,0.01272,0.01267,0.0127,4550865
2026-02-17 22:00:00,0.01269,0.01271,0.01264,0.01265,5026942
2026-02-17 22:15:00,0.01266,0.01271,0.01263,0.0127,2282072
2026-02-17 22:30:00,0.01269,0.0128,0.01269,0.01274,5645797
2026-02-17 22:45:00,0.01273,0.01274,0.01265,0.01267,2048486
2026-02-17 23:00:00,0.01266,0.01268,0.01262,0.01265,4850535
2026-02-17 23:15:00,0.01266,0.01269,0.01264,0.01265,3358041
2026-02-17 23:30:00,0.01264,0.01267,0.01261,0.01266,3714434
2026-02-17 23:45:00,0.01266,0.0127,0.01263,0.01269,3376167
2026-02-18 00:00:00,0.01268,0.01275,0.01261,0.01261,6780959
2026-02-18 00:15:00,0.01261,0.01267,0.0126,0.01267,5576280
2026-02-18 00:30:00,0.01266,0.01272,0.01266,0.0127,3991614
2026-02-18 00:45:00,0.01269,0.01269,0.01261,0.01261,6605295
2026-02-18 01:00:00,0.01261,0.01263,0.01255,0.01257,9970555
2026-02-18 01:15:00,0.01257,0.01261,0.01254,0.01256,5065042
2026-02-18 01:30:00,0.01256,0.01267,0.01253,0.01266,9004935
2026-02-18 01:45:00,0.01267,0.0127,0.01261,0.01264,9903456
2026-02-18 02:00:00,0.01264,0.0128,0.01263,0.01276,10816635
2026-02-18 02:15:00,0.01275,0.01277,0.01267,0.0127,4563620
2026-02-18 02:30:00,0.01269,0.01279,0.01267,0.01279,5993470
2026-02-18 02:45:00,0.01278,0.0128,0.01275,0.01278,4384670
2026-02-18 03:00:00,0.01278,0.0129,0.01274,0.0128,17787842
2026-02-18 03:15:00,0.01281,0.01288,0.01277,0.01286,11246557
2026-02-18 03:30:00,0.01286,0.013,0.01283,0.01296,19848783
2026-02-18 03:45:00,0.01297,0.01299,0.0129,0.01294,9719275
2026-02-18 04:00:00,0.01293,0.01298,0.0129,0.01296,10516643
2026-02-18 04:15:00,0.01296,0.01303,0.01288,0.01299,11751624
2026-02-18 04:30:00,0.01299,0.01306,0.01294,0.01305,13222049
2026-02-18 04:45:00,0.01304,0.01312,0.01297,0.01303,15840526
2026-02-18 05:00:00,0.01303,0.01312,0.01298,0.01312,9156396
2026-02-18 05:15:00,0.01312,0.01321,0.0131,0.01315,13029647
2026-02-18 05:30:00,0.01315,0.01323,0.01313,0.01316,12754112
2026-02-18 05:45:00,0.01316,0.01331,0.01314,0.01322,18504622
2026-02-18 06:00:00,0.01322,0.01325,0.01313,0.01318,12177827
2026-02-18 06:15:00,0.01319,0.01333,0.01315,0.01331,13771673
2026-02-18 06:30:00,0.0133,0.01336,0.01323,0.01332,18626862
2026-02-18 06:45:00,0.01332,0.01333,0.0132,0.01325,12673043
2026-02-18 07:00:00,0.01324,0.01336,0.01321,0.01335,13516660
2026-02-18 07:15:00,0.01336,0.01337,0.01325,0.01335,13075283
2026-02-18 07:30:00,0.01335,0.01356,0.01334,0.01347,35124708
2026-02-18 07:45:00,0.01346,0.01373,0.01345,0.01369,39067597
2026-02-18 08:00:00,0.01369,0.0138,0.01357,0.01377,75626594
2026-02-18 08:15:00,0.01377,0.0139,0.01368,0.01374,49125003
2026-02-18 08:30:00,0.01373,0.0142,0.01373,0.01407,89044272
2026-02-18 08:45:00,0.01406,0.0143,0.01392,0.01423,79244817
2026-02-18 09:00:00,0.01423,0.01427,0.01387,0.01395,75185594
2026-02-18 09:15:00,0.01395,0.01405,0.01364,0.01368,76150603
2026-02-18 09:30:00,0.01369,0.01373,0.01357,0.01367,44336886
2026-02-18 09:45:00,0.01367,0.01373,0.01359,0.01367,23346039
2026-02-18 10:00:00,0.01367,0.01381,0.01363,0.01377,27573757
2026-02-18 10:15:00,0.01376,0.01396,0.01373,0.01395,23807307
2026-02-18 10:30:00,0.01395,0.01408,0.01391,0.01392,28536267
2026-02-18 10:45:00,0.01393,0.01421,0.01393,0.01419,30029581
2026-02-18 11:00:00,0.0142,0.01428,0.01409,0.01426,53438214
2026-02-18 11:15:00,0.01426,0.01426,0.01406,0.01424,38649467
2026-02-18 11:30:00,0.01424,0.01426,0.0141,0.01414,25074370
2026-02-18 11:45:00,0.01415,0.01423,0.01409,0.01412,25289234
2026-02-18 12:00:00,0.01412,0.01444,0.0141,0.01427,57872767
2026-02-18 12:15:00,0.01428,0.0143,0.01412,0.01419,27423619
2026-02-18 12:30:00,0.01419,0.01439,0.01409,0.0143,39315990
2026-02-18 12:45:00,0.01429,0.01443,0.01422,0.01434,31041588
2026-02-18 13:00:00,0.01434,0.01439,0.01415,0.01421,33961400
2026-02-18 13:15:00,0.01421,0.01425,0.01402,0.01411,34943847
2026-02-18 13:30:00,0.01412,0.01414,0.01389,0.01394,37729934
2026-02-18 13:45:00,0.01394,0.01398,0.01365,0.01381,76974642
2026-02-18 14:00:00,0.0138,0.01386,0.01359,0.01365,41671555
2026-02-18 14:15:00,0.01365,0.01366,0.01354,0.01355,17100734
2026-02-18 14:30:00,0.01355,0.01373,0.01347,0.01349,34012213
2026-02-18 14:45:00,0.0135,0.01373,0.01343,0.01366,30220363
2026-02-18 15:00:00,0.01367,0.0139,0.01361,0.01389,36394324
2026-02-18 15:15:00,0.0139,0.0139,0.01375,0.01376,18193003
2026-02-18 15:30:00,0.01377,0.01392,0.01363,0.01384,38791632
2026-02-18 15:45:00,0.01385,0.01385,0.01353,0.01356,18714996
2026-02-18 16:00:00,0.01356,0.01369,0.01353,0.01368,23422217
2026-02-18 16:15:00,0.01368,0.01372,0.01361,0.01364,14209763
2026-02-18 16:30:00,0.01364,0.01375,0.01362,0.01368,17227026
2026-02-18 16:45:00,0.01367,0.0137,0.01354,0.01358,11128704
2026-02-18 17:00:00,0.01358,0.01367,0.01348,0.01354,19191595
2026-02-18 17:15:00,0.01353,0.0136,0.01343,0.01349,11164283
2026-02-18 17:30:00,0.01348,0.01352,0.01336,0.01346,17067392
2026-02-18 17:45:00,0.01347,0.01351,0.01343,0.01345,11800751
2026-02-18 18:00:00,0.01346,0.01357,0.01344,0.01353,10666586
2026-02-18 18:15:00,0.01352,0.01353,0.01323,0.01334,43506913
2026-02-18 18:30:00,0.01335,0.01339,0.01321,0.01326,22696209
2026-02-18 18:45:00,0.01326,0.01337,0.01325,0.01328,17132441
2026-02-18 19:00:00,0.01328,0.01336,0.01327,0.01328,12195460
2026-02-18 19:15:00,0.01329,0.01332,0.01322,0.01326,9220743
2026-02-18 19:30:00,0.01325,0.01326,0.01313,0.01321,22552451
2026-02-18 19:45:00,0.01321,0.01327,0.01318,0.01322,10395106
2026-02-18 20:00:00,0.01322,0.01325,0.01314,0.01314,11892251
2026-02-18 20:15:00,0.01314,0.01325,0.01314,0.01325,6529603
2026-02-18 20:30:00,0.01324,0.01351,0.01324,0.01351,28605614
2026-02-18 20:45:00,0.01351,0.01351,0.01336,0.01339,14486257
2026-02-18 21:00:00,0.01339,0.01351,0.01334,0.01348,14504561
2026-02-18 21:15:00,0.01348,0.01369,0.01344,0.01362,35897408
2026-02-18 21:30:00,0.01361,0.01361,0.01351,0.01359,14019391
2026-02-18 21:45:00,0.01357,0.01358,0.01342,0.01347,18186032
2026-02-18 22:00:00,0.01347,0.01354,0.01339,0.01346,12761611
2026-02-18 22:15:00,0.01345,0.01347,0.01334,0.01342,8363245
2026-02-18 22:30:00,0.01341,0.01361,0.01341,0.0136,8386010
2026-02-18 22:45:00,0.01359,0.01359,0.01347,0.01349,6306265
2026-02-18 23:00:00,0.01349,0.0135,0.01337,0.01343,11324285
2026-02-18 23:15:00,0.01343,0.01346,0.01337,0.01339,7839325
2026-02-18 23:30:00,0.01338,0.01349,0.01338,0.01345,8693329
2026-02-18 23:45:00,0.01345,0.01352,0.01344,0.0135,6495148
2026-02-19 00:00:00,0.01349,0.0135,0.01336,0.01337,22810569
2026-02-19 00:15:00,0.01338,0.01347,0.01336,0.01338,14530363
2026-02-19 00:30:00,0.01337,0.01345,0.01327,0.0134,17525089
2026-02-19 00:45:00,0.0134,0.01341,0.01331,0.01341,9173240
2026-02-19 01:00:00,0.01341,0.01362,0.0134,0.01359,17795586
2026-02-19 01:15:00,0.01358,0.01365,0.01347,0.01353,13401750
2026-02-19 01:30:00,0.01353,0.01353,0.01338,0.01348,10115247
2026-02-19 01:45:00,0.01347,0.01364,0.01346,0.01362,8943202
2026-02-19 02:00:00,0.01363,0.01378,0.01359,0.0136,19124655
2026-02-19 02:15:00,0.0136,0.01374,0.01358,0.01373,6650381
2026-02-19 02:30:00,0.01373,0.01374,0.01361,0.01366,9672228
2026-02-19 02:45:00,0.01365,0.01373,0.01363,0.01364,7804615
2026-02-19 03:00:00,0.01364,0.01366,0.01353,0.01362,13034346
2026-02-19 03:15:00,0.01363,0.01365,0.01356,0.0136,7323959
2026-02-19 03:30:00,0.0136,0.01362,0.0135,0.01354,10101234
2026-02-19 03:45:00,0.01354,0.01366,0.01353,0.0136,7927868
2026-02-19 04:00:00,0.0136,0.01369,0.01356,0.01359,10653868
2026-02-19 04:15:00,0.01358,0.01359,0.01339,0.01346,15910414
2026-02-19 04:30:00,0.01346,0.01361,0.01345,0.01356,7995017
2026-02-19 04:45:00,0.01355,0.0136,0.0135,0.01352,6179628
2026-02-19 05:00:00,0.01353,0.01357,0.01347,0.01354,6826186
2026-02-19 05:15:00,0.01353,0.01359,0.01342,0.01348,8651093
2026-02-19 05:30:00,0.01347,0.01354,0.01338,0.01349,9316875
2026-02-19 05:45:00,0.01348,0.01354,0.01343,0.01349,3859887
2026-02-19 06:00:00,0.01349,0.01354,0.01345,0.01346,5375779
2026-02-19 06:15:00,0.01345,0.01351,0.01342,0.01347,11982047
2026-02-19 06:30:00,0.01347,0.0135,0.01334,0.01335,9753335
2026-02-19 06:45:00,0.01335,0.01345,0.01322,0.01343,23431545
2026-02-19 07:00:00,0.01343,0.01344,0.01324,0.01326,9609834
2026-02-19 07:15:00,0.01327,0.01328,0.01318,0.01326,12179956
2026-02-19 07:30:00,0.01325,0.01331,0.01318,0.0132,9133561
2026-02-19 07:45:00,0.01319,0.01321,0.01313,0.01318,15666032
2026-02-19 08:00:00,0.01318,0.01319,0.0131,0.0131,12747486
2026-02-19 08:15:00,0.0131,0.01315,0.01292,0.01295,37484881
2026-02-19 08:30:00,0.01295,0.01296,0.01281,0.01285,30538372
2026-02-19 08:45:00,0.01285,0.01299,0.01285,0.01294,19084452
2026-02-19 09:00:00,0.01294,0.013,0.0129,0.0129,12166203
2026-02-19 09:15:00,0.0129,0.01298,0.01287,0.01294,10535575
2026-02-19 09:30:00,0.01294,0.01294,0.01282,0.01287,12620935
2026-02-19 09:45:00,0.01287,0.01297,0.01281,0.01285,14537618
2026-02-19 10:00:00,0.01286,0.01289,0.01283,0.01286,6753920
2026-02-19 10:15:00,0.01285,0.01291,0.01284,0.01288,5932894
2026-02-19 10:30:00,0.01287,0.0129,0.01283,0.01285,3742216
2026-02-19 10:45:00,0.01284,0.01286,0.0128,0.01284,3979016
2026-02-19 11:00:00,0.01285,0.01292,0.01281,0.01291,7988577
2026-02-19 11:15:00,0.0129,0.01294,0.01286,0.01289,5160001
2026-02-19 11:30:00,0.01289,0.01296,0.01286,0.01293,6493496
2026-02-19 11:45:00,0.01294,0.01296,0.01286,0.01287,5551226
2026-02-19 12:00:00,0.01287,0.01292,0.01285,0.01288,6267125
2026-02-19 12:15:00,0.01288,0.01292,0.01273,0.01279,22781086
2026-02-19 12:30:00,0.01279,0.01282,0.01275,0.01279,6013426
2026-02-19 12:45:00,0.01279,0.01286,0.01277,0.0128,8144954
2026-02-19 13:00:00,0.0128,0.01282,0.01269,0.01275,14510888
2026-02-19 13:15:00,0.01276,0.01279,0.01267,0.01268,9496773
2026-02-19 13:30:00,0.01268,0.0127,0.01255,0.01257,21737748
2026-02-19 13:45:00,0.01256,0.0126,0.01238,0.01246,45986414
2026-02-19 14:00:00,0.01246,0.01252,0.01242,0.01246,19421362
2026-02-19 14:15:00,0.01246,0.0125,0.01236,0.01247,23187821
2026-02-19 14:30:00,0.01247,0.01259,0.01243,0.01256,19933149
2026-02-19 14:45:00,0.01256,0.0126,0.01249,0.01251,15331840
2026-02-19 15:00:00,0.01251,0.0126,0.01243,0.01243,13990958
2026-02-19 15:15:00,0.01243,0.01252,0.01242,0.01243,5747746
2026-02-19 15:30:00,0.01243,0.01246,0.0124,0.01243,9400370
2026-02-19 15:45:00,0.01243,0.01252,0.01239,0.01243,20198585
2026-02-19 16:00:00,0.01242,0.01244,0.01226,0.0124,41882089
2026-02-19 16:15:00,0.01241,0.01254,0.01239,0.01245,21853501
2026-02-19 16:30:00,0.01246,0.01257,0.01245,0.01253,12891415
2026-02-19 16:45:00,0.01254,0.01254,0.01245,0.01246,6175203
2026-02-19 17:00:00,0.01246,0.01248,0.01237,0.01246,10445940
2026-02-19 17:15:00,0.01246,0.01267,0.01243,0.01256,29618033
2026-02-19 17:30:00,0.01256,0.0126,0.01249,0.01257,12732483
2026-02-19 17:45:00,0.01255,0.0126,0.01247,0.01259,6560412
2026-02-19 18:00:00,0.01258,0.01262,0.01253,0.0126,10237108
2026-02-19 18:15:00,0.01259,0.01266,0.01255,0.01265,5605838
2026-02-19 18:30:00,0.01266,0.01266,0.01258,0.01262,6200697
2026-02-19 18:45:00,0.01262,0.01272,0.01261,0.0127,10826733
2026-02-19 19:00:00,0.01271,0.01275,0.01266,0.01266,8553751
2026-02-19 19:15:00,0.01267,0.01269,0.01262,0.01264,14037353
2026-02-19 19:30:00,0.01265,0.01267,0.01255,0.0126,8296386
2026-02-19 19:45:00,0.01259,0.01268,0.01255,0.01266,7617470
2026-02-19 20:00:00,0.01267,0.0127,0.01258,0.01258,8946496
2026-02-19 20:15:00,0.01258,0.0126,0.01249,0.01251,7574362
2026-02-19 20:30:00,0.01251,0.01253,0.01245,0.01248,9239829
2026-02-19 20:45:00,0.01249,0.01257,0.01248,0.01253,9472199
2026-02-19 21:00:00,0.01252,0.01255,0.01245,0.01246,7168961
2026-02-19 21:15:00,0.01246,0.01249,0.01244,0.01246,6637660
2026-02-19 21:30:00,0.01246,0.01247,0.0124,0.01244,9695481
2026-02-19 21:45:00,0.01245,0.01246,0.01234,0.01235,8997176
2026-02-19 22:00:00,0.01235,0.01239,0.01234,0.01237,8148103
2026-02-19 22:15:00,0.01238,0.01238,0.01229,0.01231,7797164
2026-02-19 22:30:00,0.01232,0.01232,0.01215,0.01223,26050443
2026-02-19 22:45:00,0.01224,0.01231,0.01221,0.01227,6230809
2026-02-19 23:00:00,0.01227,0.01234,0.01227,0.01229,10111747
2026-02-19 23:15:00,0.0123,0.01235,0.01229,0.01234,4190291
2026-02-19 23:30:00,0.01235,0.01235,0.01228,0.0123,4906035
2026-02-19 23:45:00,0.01229,0.01238,0.01229,0.01235,10019483
2026-02-20 00:00:00,0.01236,0.01246,0.01233,0.01243,16050304
2026-02-20 00:15:00,0.01244,0.0127,0.01239,0.01267,19657916
2026-02-20 00:30:00,0.01267,0.01268,0.01254,0.01258,20151296
2026-02-20 00:45:00,0.01258,0.01269,0.01255,0.01266,15087702
2026-02-20 01:00:00,0.01266,0.01285,0.01265,0.01285,22942762
2026-02-20 01:15:00,0.01284,0.01294,0.01275,0.01294,34958697
2026-02-20 01:30:00,0.01294,0.01305,0.01291,0.013,15980280
2026-02-20 01:45:00,0.013,0.01305,0.01295,0.01304,6505094
2026-02-20 02:00:00,0.01304,0.01327,0.013,0.01324,42099516
2026-02-20 02:15:00,0.01324,0.01326,0.01316,0.01321,13108877
2026-02-20 02:30:00,0.01321,0.01326,0.01307,0.01314,14461216
2026-02-20 02:45:00,0.01313,0.01323,0.01301,0.01304,15677617
2026-02-20 03:00:00,0.01304,0.01304,0.01291,0.01297,15124910
2026-02-20 03:15:00,0.01297,0.01299,0.01288,0.01289,8517398
2026-02-20 03:30:00,0.0129,0.01295,0.01283,0.01285,10386610
2026-02-20 03:45:00,0.01285,0.01287,0.01277,0.01278,9824623
2026-02-20 04:00:00,0.01278,0.01281,0.01276,0.01277,9727378
2026-02-20 04:15:00,0.01277,0.01279,0.01261,0.01264,13148653
2026-02-20 04:30:00,0.01263,0.01275,0.01262,0.01272,5426857
2026-02-20 04:45:00,0.01271,0.01272,0.0126,0.01261,7053826
2026-02-20 05:00:00,0.0126,0.01262,0.01253,0.01257,10642230
2026-02-20 05:15:00,0.01257,0.01259,0.01247,0.01258,15311932
2026-02-20 05:30:00,0.01258,0.01272,0.01258,0.01268,9506180
2026-02-20 05:45:00,0.01268,0.01274,0.01265,0.01266,5381522
2026-02-20 06:00:00,0.01267,0.01273,0.01265,0.01266,7280895
2026-02-20 06:15:00,0.01267,0.01275,0.01265,0.01271,11371194
2026-02-20 06:30:00,0.0127,0.01275,0.01267,0.01267,5802826
2026-02-20 06:45:00,0.01267,0.01278,0.01265,0.01277,4301265
2026-02-20 07:00:00,0.01276,0.01279,0.01269,0.01272,6916678
2026-02-20 07:15:00,0.01272,0.01273,0.01266,0.01268,5674747
2026-02-20 07:30:00,0.01268,0.01268,0.01259,0.01261,6282840
2026-02-20 07:45:00,0.01261,0.01266,0.01259,0.01264,4607339
2026-02-20 08:00:00,0.01264,0.01264,0.01255,0.01258,13425268
2026-02-20 08:15:00,0.01259,0.01271,0.01258,0.01271,5442253
2026-02-20 08:30:00,0.01272,0.01279,0.01263,0.01268,14449667
2026-02-20 08:45:00,0.01268,0.01274,0.01267,0.01271,4659842
2026-02-20 09:00:00,0.01271,0.01286,0.0127,0.01282,12548074
2026-02-20 09:15:00,0.01282,0.01285,0.01272,0.01275,7211436
2026-02-20 09:30:00,0.01274,0.01277,0.01268,0.01269,7321179
2026-02-20 09:45:00,0.01269,0.01273,0.01264,0.01264,5766411
2026-02-20 10:00:00,0.01264,0.01278,0.01264,0.01271,16999791
2026-02-20 10:15:00,0.0127,0.0128,0.0127,0.01272,10512090
2026-02-20 10:30:00,0.01272,0.01273,0.01264,0.01266,5028495
2026-02-20 10:45:00,0.01265,0.01272,0.0126,0.01265,6816157
2026-02-20 11:00:00,0.01265,0.01269,0.01264,0.01264,5062016
2026-02-20 11:15:00,0.01264,0.01265,0.01255,0.01264,11270249
2026-02-20 11:30:00,0.01265,0.01267,0.0126,0.01262,5919827
2026-02-20 11:45:00,0.01262,0.01271,0.01259,0.01266,8737013
2026-02-20 12:00:00,0.01266,0.01269,0.0126,0.01264,7588911
2026-02-20 12:15:00,0.01263,0.01265,0.01259,0.01262,4647693
2026-02-20 12:30:00,0.01263,0.01269,0.01262,0.01265,4625622
2026-02-20 12:45:00,0.01266,0.01273,0.01264,0.01266,6851261
2026-02-20 13:00:00,0.01267,0.01267,0.01257,0.01259,8391106
2026-02-20 13:15:00,0.01259,0.01263,0.01251,0.01256,11632758
2026-02-20 13:30:00,0.01256,0.01256,0.01238,0.01243,24167108
2026-02-20 13:45:00,0.01243,0.01255,0.01242,0.0125,12469919
2026-02-20 14:00:00,0.0125,0.01253,0.01247,0.0125,6711077
2026-02-20 14:15:00,0.0125,0.01255,0.01247,0.01249,7726356
2026-02-20 14:30:00,0.0125,0.01265,0.01247,0.01264,15282450
2026-02-20 14:45:00,0.01265,0.01265,0.01252,0.01252,13724959
2026-02-20 15:00:00,0.01253,0.01284,0.01252,0.0126,35652117
2026-02-20 15:15:00,0.01261,0.01282,0.01257,0.01279,19858429
2026-02-20 15:30:00,0.01279,0.0128,0.01269,0.0128,13642606
2026-02-20 15:45:00,0.01281,0.01295,0.01281,0.01295,16496330
2026-02-20 16:00:00,0.01295,0.01322,0.01293,0.01312,64042115
2026-02-20 16:15:00,0.01312,0.01312,0.01295,0.01296,22970460
2026-02-20 16:30:00,0.01295,0.01299,0.01288,0.01299,16218634
2026-02-20 16:45:00,0.01298,0.01315,0.01292,0.01309,19475769
2026-02-20 17:00:00,0.01309,0.01309,0.01272,0.01272,52396986
2026-02-20 17:15:00,0.01273,0.01274,0.01264,0.01271,16453706
2026-02-20 17:30:00,0.01271,0.01292,0.01271,0.01292,16622849
2026-02-20 17:45:00,0.01292,0.01304,0.01289,0.01302,16919332
2026-02-20 18:00:00,0.01302,0.01308,0.01298,0.01306,10104199
2026-02-20 18:15:00,0.01306,0.01311,0.013,0.01306,12462373
2026-02-20 18:30:00,0.01306,0.01309,0.01296,0.01301,10496646
2026-02-20 18:45:00,0.01301,0.01303,0.01292,0.01297,10144204
2026-02-20 19:00:00,0.01297,0.013,0.01285,0.01287,10550318
2026-02-20 19:15:00,0.01287,0.01293,0.01284,0.01287,6337967
2026-02-20 19:30:00,0.01286,0.01292,0.01283,0.01284,7512317
2026-02-20 19:45:00,0.01284,0.01289,0.01282,0.01285,3838118
2026-02-20 20:00:00,0.01286,0.01293,0.01284,0.01289,6915146
2026-02-20 20:15:00,0.01289,0.01289,0.01279,0.0128,4921448
2026-02-20 20:30:00,0.0128,0.01284,0.01278,0.01284,4623936
2026-02-20 20:45:00,0.01284,0.01285,0.01281,0.01283,3337625
2026-02-20 21:00:00,0.01283,0.01292,0.01282,0.01292,5303648
2026-02-20 21:15:00,0.01292,0.01296,0.0129,0.01295,3405555
2026-02-20 21:30:00,0.01294,0.01295,0.01288,0.01292,4618688
2026-02-20 21:45:00,0.01292,0.01295,0.01289,0.01292,2809452
2026-02-20 22:00:00,0.01292,0.01297,0.01288,0.0129,3790294
2026-02-20 22:15:00,0.0129,0.01297,0.01288,0.01295,3051876
2026-02-20 22:30:00,0.01294,0.01302,0.01292,0.01301,7710509
2026-02-20 22:45:00,0.01301,0.01315,0.01299,0.01315,6405353
2026-02-20 23:00:00,0.01314,0.0132,0.0131,0.01314,11428585
2026-02-20 23:15:00,0.01315,0.01322,0.01314,0.01322,6576813
2026-02-20 23:30:00,0.01323,0.01327,0.01321,0.01323,5834082
2026-02-20 23:45:00,0.01323,0.01323,0.01317,0.01319,10356821
2026-02-21 00:00:00,0.01319,0.01322,0.01311,0.01314,11207062
2026-02-21 00:15:00,0.01314,0.01316,0.0131,0.01313,6872897
2026-02-21 00:30:00,0.01312,0.01322,0.01308,0.01318,7944102
2026-02-21 00:45:00,0.01318,0.01319,0.01309,0.01313,6304287
2026-02-21 01:00:00,0.01313,0.01321,0.01313,0.01319,6568113
2026-02-21 01:15:00,0.01319,0.0132,0.01312,0.01315,3795047
2026-02-21 01:30:00,0.01315,0.01325,0.01314,0.01323,3034569
2026-02-21 01:45:00,0.01323,0.01323,0.01318,0.01322,2161065
2026-02-21 02:00:00,0.01322,0.01338,0.01322,0.01337,10038960
2026-02-21 02:15:00,0.01337,0.01339,0.0133,0.01332,6057620
2026-02-21 02:30:00,0.01332,0.0134,0.01331,0.01338,6098858
2026-02-21 02:45:00,0.01338,0.0135,0.01336,0.01347,8226756
2026-02-21 03:00:00,0.01347,0.01348,0.01338,0.01343,9233090
2026-02-21 03:15:00,0.01343,0.0135,0.01341,0.01349,6271203
2026-02-21 03:30:00,0.01349,0.01351,0.01343,0.01347,8093603
2026-02-21 03:45:00,0.01347,0.0136,0.01345,0.01359,10658937
2026-02-21 04:00:00,0.01358,0.01367,0.01355,0.01364,14570903
2026-02-21 04:15:00,0.01364,0.01368,0.0136,0.01362,6152009
2026-02-21 04:30:00,0.01363,0.01382,0.01361,0.01375,18724439
2026-02-21 04:45:00,0.01376,0.01395,0.01373,0.01385,17160078
2026-02-21 05:00:00,0.01385,0.01398,0.01383,0.01393,21703730
2026-02-21 05:15:00,0.01393,0.01396,0.01378,0.01394,24794789
2026-02-21 05:30:00,0.01394,0.01396,0.01384,0.0139,15494741
2026-02-21 05:45:00,0.0139,0.014,0.01374,0.01384,36530127
2026-02-21 06:00:00,0.01384,0.01399,0.01378,0.01397,17902740
2026-02-21 06:15:00,0.01397,0.01399,0.01372,0.01381,31684814
2026-02-21 06:30:00,0.0138,0.01381,0.01369,0.01372,14642020
2026-02-21 06:45:00,0.01372,0.01373,0.01363,0.01367,10727680
2026-02-21 07:00:00,0.01367,0.01377,0.01359,0.01375,16565525
2026-02-21 07:15:00,0.01375,0.0138,0.01368,0.01373,11510363
2026-02-21 07:30:00,0.01373,0.01385,0.01371,0.01381,16101501
2026-02-21 07:45:00,0.01381,0.01386,0.01368,0.01375,16590563
2026-02-21 08:00:00,0.01376,0.01379,0.01347,0.01351,28174717
2026-02-21 08:15:00,0.0135,0.01363,0.01348,0.0136,17385839
2026-02-21 08:30:00,0.0136,0.01365,0.01358,0.01358,10398062
2026-02-21 08:45:00,0.01359,0.01367,0.01356,0.01363,9205850
2026-02-21 09:00:00,0.01363,0.01365,0.01354,0.01356,11331078
2026-02-21 09:15:00,0.01356,0.01365,0.01354,0.01361,22928504
2026-02-21 09:30:00,0.0136,0.01361,0.01354,0.01359,8558479
2026-02-21 09:45:00,0.01359,0.01364,0.01358,0.01364,3354741
2026-02-21 10:00:00,0.01364,0.01381,0.01363,0.01374,15527013
2026-02-21 10:15:00,0.01374,0.01374,0.01363,0.01371,7449541
2026-02-21 10:30:00,0.01371,0.01373,0.01366,0.01368,5488999
2026-02-21 10:45:00,0.01367,0.01372,0.01364,0.01368,7426719
2026-02-21 11:00:00,0.01368,0.01381,0.01366,0.01374,9243902
2026-02-21 11:15:00,0.01375,0.01383,0.01369,0.0137,7817927
2026-02-21 11:30:00,0.01369,0.0137,0.01364,0.01365,5965248
2026-02-21 11:45:00,0.01366,0.01373,0.01365,0.01373,2440176
2026-02-21 12:00:00,0.01372,0.01388,0.01372,0.01383,12396163
2026-02-21 12:15:00,0.01383,0.01384,0.01374,0.01376,5198880
2026-02-21 12:30:00,0.01376,0.01377,0.01365,0.01368,7076741
2026-02-21 12:45:00,0.01368,0.01371,0.01363,0.01371,7686012
2026-02-21 13:00:00,0.01371,0.01377,0.0137,0.01373,5883025
2026-02-21 13:15:00,0.01373,0.01383,0.01366,0.01371,11662240
2026-02-21 13:30:00,0.01371,0.01373,0.01363,0.01368,6443117
2026-02-21 13:45:00,0.01368,0.01389,0.01368,0.01388,7753750
2026-02-21 14:00:00,0.01388,0.01395,0.01375,0.01376,20827583
2026-02-21 14:15:00,0.01375,0.01379,0.01367,0.01368,8802677
2026-02-21 14:30:00,0.01367,0.01375,0.01366,0.01374,6578288
2026-02-21 14:45:00,0.01373,0.01375,0.01365,0.01369,4986191
2026-02-21 15:00:00,0.01368,0.0137,0.01361,0.01363,8444558
2026-02-21 15:15:00,0.01362,0.01366,0.0136,0.01362,6439012
2026-02-21 15:30:00,0.01361,0.01365,0.01359,0.0136,7568731
2026-02-21 15:45:00,0.0136,0.01369,0.01358,0.01366,4961737
2026-02-21 16:00:00,0.01366,0.01367,0.01354,0.01356,11958582
2026-02-21 16:15:00,0.01355,0.01358,0.01341,0.01346,21994623
2026-02-21 16:30:00,0.01346,0.01356,0.01345,0.01353,11993445
2026-02-21 16:45:00,0.01352,0.01353,0.01347,0.01349,5183198
2026-02-21 17:00:00,0.01349,0.01356,0.01347,0.01351,5774711
2026-02-21 17:15:00,0.01352,0.01358,0.01348,0.01356,8072178
2026-02-21 17:30:00,0.01356,0.01357,0.01345,0.01347,4875424
2026-02-21 17:45:00,0.01347,0.01349,0.01346,0.01348,3287696
2026-02-21 18:00:00,0.01348,0.0135,0.01343,0.01345,5387373
2026-02-21 18:15:00,0.01345,0.0135,0.01342,0.01343,4540042
2026-02-21 18:30:00,0.01344,0.01348,0.01342,0.01346,3740717
2026-02-21 18:45:00,0.01347,0.01352,0.01345,0.0135,3970351
2026-02-21 19:00:00,0.0135,0.01352,0.01344,0.01348,3558984
2026-02-21 19:15:00,0.01348,0.01349,0.01343,0.01348,3187376
2026-02-21 19:30:00,0.01347,0.01349,0.01346,0.01347,1987733
2026-02-21 19:45:00,0.01348,0.01349,0.01345,0.01346,2156703
2026-02-21 20:00:00,0.01347,0.01348,0.01334,0.01335,9768141
2026-02-21 20:15:00,0.01334,0.01341,0.01332,0.01333,5690984
2026-02-21 20:30:00,0.01334,0.01334,0.01326,0.01334,16306673
2026-02-21 20:45:00,0.01334,0.01334,0.01329,0.0133,4106178
2026-02-21 21:00:00,0.0133,0.01337,0.0133,0.01337,5633033
2026-02-21 21:15:00,0.01337,0.01343,0.01336,0.01341,5671201
2026-02-21 21:30:00,0.0134,0.01342,0.01338,0.0134,2619669
2026-02-21 21:45:00,0.01341,0.01345,0.0134,0.01345,2382302
2026-02-21 22:00:00,0.01345,0.01346,0.01335,0.01337,6131715
2026-02-21 22:15:00,0.01336,0.01339,0.01331,0.01337,7011368
2026-02-21 22:30:00,0.01336,0.01336,0.01328,0.01328,3273859
2026-02-21 22:45:00,0.01328,0.01332,0.01327,0.0133,3278418
2026-02-21 23:00:00,0.01331,0.01331,0.01318,0.01321,11425170
2026-02-21 23:15:00,0.01322,0.01327,0.01321,0.01326,3784422
2026-02-21 23:30:00,0.01325,0.01328,0.01323,0.01325,3249775
2026-02-21 23:45:00,0.01325,0.01329,0.01322,0.01328,6503401
2026-02-22 00:00:00,0.01327,0.0133,0.01323,0.01323,10835558
2026-02-22 00:15:00,0.01323,0.0133,0.01319,0.01322,9933039
2026-02-22 00:30:00,0.01322,0.01326,0.01314,0.01318,7636520
2026-02-22 00:45:00,0.01318,0.0134,0.01317,0.01337,10471760
2026-02-22 01:00:00,0.01337,0.01341,0.01332,0.01336,27557003
2026-02-22 01:15:00,0.01336,0.01337,0.01333,0.01335,3044626
2026-02-22 01:30:00,0.01335,0.0134,0.01331,0.01333,17497837
2026-02-22 01:45:00,0.01333,0.01333,0.01329,0.01332,5558603
2026-02-22 02:00:00,0.01332,0.01332,0.01325,0.01326,5228183
2026-02-22 02:15:00,0.01326,0.01326,0.01319,0.01321,5368223
2026-02-22 02:30:00,0.01321,0.01321,0.01312,0.01314,7574463
2026-02-22 02:45:00,0.01313,0.01315,0.01309,0.01312,12232415
2026-02-22 03:00:00,0.01312,0.01321,0.01311,0.01319,6687806
2026-02-22 03:15:00,0.01319,0.01325,0.01312,0.01324,7152237
2026-02-22 03:30:00,0.01323,0.01326,0.01322,0.01326,3884374
2026-02-22 03:45:00,0.01326,0.01326,0.0132,0.01322,2614816
2026-02-22 04:00:00,0.01322,0.01323,0.01317,0.01319,4381595
2026-02-22 04:15:00,0.01318,0.01319,0.01314,0.01314,2036254
2026-02-22 04:30:00,0.01314,0.0132,0.01314,0.0132,5083710
2026-02-22 04:45:00,0.0132,0.01323,0.0132,0.01323,1151495
2026-02-22 05:00:00,0.01323,0.01326,0.01319,0.01322,4247985
2026-02-22 05:15:00,0.01322,0.0133,0.01322,0.01329,6698839
2026-02-22 05:30:00,0.01329,0.01329,0.01316,0.01318,10628626
2026-02-22 05:45:00,0.01317,0.01323,0.01316,0.0132,4552684
2026-02-22 06:00:00,0.01321,0.01323,0.01317,0.01318,4110137
2026-02-22 06:15:00,0.01318,0.01324,0.01315,0.01319,4738396
2026-02-22 06:30:00,0.01319,0.01324,0.01316,0.01321,5371850
2026-02-22 06:45:00,0.0132,0.01324,0.01319,0.01321,3158444
2026-02-22 07:00:00,0.01321,0.01321,0.01317,0.01319,3232629
2026-02-22 07:15:00,0.01319,0.01325,0.01318,0.01325,3383265
2026-02-22 07:30:00,0.01325,0.01335,0.01323,0.01334,9556177
2026-02-22 07:45:00,0.01334,0.01336,0.01331,0.01333,6499907
2026-02-22 08:00:00,0.01333,0.01334,0.01326,0.01329,6074922
2026-02-22 08:15:00,0.01329,0.01338,0.0132,0.01337,20823564
2026-02-22 08:30:00,0.01336,0.01345,0.01335,0.01337,14036047
2026-02-22 08:45:00,0.01338,0.01338,0.01331,0.01334,4362671
2026-02-22 09:00:00,0.01334,0.01338,0.01329,0.01333,5316259
2026-02-22 09:15:00,0.01333,0.01335,0.01329,0.01331,2615271
2026-02-22 09:30:00,0.01332,0.01334,0.0133,0.01334,3034665
2026-02-22 09:45:00,0.01333,0.01346,0.01332,0.01343,7452216
2026-02-22 10:00:00,0.01342,0.01346,0.01335,0.01343,5353216
2026-02-22 10:15:00,0.01343,0.01362,0.01342,0.01356,14613487
2026-02-22 10:30:00,0.01356,0.01363,0.01353,0.01355,11592689
2026-02-22 10:45:00,0.01355,0.01355,0.01342,0.01347,7957896
2026-02-22 11:00:00,0.01347,0.0135,0.01344,0.01348,5094247
2026-02-22 11:15:00,0.01348,0.01349,0.01344,0.01349,3023661
2026-02-22 11:30:00,0.01348,0.01348,0.01331,0.01331,8566884
2026-02-22 11:45:00,0.01331,0.0134,0.0133,0.01335,7518080
2026-02-22 12:00:00,0.01335,0.01342,0.01322,0.01322,9347780
2026-02-22 12:15:00,0.01322,0.01328,0.0132,0.01321,5801521
2026-02-22 12:30:00,0.01322,0.01323,0.01315,0.01315,5688739
2026-02-22 12:45:00,0.01316,0.0132,0.01313,0.01317,6363136
2026-02-22 13:00:00,0.01317,0.0132,0.01309,0.01311,8432608
2026-02-22 13:15:00,0.01311,0.01314,0.01307,0.01312,5233109
2026-02-22 13:30:00,0.01311,0.01313,0.01304,0.01309,9357510
2026-02-22 13:45:00,0.01309,0.01313,0.01306,0.01311,9159939
2026-02-22 14:00:00,0.01312,0.01313,0.01305,0.01306,6293509
2026-02-22 14:15:00,0.01307,0.01308,0.01293,0.013,18061075
2026-02-22 14:30:00,0.013,0.01306,0.01297,0.01298,5867292
2026-02-22 14:45:00,0.01298,0.013,0.01293,0.01297,8001194
2026-02-22 15:00:00,0.01297,0.01299,0.01291,0.01294,9921093
2026-02-22 15:15:00,0.01294,0.01302,0.01291,0.01301,7407124
2026-02-22 15:30:00,0.01301,0.01302,0.01296,0.013,4897385
2026-02-22 15:45:00,0.013,0.013,0.01296,0.01298,3828172
2026-02-22 16:00:00,0.01298,0.01299,0.01292,0.01293,6252094
2026-02-22 16:15:00,0.01292,0.01297,0.01288,0.01293,10854539
2026-02-22 16:30:00,0.01292,0.01293,0.01288,0.01289,4340260
2026-02-22 16:45:00,0.01289,0.01295,0.01288,0.01293,3440753
2026-02-22 17:00:00,0.01292,0.01297,0.01292,0.01294,6361933
2026-02-22 17:15:00,0.01294,0.01304,0.01293,0.01299,10717869
2026-02-22 17:30:00,0.01298,0.01301,0.0129,0.01295,9524826
2026-02-22 17:45:00,0.01294,0.01298,0.01294,0.01295,2071194
2026-02-22 18:00:00,0.01295,0.01297,0.01283,0.01289,9692018
2026-02-22 18:15:00,0.01289,0.01292,0.01284,0.01286,11071487
2026-02-22 18:30:00,0.01285,0.01288,0.01283,0.01284,6784943
2026-02-22 18:45:00,0.01283,0.01285,0.01281,0.01283,3877110
2026-02-22 19:00:00,0.01283,0.01284,0.01277,0.01279,8351753
2026-02-22 19:15:00,0.01279,0.01283,0.01276,0.01279,5283502
2026-02-22 19:30:00,0.01278,0.0128,0.01276,0.01278,3157668
2026-02-22 19:45:00,0.01278,0.01282,0.01278,0.01279,4051895
2026-02-22 20:00:00,0.0128,0.01281,0.01274,0.01274,5543374
2026-02-22 20:15:00,0.01274,0.01284,0.01274,0.0128,12240932
2026-02-22 20:30:00,0.01279,0.01284,0.01277,0.01281,6452024
2026-02-22 20:45:00,0.01281,0.01284,0.01274,0.01277,6197856
2026-02-22 21:00:00,0.01277,0.01279,0.01267,0.01272,14449224
2026-02-22 21:15:00,0.01271,0.01274,0.01263,0.01266,8276350
2026-02-22 21:30:00,0.01264,0.01272,0.01263,0.01271,6826340
2026-02-22 21:45:00,0.01271,0.01272,0.01264,0.01266,4226903
2026-02-22 22:00:00,0.01265,0.01269,0.01259,0.01262,7504614
2026-02-22 22:15:00,0.01263,0.01266,0.01258,0.01259,5215731
2026-02-22 22:30:00,0.0126,0.01263,0.01256,0.01263,5144807
2026-02-22 22:45:00,0.01262,0.01268,0.01262,0.01268,4428970
2026-02-22 23:00:00,0.01268,0.01275,0.01267,0.01271,6986772
2026-02-22 23:15:00,0.0127,0.01276,0.01266,0.01275,3701406
2026-02-22 23:30:00,0.01276,0.0128,0.0127,0.0127,6487882
2026-02-22 23:45:00,0.01271,0.01276,0.0127,0.01274,3119617
2026-02-23 00:00:00,0.01273,0.01274,0.01265,0.01269,5016045
2026-02-23 00:15:00,0.01269,0.01271,0.01259,0.01261,3976842
2026-02-23 00:30:00,0.01261,0.01261,0.0125,0.01255,13367859
2026-02-23 00:45:00,0.01255,0.01261,0.01249,0.01251,6689174
2026-02-23 01:00:00,0.01251,0.01252,0.01226,0.01228,62586188
2026-02-23 01:15:00,0.01227,0.01228,0.012,0.0121,45525751
2026-02-23 01:30:00,0.0121,0.01213,0.01203,0.01209,24395339
2026-02-23 01:45:00,0.01209,0.01211,0.01194,0.01197,31688603
2026-02-23 02:00:00,0.01197,0.01202,0.01191,0.01197,24671672
2026-02-23 02:15:00,0.01197,0.01201,0.01192,0.01198,9633725
2026-02-23 02:30:00,0.01198,0.01204,0.01195,0.01196,10070402
2026-02-23 02:45:00,0.01197,0.01199,0.01186,0.01198,16946145
2026-02-23 03:00:00,0.01197,0.01207,0.01197,0.01203,8995741
2026-02-23 03:15:00,0.01204,0.01204,0.01189,0.0119,8097885
2026-02-23 03:30:00,0.0119,0.01195,0.01188,0.01194,5788648
2026-02-23 03:45:00,0.01194,0.01196,0.01189,0.01189,6342440
2026-02-23 04:00:00,0.0119,0.01192,0.01181,0.01185,18085264
2026-02-23 04:15:00,0.01185,0.01186,0.01176,0.01179,13482296
2026-02-23 04:30:00,0.0118,0.01188,0.01179,0.01186,8027910
2026-02-23 04:45:00,0.01185,0.01193,0.01184,0.01189,6186002
2026-02-23 05:00:00,0.01189,0.01209,0.01188,0.01203,15324779
2026-02-23 05:15:00,0.01204,0.01216,0.01203,0.01211,13579765
2026-02-23 05:30:00,0.01211,0.01217,0.01211,0.01215,9266269
2026-02-23 05:45:00,0.01215,0.01215,0.01207,0.01209,4779283
2026-02-23 06:00:00,0.01209,0.01242,0.01208,0.01242,19883717
2026-02-23 06:15:00,0.01241,0.01241,0.01231,0.01235,20863801
2026-02-23 06:30:00,0.01236,0.01237,0.01225,0.01226,10922904
2026-02-23 06:45:00,0.01226,0.01233,0.01226,0.01231,5854748
2026-02-23 07:00:00,0.01231,0.01238,0.0123,0.01232,11165149
2026-02-23 07:15:00,0.01232,0.01233,0.01225,0.01226,7023610
2026-02-23 07:30:00,0.01225,0.01238,0.01224,0.01231,15558572
2026-02-23 07:45:00,0.0123,0.01235,0.01228,0.01232,9660533
2026-02-23 08:00:00,0.01232,0.01232,0.01225,0.01228,10931724
2026-02-23 08:15:00,0.01229,0.01229,0.01225,0.01226,3134951
2026-02-23 08:30:00,0.01226,0.0123,0.01219,0.01224,12235815
2026-02-23 08:45:00,0.01225,0.01226,0.01217,0.01219,5009003
2026-02-23 09:00:00,0.01219,0.01224,0.01219,0.01222,6234933
2026-02-23 09:15:00,0.01222,0.01223,0.01217,0.0122,3105992
2026-02-23 09:30:00,0.0122,0.01232,0.01219,0.01228,9292234
2026-02-23 09:45:00,0.01228,0.01233,0.01226,0.01227,8236836
2026-02-23 10:00:00,0.01227,0.01233,0.01222,0.01224,9873421
2026-02-23 10:15:00,0.01224,0.01228,0.01221,0.01227,8279012
2026-02-23 10:30:00,0.01228,0.01231,0.01224,0.01227,4469495
2026-02-23 10:45:00,0.01227,0.01228,0.01224,0.01226,5010159
2026-02-23 11:00:00,0.01226,0.01227,0.01219,0.0122,5689822
2026-02-23 11:15:00,0.01221,0.01229,0.0122,0.01227,6461615
2026-02-23 11:30:00,0.01227,0.01228,0.01221,0.01222,2692022
2026-02-23 11:45:00,0.01221,0.01224,0.01217,0.01219,5163435
2026-02-23 12:00:00,0.01219,0.01221,0.01216,0.01218,6795335
2026-02-23 12:15:00,0.01219,0.0122,0.01212,0.01215,5342847
2026-02-23 12:30:00,0.01214,0.01225,0.01209,0.01222,9592290
2026-02-23 12:45:00,0.01223,0.0123,0.01221,0.01223,16224649
2026-02-23 13:00:00,0.01223,0.01228,0.0122,0.01221,13219465
2026-02-23 13:15:00,0.01222,0.01226,0.01218,0.01226,3259590
2026-02-23 13:30:00,0.01226,0.01231,0.01224,0.01227,7723378
2026-02-23 13:45:00,0.01227,0.01228,0.01218,0.01218,5927099
2026-02-23 14:00:00,0.01218,0.0122,0.01213,0.01215,7306784
2026-02-23 14:15:00,0.01215,0.01215,0.01204,0.01206,10666683
2026-02-23 14:30:00,0.01206,0.01217,0.01206,0.01216,14100173
2026-02-23 14:45:00,0.01216,0.01219,0.0121,0.01212,6300398
2026-02-23 15:00:00,0.01212,0.01216,0.01202,0.01209,8913885
2026-02-23 15:15:00,0.01209,0.01215,0.01197,0.01199,14976616
2026-02-23 15:30:00,0.012,0.0121,0.01198,0.01206,8947561
2026-02-23 15:45:00,0.01207,0.01208,0.01197,0.012,9933219
2026-02-23 16:00:00,0.01199,0.012,0.0119,0.01193,22858765
2026-02-23 16:15:00,0.01193,0.0121,0.01193,0.01207,12863595
2026-02-23 16:30:00,0.01207,0.01209,0.01201,0.01203,5667193
2026-02-23 16:45:00,0.01202,0.01203,0.01196,0.01199,4818950
2026-02-23 17:00:00,0.01199,0.01201,0.01189,0.01193,9023188
2026-02-23 17:15:00,0.01192,0.01196,0.01189,0.0119,11049165
2026-02-23 17:30:00,0.01189,0.0119,0.01177,0.01187,17585220
2026-02-23 17:45:00,0.01186,0.01197,0.0118,0.01197,12494855
2026-02-23 18:00:00,0.01198,0.01202,0.01192,0.012,11382443
2026-02-23 18:15:00,0.012,0.01213,0.01199,0.01211,10512192
2026-02-23 18:30:00,0.01212,0.01218,0.01206,0.01215,14374824
2026-02-23 18:45:00,0.01216,0.01216,0.01207,0.01208,8792708
2026-02-23 19:00:00,0.01208,0.01215,0.01208,0.01209,8435381
2026-02-23 19:15:00,0.0121,0.01213,0.01206,0.0121,5725896
2026-02-23 19:30:00,0.0121,0.01213,0.01202,0.01203,7425848
2026-02-23 19:45:00,0.01204,0.01206,0.01194,0.01203,10660589
2026-02-23 20:00:00,0.01204,0.01209,0.012,0.01203,6330339
2026-02-23 20:15:00,0.01203,0.01207,0.012,0.01204,2992101
2026-02-23 20:30:00,0.01204,0.01223,0.01204,0.01218,23109672
2026-02-23 20:45:00,0.01218,0.01236,0.01216,0.01232,10853251
2026-02-23 21:00:00,0.01231,0.01239,0.01229,0.01233,10693963
2026-02-23 21:15:00,0.01234,0.01234,0.01224,0.01226,5716544
2026-02-23 21:30:00,0.01226,0.01231,0.01225,0.01225,4526620
2026-02-23 21:45:00,0.01226,0.01232,0.01225,0.01231,3464335
2026-02-23 22:00:00,0.01231,0.01235,0.01227,0.01232,5445747
2026-02-23 22:15:00,0.01232,0.01237,0.01232,0.01235,3345623
2026-02-23 22:30:00,0.01234,0.01242,0.01234,0.01236,6099703
2026-02-23 22:45:00,0.01235,0.0124,0.01234,0.01238,2308293
2026-02-23 23:00:00,0.01239,0.01243,0.01236,0.01237,6229339
2026-02-23 23:15:00,0.01238,0.01238,0.01231,0.01235,5038838
2026-02-23 23:30:00,0.01236,0.01236,0.01223,0.01225,7879103
2026-02-23 23:45:00,0.01225,0.01226,0.01218,0.01225,4706229
2026-02-24 00:00:00,0.01224,0.01228,0.01213,0.01221,7130831
2026-02-24 00:15:00,0.0122,0.01225,0.0122,0.01223,3757993
2026-02-24 00:30:00,0.01222,0.01226,0.01217,0.01224,4291561
2026-02-24 00:45:00,0.01223,0.01226,0.01222,0.01223,2326030
2026-02-24 01:00:00,0.01222,0.01223,0.01207,0.01212,15001888
2026-02-24 01:15:00,0.01212,0.01228,0.01194,0.01226,44964844
2026-02-24 01:30:00,0.01225,0.01229,0.01219,0.01223,16596829
2026-02-24 01:45:00,0.01223,0.01227,0.01218,0.01222,3501454
2026-02-24 02:00:00,0.01221,0.01227,0.01218,0.01224,6489647
2026-02-24 02:15:00,0.01224,0.01226,0.01219,0.01224,3650020
2026-02-24 02:30:00,0.01224,0.01226,0.01212,0.01213,4812937
2026-02-24 02:45:00,0.01213,0.01215,0.01211,0.01213,3744283
2026-02-24 03:00:00,0.01213,0.01213,0.01203,0.01207,12360267
2026-02-24 03:15:00,0.01207,0.01216,0.01204,0.01213,7654411
2026-02-24 03:30:00,0.01212,0.01217,0.01211,0.01217,2778928
2026-02-24 03:45:00,0.01217,0.01222,0.01212,0.01221,7187487
2026-02-24 04:00:00,0.01221,0.01224,0.01209,0.01215,12168451
2026-02-24 04:15:00,0.01215,0.01219,0.01207,0.01215,9264508
2026-02-24 04:30:00,0.01215,0.01215,0.01206,0.01207,7959084
2026-02-24 04:45:00,0.01207,0.01209,0.012,0.01207,5280636
2026-02-24 05:00:00,0.01206,0.01211,0.01204,0.01207,5008664
2026-02-24 05:15:00,0.01206,0.01207,0.01188,0.01194,11838759
2026-02-24 05:30:00,0.01194,0.01196,0.01189,0.01193,5630583
2026-02-24 05:45:00,0.01192,0.01197,0.01192,0.01197,3836472
2026-02-24 06:00:00,0.01196,0.012,0.01194,0.01198,6851937
2026-02-24 06:15:00,0.01198,0.01201,0.01197,0.01198,2162753
2026-02-24 06:30:00,0.01198,0.01204,0.01197,0.01202,3831779
2026-02-24 06:45:00,0.01201,0.01202,0.01189,0.01192,4720449
2026-02-24 07:00:00,0.01193,0.01198,0.01189,0.01197,5586209
2026-02-24 07:15:00,0.01197,0.01203,0.01194,0.01203,4255869
2026-02-24 07:30:00,0.01202,0.01206,0.01192,0.01194,6594813
2026-02-24 07:45:00,0.01194,0.01205,0.01193,0.01205,6561235
2026-02-24 08:00:00,0.01205,0.01206,0.01198,0.01205,9248576
2026-02-24 08:15:00,0.01204,0.01208,0.01202,0.01208,5568286
2026-02-24 08:30:00,0.01208,0.01209,0.012,0.01203,4648360
2026-02-24 08:45:00,0.01202,0.01203,0.01197,0.01197,3432716
2026-02-24 09:00:00,0.01196,0.01197,0.01188,0.0119,11689613
2026-02-24 09:15:00,0.01191,0.01192,0.0118,0.01183,10225152
2026-02-24 09:30:00,0.01183,0.01187,0.01178,0.01187,6735694
2026-02-24 09:45:00,0.01186,0.01198,0.01182,0.01195,7999639
2026-02-24 10:00:00,0.01195,0.01197,0.01192,0.01194,4212288
2026-02-24 10:15:00,0.01193,0.01196,0.0119,0.01192,4529848
2026-02-24 10:30:00,0.01192,0.01194,0.01189,0.01192,5805140
2026-02-24 10:45:00,0.01192,0.01192,0.01184,0.01187,6855492
2026-02-24 11:00:00,0.01188,0.01191,0.01187,0.01191,3627565
2026-02-24 11:15:00,0.0119,0.01192,0.01189,0.01192,1706936
2026-02-24 11:30:00,0.01192,0.01194,0.01188,0.01192,3107016
2026-02-24 11:45:00,0.01191,0.01196,0.01188,0.01196,6220889
2026-02-24 12:00:00,0.01196,0.01199,0.01194,0.01198,7221155
2026-02-24 12:15:00,0.01198,0.01204,0.01196,0.01202,6133646
2026-02-24 12:30:00,0.01202,0.01203,0.01193,0.01194,2869184
2026-02-24 12:45:00,0.01194,0.01195,0.0119,0.01193,4082971
2026-02-24 13:00:00,0.01193,0.01194,0.01186,0.01191,6227637
2026-02-24 13:15:00,0.01191,0.01191,0.01186,0.01189,4844289
2026-02-24 13:30:00,0.01188,0.01212,0.01181,0.01209,21487664
2026-02-24 13:45:00,0.01208,0.01214,0.01205,0.0121,17622595
2026-02-24 14:00:00,0.01209,0.0121,0.012,0.01205,13358831
2026-02-24 14:15:00,0.01204,0.01207,0.01198,0.01204,9043257
2026-02-24 14:30:00,0.01203,0.01214,0.01194,0.0121,12502666
2026-02-24 14:45:00,0.0121,0.01225,0.0121,0.01221,12482013
2026-02-24 15:00:00,0.0122,0.01233,0.01216,0.01233,12126590
2026-02-24 15:15:00,0.01233,0.01242,0.01232,0.01241,19941651
2026-02-24 15:30:00,0.01241,0.01243,0.01232,0.01233,12662879
2026-02-24 15:45:00,0.01232,0.01234,0.01228,0.01233,7417314
2026-02-24 16:00:00,0.01233,0.01242,0.01232,0.01236,11895430
2026-02-24 16:15:00,0.01236,0.01253,0.01229,0.01247,19534747
2026-02-24 16:30:00,0.01247,0.01253,0.01227,0.0125,23632626
2026-02-24 16:45:00,0.0125,0.01266,0.01243,0.01263,45024575
2026-02-24 17:00:00,0.01264,0.01271,0.0125,0.01262,28779086
2026-02-24 17:15:00,0.01262,0.01266,0.01246,0.01246,23469138
2026-02-24 17:30:00,0.01246,0.01252,0.01245,0.01248,9056461
2026-02-24 17:45:00,0.01247,0.0126,0.01247,0.01258,13299651
2026-02-24 18:00:00,0.01257,0.01268,0.01253,0.01263,14149505
2026-02-24 18:15:00,0.01262,0.01267,0.01248,0.01256,27747858
2026-02-24 18:30:00,0.01257,0.01269,0.01256,0.01266,10919606
2026-02-24 18:45:00,0.01265,0.01275,0.01265,0.01272,12608513
2026-02-24 19:00:00,0.01271,0.0129,0.0127,0.01276,25959672
2026-02-24 19:15:00,0.01276,0.01278,0.01261,0.01263,19044732
2026-02-24 19:30:00,0.01264,0.01268,0.01261,0.01266,9239861
2026-02-24 19:45:00,0.01266,0.01272,0.01261,0.01264,13839201
2026-02-24 20:00:00,0.01264,0.01266,0.01256,0.01258,11759585
2026-02-24 20:15:00,0.01257,0.01261,0.01247,0.01252,10571803
2026-02-24 20:30:00,0.01252,0.01255,0.01247,0.01253,6668143
2026-02-24 20:45:00,0.01252,0.01259,0.01248,0.01253,9857684
2026-02-24 21:00:00,0.01253,0.01253,0.01241,0.01246,7944486
2026-02-24 21:15:00,0.01246,0.01247,0.01229,0.01235,17366612
2026-02-24 21:30:00,0.01234,0.01244,0.01234,0.01243,5135009
2026-02-24 21:45:00,0.01242,0.01246,0.0124,0.01242,6580123
2026-02-24 22:00:00,0.01242,0.01252,0.01239,0.01245,10310746
2026-02-24 22:15:00,0.01245,0.01248,0.01242,0.01248,2248766
2026-02-24 22:30:00,0.01247,0.01252,0.01246,0.01246,5347290
2026-02-24 22:45:00,0.01245,0.0125,0.0124,0.01243,4490479
2026-02-24 23:00:00,0.01243,0.01246,0.01238,0.01245,7207419
2026-02-24 23:15:00,0.01245,0.01248,0.01241,0.01248,2534612
2026-02-24 23:30:00,0.01247,0.01248,0.01243,0.01244,2630884
2026-02-24 23:45:00,0.01243,0.01245,0.01241,0.01241,3250347
2026-02-25 00:00:00,0.01242,0.01242,0.01232,0.01236,8414973
2026-02-25 00:15:00,0.01236,0.01244,0.01235,0.01239,5501032
2026-02-25 00:30:00,0.01239,0.01247,0.01238,0.01246,5090652
2026-02-25 00:45:00,0.01246,0.01248,0.01243,0.01244,3644242
2026-02-25 01:00:00,0.01244,0.01282,0.01243,0.01279,33922124
2026-02-25 01:15:00,0.01279,0.01296,0.01271,0.01292,17863858
2026-02-25 01:30:00,0.01293,0.01306,0.01288,0.01295,30808996
2026-02-25 01:45:00,0.01295,0.01306,0.01292,0.01301,14520015
2026-02-25 02:00:00,0.01301,0.01318,0.013,0.01314,20595217
2026-02-25 02:15:00,0.01314,0.01314,0.01301,0.01305,8840660
2026-02-25 02:30:00,0.01304,0.01305,0.0129,0.01295,16829126
2026-02-25 02:45:00,0.01296,0.01296,0.01286,0.0129,6153891
2026-02-25 03:00:00,0.01291,0.01292,0.01281,0.01284,11740285
2026-02-25 03:15:00,0.01284,0.01284,0.01271,0.01277,14489039
2026-02-25 03:30:00,0.01277,0.01283,0.01276,0.0128,5657678
2026-02-25 03:45:00,0.01281,0.01284,0.01273,0.01275,7157465
2026-02-25 04:00:00,0.01275,0.01275,0.01261,0.01266,11300082
2026-02-25 04:15:00,0.01266,0.01271,0.01261,0.01269,6846242
2026-02-25 04:30:00,0.0127,0.01275,0.01269,0.01274,4689431
2026-02-25 04:45:00,0.01273,0.01278,0.01273,0.01278,2730937
2026-02-25 05:00:00,0.01278,0.01278,0.01268,0.01277,13666208
2026-02-25 05:15:00,0.01277,0.01278,0.01267,0.01269,3576971
2026-02-25 05:30:00,0.01268,0.01273,0.01253,0.01259,14781204
2026-02-25 05:45:00,0.01259,0.01267,0.01258,0.01265,6522990
2026-02-25 06:00:00,0.01266,0.01277,0.01265,0.01276,5215622
2026-02-25 06:15:00,0.01275,0.01276,0.01266,0.01269,11733131
2026-02-25 06:30:00,0.01269,0.01278,0.01266,0.01276,8558818
2026-02-25 06:45:00,0.01276,0.01276,0.01266,0.01269,5787901
2026-02-25 07:00:00,0.01269,0.01272,0.01264,0.01269,7210181
2026-02-25 07:15:00,0.01269,0.01273,0.01267,0.01271,3125944
2026-02-25 07:30:00,0.0127,0.01275,0.01266,0.01269,5810926
2026-02-25 07:45:00,0.01269,0.01274,0.01268,0.01272,3357711
2026-02-25 08:00:00,0.01272,0.01274,0.01268,0.01273,6996726
2026-02-25 08:15:00,0.01272,0.01291,0.01272,0.01286,13441597
2026-02-25 08:30:00,0.01286,0.01291,0.01285,0.01288,7941486
2026-02-25 08:45:00,0.01288,0.0129,0.01285,0.0129,4114054
2026-02-25 09:00:00,0.01289,0.013,0.01286,0.01296,6925337
2026-02-25 09:15:00,0.01296,0.01301,0.01295,0.013,3783020
2026-02-25 09:30:00,0.01299,0.013,0.01295,0.01298,4758515
2026-02-25 09:45:00,0.01297,0.01305,0.01297,0.01305,4371978
2026-02-25 10:00:00,0.01304,0.01305,0.01294,0.01295,8373251
2026-02-25 10:15:00,0.01294,0.01295,0.01279,0.01282,16609961
2026-02-25 10:30:00,0.01282,0.01284,0.01273,0.01275,9406188
2026-02-25 10:45:00,0.01275,0.01279,0.0127,0.01273,9443901
2026-02-25 11:00:00,0.01273,0.01273,0.01267,0.01269,5494122
2026-02-25 11:15:00,0.01268,0.01276,0.01266,0.01273,4725992
2026-02-25 11:30:00,0.01272,0.0128,0.01271,0.01279,5920187
2026-02-25 11:45:00,0.01279,0.01283,0.01277,0.0128,5337146
2026-02-25 12:00:00,0.0128,0.01281,0.01277,0.01278,3542675
2026-02-25 12:15:00,0.01277,0.01291,0.01275,0.01286,11953115
2026-02-25 12:30:00,0.01286,0.01289,0.01274,0.01276,5833522
2026-02-25 12:45:00,0.01275,0.01284,0.01273,0.01279,11494651
2026-02-25 13:00:00,0.01279,0.01287,0.01278,0.0128,7507520
2026-02-25 13:15:00,0.01279,0.01281,0.01275,0.0128,4864648
2026-02-25 13:30:00,0.01279,0.01281,0.01272,0.01273,6181152
2026-02-25 13:45:00,0.01273,0.01283,0.01273,0.01278,12261186
2026-02-25 14:00:00,0.01279,0.01284,0.01276,0.01283,9646617
2026-02-25 14:15:00,0.01282,0.01283,0.01272,0.01276,8953100
2026-02-25 14:30:00,0.01276,0.01289,0.01274,0.01283,15901597
2026-02-25 14:45:00,0.01282,0.013,0.01282,0.01299,13452331
2026-02-25 15:00:00,0.01299,0.01305,0.0129,0.01294,15953952
2026-02-25 15:15:00,0.01294,0.01303,0.01293,0.013,9841838
2026-02-25 15:30:00,0.013,0.01311,0.01298,0.01309,10157061
2026-02-25 15:45:00,0.01309,0.0131,0.01286,0.01292,18002853
2026-02-25 16:00:00,0.01293,0.01302,0.01293,0.013,14208653
2026-02-25 16:15:00,0.013,0.01321,0.01295,0.01309,24948300
2026-02-25 16:30:00,0.01308,0.0131,0.01302,0.01305,6894731
2026-02-25 16:45:00,0.01305,0.01314,0.01305,0.01313,3248593
2026-02-25 17:00:00,0.01313,0.01325,0.01309,0.01323,15717656
2026-02-25 17:15:00,0.01323,0.01326,0.01319,0.01322,8917003
2026-02-25 17:30:00,0.0132,0.01322,0.01307,0.01309,16480582
2026-02-25 17:45:00,0.01309,0.01318,0.01308,0.01317,9695484
2026-02-25 18:00:00,0.01318,0.01319,0.01307,0.01313,7890589
2026-02-25 18:15:00,0.01313,0.01323,0.0131,0.01322,5359613
2026-02-25 18:30:00,0.01321,0.01327,0.01318,0.01326,4737041
2026-02-25 18:45:00,0.01325,0.01326,0.01321,0.01323,5186072
2026-02-25 19:00:00,0.01323,0.01324,0.01308,0.01311,11376215
2026-02-25 19:15:00,0.01311,0.01323,0.01311,0.01318,5842811
2026-02-25 19:30:00,0.01319,0.01324,0.01314,0.0132,8535285
2026-02-25 19:45:00,0.0132,0.01329,0.01318,0.01328,6318464
2026-02-25 20:00:00,0.01327,0.01333,0.01322,0.01323,16032443
2026-02-25 20:15:00,0.01322,0.01332,0.01316,0.0133,12145434
2026-02-25 20:30:00,0.01329,0.01342,0.01324,0.0133,21396847
2026-02-25 20:45:00,0.01329,0.01337,0.01324,0.01324,8156159
2026-02-25 21:00:00,0.01324,0.01326,0.01312,0.01314,11754014
2026-02-25 21:15:00,0.01313,0.01317,0.01308,0.0131,11907964
2026-02-25 21:30:00,0.0131,0.01337,0.01309,0.01323,29370227
2026-02-25 21:45:00,0.01323,0.01325,0.01316,0.01322,9704593
2026-02-25 22:00:00,0.01322,0.01334,0.01322,0.0133,8952397
2026-02-25 22:15:00,0.01329,0.01331,0.01321,0.01322,7856526
2026-02-25 22:30:00,0.01321,0.01322,0.01302,0.01308,14403341
2026-02-25 22:45:00,0.01308,0.01315,0.01298,0.0131,11552799
2026-02-25 23:00:00,0.0131,0.01315,0.01305,0.01314,7821248
2026-02-25 23:15:00,0.01314,0.01314,0.013,0.013,6323641
2026-02-25 23:30:00,0.013,0.013,0.0127,0.01273,23822447
2026-02-25 23:45:00,0.01274,0.01289,0.01272,0.01288,10168828
2026-02-26 00:00:00,0.01288,0.01292,0.01284,0.01289,9175618
2026-02-26 00:15:00,0.01289,0.01299,0.01288,0.01291,5316097
2026-02-26 00:30:00,0.0129,0.01296,0.01277,0.01286,8359438
2026-02-26 00:45:00,0.01286,0.0129,0.01283,0.01287,5247194
2026-02-26 01:00:00,0.01287,0.01299,0.01283,0.01297,6881878
2026-02-26 01:15:00,0.01297,0.01301,0.01293,0.01297,6013063
2026-02-26 01:30:00,0.01296,0.01299,0.01292,0.01293,5382937
2026-02-26 01:45:00,0.01292,0.01296,0.01288,0.01291,6929107
2026-02-26 02:00:00,0.01291,0.01292,0.01278,0.0128,10716251
2026-02-26 02:15:00,0.0128,0.01291,0.0128,0.01286,3969483
2026-02-26 02:30:00,0.01287,0.01299,0.01286,0.01298,7223175
2026-02-26 02:45:00,0.01298,0.01301,0.01295,0.01299,3907720
2026-02-26 03:00:00,0.01299,0.01303,0.01293,0.01296,9957244
2026-02-26 03:15:00,0.01296,0.01303,0.01294,0.01302,4272701
2026-02-26 03:30:00,0.01302,0.01311,0.01299,0.01303,10153446
2026-02-26 03:45:00,0.01302,0.01307,0.01299,0.01301,9765199
2026-02-26 04:00:00,0.01301,0.01312,0.01297,0.01302,5871461
2026-02-26 04:15:00,0.01302,0.01306,0.01294,0.01301,6654407
2026-02-26 04:30:00,0.01301,0.01316,0.01301,0.01308,9147439
2026-02-26 04:45:00,0.01309,0.01309,0.01302,0.01303,3875542
2026-02-26 05:00:00,0.01303,0.01303,0.01285,0.01285,6777805
2026-02-26 05:15:00,0.01285,0.01295,0.01278,0.01292,7062275
2026-02-26 05:30:00,0.01291,0.01294,0.01287,0.01291,3256473
2026-02-26 05:45:00,0.01291,0.01294,0.01287,0.01289,4438604
2026-02-26 06:00:00,0.01289,0.01296,0.01285,0.0129,6099369
2026-02-26 06:15:00,0.0129,0.01291,0.01284,0.01286,4045777
2026-02-26 06:30:00,0.01284,0.01287,0.0128,0.01285,5978980
2026-02-26 06:45:00,0.01285,0.01285,0.01278,0.0128,9044999
2026-02-26 07:00:00,0.0128,0.01286,0.01279,0.01282,9672881
2026-02-26 07:15:00,0.01282,0.01288,0.01279,0.01283,5095338
2026-02-26 07:30:00,0.01283,0.01284,0.01276,0.01276,4899102
2026-02-26 07:45:00,0.01277,0.01281,0.01275,0.0128,3975672
2026-02-26 08:00:00,0.0128,0.01285,0.01279,0.01285,4677302
2026-02-26 08:15:00,0.01284,0.01289,0.01279,0.01284,5039601
2026-02-26 08:30:00,0.01284,0.01287,0.01278,0.0128,3283884
2026-02-26 08:45:00,0.0128,0.01285,0.01276,0.01276,3739923
2026-02-26 09:00:00,0.01277,0.01292,0.01273,0.01287,9286054
2026-02-26 09:15:00,0.01286,0.01288,0.01281,0.01282,1628216
2026-02-26 09:30:00,0.01282,0.01293,0.0128,0.01291,5556187
2026-02-26 09:45:00,0.01291,0.01291,0.01283,0.01284,4551518
2026-02-26 10:00:00,0.01283,0.01286,0.01274,0.01274,5888954
2026-02-26 10:15:00,0.01274,0.01277,0.01268,0.01271,8944275
2026-02-26 10:30:00,0.01271,0.01274,0.01267,0.01268,5783418
2026-02-26 10:45:00,0.01268,0.01269,0.01259,0.01261,11699769
2026-02-26 11:00:00,0.01261,0.01269,0.0126,0.0126,10681988
2026-02-26 11:15:00,0.01259,0.0126,0.01253,0.01259,7892308
2026-02-26 11:30:00,0.01259,0.01282,0.01259,0.01275,11542040
2026-02-26 11:45:00,0.01275,0.0128,0.01272,0.01273,10888250
2026-02-26 12:00:00,0.01275,0.01282,0.01273,0.0128,6515494
2026-02-26 12:15:00,0.0128,0.01287,0.0128,0.01287,5384533
2026-02-26 12:30:00,0.01287,0.01295,0.01285,0.01289,6957875
2026-02-26 12:45:00,0.01289,0.01289,0.01284,0.01285,5352302
2026-02-26 13:00:00,0.01285,0.01285,0.01276,0.01278,4261064
2026-02-26 13:15:00,0.01277,0.01284,0.01276,0.01282,3983713
2026-02-26 13:30:00,0.01282,0.01287,0.01278,0.01284,3132035
2026-02-26 13:45:00,0.01284,0.01287,0.01276,0.01279,3412771
2026-02-26 14:00:00,0.01279,0.01281,0.01269,0.01274,10778996
2026-02-26 14:15:00,0.01275,0.01285,0.01271,0.0128,8953577
2026-02-26 14:30:00,0.0128,0.01284,0.01272,0.01273,9889933
2026-02-26 14:45:00,0.01272,0.01289,0.01267,0.01288,24335449
2026-02-26 15:00:00,0.01286,0.01288,0.01279,0.01283,5403290
2026-02-26 15:15:00,0.01283,0.01283,0.01268,0.01272,12156663
2026-02-26 15:30:00,0.01272,0.01279,0.01264,0.01276,9051872
2026-02-26 15:45:00,0.01276,0.01281,0.01268,0.01271,5592325
2026-02-26 16:00:00,0.01272,0.01273,0.01257,0.01258,9725679
2026-02-26 16:15:00,0.01258,0.01268,0.01257,0.01266,3530244
2026-02-26 16:30:00,0.01265,0.01266,0.01247,0.01251,10185131
2026-02-26 16:45:00,0.01252,0.01253,0.0123,0.01234,26648835
2026-02-26 17:00:00,0.01234,0.01247,0.01234,0.01242,14625215
2026-02-26 17:15:00,0.01242,0.01253,0.0124,0.01248,10379778
2026-02-26 17:30:00,0.01249,0.01251,0.01243,0.01244,4344005
2026-02-26 17:45:00,0.01245,0.01248,0.01243,0.01243,3492523
2026-02-26 18:00:00,0.01243,0.0125,0.01243,0.0125,2981995
2026-02-26 18:15:00,0.01249,0.01255,0.01248,0.01252,5455563
2026-02-26 18:30:00,0.01252,0.01263,0.01252,0.0126,7066760
2026-02-26 18:45:00,0.0126,0.01269,0.01259,0.01268,4752224
2026-02-26 19:00:00,0.01267,0.01286,0.01265,0.01272,19692683
2026-02-26 19:15:00,0.01272,0.01276,0.01269,0.01269,7510038
2026-02-26 19:30:00,0.0127,0.01273,0.01265,0.01268,4912216
2026-02-26 19:45:00,0.01268,0.01274,0.01265,0.0127,8506764
2026-02-26 20:00:00,0.0127,0.01272,0.01267,0.0127,3378414
2026-02-26 20:15:00,0.01269,0.01272,0.01263,0.01265,3092164
2026-02-26 20:30:00,0.01265,0.01265,0.01258,0.01259,3693453
2026-02-26 20:45:00,0.0126,0.01261,0.01254,0.01255,3262088
2026-02-26 21:00:00,0.01255,0.01257,0.01251,0.01255,4690835
2026-02-26 21:15:00,0.01255,0.01257,0.01254,0.01257,1151566
2026-02-26 21:30:00,0.01257,0.01258,0.01254,0.01257,2448979
2026-02-26 21:45:00,0.01257,0.01259,0.01254,0.01256,1998146
2026-02-26 22:00:00,0.01255,0.01261,0.01252,0.01255,7430308
2026-02-26 22:15:00,0.01255,0.01256,0.0125,0.01254,5717387
2026-02-26 22:30:00,0.01254,0.01261,0.01253,0.0126,1897884
2026-02-26 22:45:00,0.0126,0.01268,0.0126,0.01265,6587884
2026-02-26 23:00:00,0.01264,0.01276,0.01262,0.01275,7291437
2026-02-26 23:15:00,0.01275,0.01282,0.01273,0.01279,8048430
2026-02-26 23:30:00,0.01278,0.0128,0.01275,0.01279,4960519
2026-02-26 23:45:00,0.01278,0.01279,0.01273,0.01278,3105454
2026-02-27 00:00:00,0.01279,0.01284,0.01276,0.01277,9619686
2026-02-27 00:15:00,0.01278,0.01282,0.01276,0.01282,3341343
2026-02-27 00:30:00,0.01282,0.01288,0.01278,0.01286,8241568
2026-02-27 00:45:00,0.01285,0.01292,0.0128,0.01283,12250649
2026-02-27 01:00:00,0.01283,0.01287,0.01273,0.01282,7805629
2026-02-27 01:15:00,0.01282,0.01294,0.01281,0.01289,8269913
2026-02-27 01:30:00,0.01288,0.01296,0.01285,0.01292,13419091
2026-02-27 01:45:00,0.01292,0.01296,0.0129,0.01296,2472964
2026-02-27 02:00:00,0.01296,0.0131,0.01294,0.01307,19493944
2026-02-27 02:15:00,0.01307,0.01308,0.01302,0.01303,5325906
2026-02-27 02:30:00,0.01303,0.01306,0.01294,0.01295,8468826
2026-02-27 02:45:00,0.01295,0.01299,0.01291,0.01295,4021394
2026-02-27 03:00:00,0.01295,0.01306,0.01294,0.01297,8642434
2026-02-27 03:15:00,0.01297,0.013,0.01291,0.01293,4872423
2026-02-27 03:30:00,0.01293,0.01296,0.01289,0.01296,3783813
2026-02-27 03:45:00,0.01295,0.01296,0.0129,0.01293,3204193
2026-02-27 04:00:00,0.01293,0.01308,0.01293,0.01308,6245424
2026-02-27 04:15:00,0.01308,0.01321,0.01307,0.01317,22987134
2026-02-27 04:30:00,0.01317,0.01319,0.01307,0.01314,8585191
2026-02-27 04:45:00,0.01313,0.01329,0.01307,0.01322,12405114
2026-02-27 05:00:00,0.01322,0.0134,0.01322,0.01332,13660162
2026-02-27 05:15:00,0.01332,0.01339,0.01323,0.01337,5731384
2026-02-27 05:30:00,0.01337,0.01338,0.01323,0.0133,7501571
2026-02-27 05:45:00,0.0133,0.01334,0.01328,0.01331,4176779
2026-02-27 06:00:00,0.0133,0.01343,0.01329,0.01339,10304268
2026-02-27 06:15:00,0.01339,0.01348,0.01335,0.01344,9455039
2026-02-27 06:30:00,0.01344,0.01344,0.01339,0.01341,5107872
2026-02-27 06:45:00,0.01341,0.01343,0.01338,0.01339,4329151
2026-02-27 07:00:00,0.01338,0.0134,0.01328,0.01331,8485471
2026-02-27 07:15:00,0.01331,0.01333,0.0132,0.01324,11240400
2026-02-27 07:30:00,0.01324,0.01328,0.0132,0.01322,9299115
2026-02-27 07:45:00,0.01322,0.01331,0.01322,0.0133,3303874
2026-02-27 08:00:00,0.0133,0.01335,0.01327,0.01331,7581038
2026-02-27 08:15:00,0.01332,0.01333,0.01327,0.01331,2992529
2026-02-27 08:30:00,0.01331,0.01335,0.01326,0.01331,4743676
2026-02-27 08:45:00,0.01331,0.01341,0.01329,0.0134,2773833
2026-02-27 09:00:00,0.0134,0.0134,0.01333,0.01334,4249586
2026-02-27 09:15:00,0.01333,0.01334,0.01328,0.01333,3849558
2026-02-27 09:30:00,0.01333,0.01335,0.01325,0.01326,4949537
2026-02-27 09:45:00,0.01325,0.01327,0.01318,0.01321,8654667
2026-02-27 10:00:00,0.0132,0.01321,0.01305,0.01306,11301117
2026-02-27 10:15:00,0.01306,0.01315,0.01305,0.01311,8281221
2026-02-27 10:30:00,0.01311,0.0132,0.0131,0.01314,5627110
2026-02-27 10:45:00,0.01313,0.01315,0.01307,0.01312,6731512
2026-02-27 11:00:00,0.01312,0.01318,0.01311,0.01312,8521297
2026-02-27 11:15:00,0.01312,0.01313,0.01303,0.01309,5086614
2026-02-27 11:30:00,0.01308,0.01309,0.01285,0.01288,21977213
2026-02-27 11:45:00,0.01288,0.01296,0.01287,0.01293,10300660
2026-02-27 12:00:00,0.01292,0.01293,0.01284,0.01287,6866635
2026-02-27 12:15:00,0.01288,0.01291,0.01278,0.01283,6520493
2026-02-27 12:30:00,0.01284,0.01286,0.0128,0.01281,3442216
2026-02-27 12:45:00,0.01282,0.01286,0.01277,0.01285,4578838
2026-02-27 13:00:00,0.01285,0.01291,0.01284,0.01285,5702315
2026-02-27 13:15:00,0.01285,0.01287,0.01276,0.01277,4295520
2026-02-27 13:30:00,0.01277,0.01279,0.01266,0.01278,13795911
2026-02-27 13:45:00,0.01278,0.01283,0.01277,0.01281,4123090
2026-02-27 14:00:00,0.0128,0.01282,0.01275,0.01278,3589612
2026-02-27 14:15:00,0.01278,0.01279,0.0127,0.01275,11714310
2026-02-27 14:30:00,0.01274,0.01286,0.01274,0.0128,6714637
2026-02-27 14:45:00,0.0128,0.01284,0.01272,0.01273,5038999
2026-02-27 15:00:00,0.01272,0.01284,0.01272,0.01276,6937431
2026-02-27 15:15:00,0.01276,0.0128,0.0127,0.01277,4292702
2026-02-27 15:30:00,0.01277,0.01277,0.01269,0.01273,4574442
2026-02-27 15:45:00,0.01274,0.01281,0.01274,0.01275,4684265
2026-02-27 16:00:00,0.01275,0.01275,0.01262,0.01264,13324686
2026-02-27 16:15:00,0.01263,0.01271,0.0126,0.0127,7584688
2026-02-27 16:30:00,0.01269,0.01272,0.01261,0.01262,3581233
2026-02-27 16:45:00,0.01263,0.01266,0.01254,0.01257,8250359
2026-02-27 17:00:00,0.01257,0.01261,0.01251,0.01253,7004004
2026-02-27 17:15:00,0.01254,0.01258,0.01246,0.01248,8441826
2026-02-27 17:30:00,0.01248,0.01261,0.01246,0.01258,7847628
2026-02-27 17:45:00,0.01259,0.0127,0.01256,0.01268,7849637
2026-02-27 18:00:00,0.01269,0.0127,0.01265,0.01265,4840861
2026-02-27 18:15:00,0.01266,0.01268,0.01261,0.01265,3029348
2026-02-27 18:30:00,0.01265,0.01269,0.01263,0.01265,2724038
2026-02-27 18:45:00,0.01264,0.01264,0.01253,0.01255,4998899
2026-02-27 19:00:00,0.01255,0.01256,0.01245,0.01247,4622251
2026-02-27 19:15:00,0.01247,0.01248,0.01243,0.01245,6446788
2026-02-27 19:30:00,0.01244,0.01245,0.01234,0.01235,10781754
2026-02-27 19:45:00,0.01236,0.01242,0.01234,0.01239,4952410
2026-02-27 20:00:00,0.01239,0.01245,0.01239,0.01244,6857245
2026-02-27 20:15:00,0.01244,0.01247,0.01241,0.01244,4539827
2026-02-27 20:30:00,0.01245,0.0125,0.0124,0.01248,6186739
2026-02-27 20:45:00,0.01249,0.01252,0.01244,0.01245,4457564
2026-02-27 21:00:00,0.01245,0.01246,0.0124,0.01241,5043938
2026-02-27 21:15:00,0.01242,0.01244,0.01238,0.01243,3186322
2026-02-27 21:30:00,0.01242,0.01242,0.01235,0.01238,4353444
2026-02-27 21:45:00,0.01238,0.01239,0.01231,0.01233,5725734
2026-02-27 22:00:00,0.01234,0.01235,0.01227,0.01228,9395282
2026-02-27 22:15:00,0.01229,0.01231,0.01223,0.01223,5093727
2026-02-27 22:30:00,0.01223,0.01228,0.01211,0.01227,21285114
2026-02-27 22:45:00,0.01227,0.01231,0.01225,0.01229,4104604
2026-02-27 23:00:00,0.01229,0.01235,0.01227,0.01228,6561155
2026-02-27 23:15:00,0.01229,0.01238,0.01229,0.01236,4830413
2026-02-27 23:30:00,0.01236,0.01241,0.01234,0.01239,5999472
2026-02-27 23:45:00,0.01239,0.0124,0.01235,0.01237,3730490
